ts,q_usdt,best_ask,best_bid,ask_vwap,bid_vwap,mid,spread_pct,depth_ask_usdt,depth_bid_usdt,n_ask,n_bid
2026-10-06 00:00:34+00:00,1000.0000,11.9900,11.9600,11.9900,11.9497,11.9698,0.3370,612877.2900,1913106.3800,100,100
2026-10-06 00:01:34+00:00,1000.0000,11.9900,11.9600,11.9900,11.9502,11.9701,0.3322,797999.5100,1904717.0400,100,100
2026-10-06 00:02:34+00:00,1000.0000,11.9900,11.9600,11.9900,11.9502,11.9701,0.3322,790247.5200,1899780.8700,100,100
2026-10-06 00:03:34+00:00,1000.0000,11.9900,11.9600,11.9900,11.9502,11.9701,0.3322,737803.8400,1907039.2400,100,100
2026-10-06 00:04:34+00:00,1000.0000,11.9900,11.9600,11.9900,11.9502,11.9701,0.3322,763546.1100,1915092.6900,100,100
2026-10-06 00:05:34+00:00,1000.0000,11.9800,11.9600,11.9800,11.9502,11.9651,0.2488,753311.9000,1838816.1400,100,100
2026-10-06 00:06:34+00:00,1000.0000,11.9900,11.9600,11.9900,11.9502,11.9701,0.3322,770092.1900,2011300.2700,100,100
2026-10-06 00:07:34+00:00,1000.0000,11.9900,11.9600,11.9900,11.9502,11.9701,0.3322,784286.0500,2033598.5400,100,100
2026-10-06 00:08:34+00:00,1000.0000,11.9900,11.9600,11.9900,11.9502,11.9701,0.3322,807616.9300,2016063.7400,100,100
2026-10-06 00:09:34+00:00,1000.0000,11.9900,11.9600,11.9900,11.9502,11.9701,0.3322,785116.9600,1889722.2700,100,100
2026-10-06 00:10:34+00:00,1000.0000,11.9900,11.9600,11.9900,11.9502,11.9701,0.3322,769609.5300,1966846.2100,100,100
2026-10-06 00:11:34+00:00,1000.0000,11.9900,11.9600,11.9900,11.9502,11.9701,0.3322,769774.2200,1736074.1700,100,100
2026-10-06 00:12:34+00:00,1000.0000,11.9900,11.9600,11.9900,11.9502,11.9701,0.3322,767532.2900,1722039.9100,100,100
2026-10-06 00:13:34+00:00,1000.0000,11.9800,11.9600,11.9800,11.9502,11.9651,0.2488,724302.2800,1748365.1600,100,100
2026-10-06 00:14:34+00:00,1000.0000,11.9800,11.9600,11.9850,11.9502,11.9676,0.2907,719813.7600,1898002.7100,100,100
2026-10-06 00:15:34+00:00,1000.0000,11.9900,11.9600,11.9900,11.9502,11.9701,0.3322,723209.2300,1895807.0500,100,100
2026-10-06 00:16:34+00:00,1000.0000,11.9900,11.9600,11.9900,11.9502,11.9701,0.3322,532681.2600,1796071.5100,100,100
2026-10-06 00:17:34+00:00,1000.0000,11.9900,11.9600,11.9900,11.9502,11.9701,0.3322,528533.0100,1879841.9300,100,100
2026-10-06 00:18:34+00:00,1000.0000,11.9800,11.9600,11.9800,11.9502,11.9651,0.2488,549746.5900,1940775.7400,100,100
2026-10-06 00:19:34+00:00,1000.0000,11.9800,11.9600,11.9800,11.9502,11.9651,0.2488,532299.1700,2012503.7900,100,100
2026-10-06 00:20:34+00:00,1000.0000,11.9800,11.9600,11.9800,11.9502,11.9651,0.2488,572012.3900,2086803.0800,100,100
2026-10-06 00:21:34+00:00,1000.0000,11.9800,11.9600,11.9800,11.9502,11.9651,0.2488,547040.9900,2123545.1600,100,100
2026-10-06 00:22:34+00:00,1000.0000,11.9800,11.9600,11.9800,11.9502,11.9651,0.2488,720707.2900,2194904.3000,100,100
2026-10-06 00:23:34+00:00,1000.0000,11.9800,11.9600,11.9800,11.9502,11.9651,0.2488,709934.7600,2103551.7700,100,100
2026-10-06 00:24:34+00:00,1000.0000,11.9800,11.9600,11.9800,11.9502,11.9651,0.2488,705193.0900,2097690.9300,100,100
2026-10-06 00:25:34+00:00,1000.0000,11.9800,11.9600,11.9800,11.9502,11.9651,0.2488,725647.3400,2095056.2900,100,100
2026-10-06 00:26:34+00:00,1000.0000,11.9800,11.9600,11.9800,11.9502,11.9651,0.2488,718737.6300,2029427.3800,100,100
2026-10-06 00:27:34+00:00,1000.0000,11.9800,11.9600,11.9800,11.9502,11.9651,0.2488,706162.7300,2032862.0400,100,100
2026-10-06 00:28:34+00:00,1000.0000,11.9800,11.9600,11.9800,11.9502,11.9651,0.2488,708094.0200,1977098.4400,100,100
2026-10-06 00:29:34+00:00,1000.0000,11.9800,11.9600,11.9800,11.9502,11.9651,0.2488,708185.9400,1971749.0000,100,100
2026-10-06 00:30:34+00:00,1000.0000,11.9800,11.9600,11.9800,11.9502,11.9651,0.2488,709099.8800,1974809.9900,100,100
2026-10-06 00:31:34+00:00,1000.0000,11.9800,11.9600,11.9800,11.9502,11.9651,0.2488,765109.6300,1990338.4100,100,100
2026-10-06 00:32:34+00:00,1000.0000,11.9800,11.9600,11.9800,11.9502,11.9651,0.2488,722370.2500,1874023.0500,100,100
2026-10-06 00:33:34+00:00,1000.0000,11.9800,11.9600,11.9800,11.9502,11.9651,0.2488,701751.6300,1798143.3800,100,100
2026-10-06 00:34:34+00:00,1000.0000,11.9800,11.9600,11.9800,11.9410,11.9605,0.3264,803146.2900,1715856.8700,100,100
2026-10-06 00:35:34+00:00,1000.0000,11.9800,11.9600,11.9800,11.9502,11.9651,0.2488,691230.0400,1725107.3000,100,100
2026-10-06 00:36:34+00:00,1000.0000,11.9800,11.9600,11.9800,11.9502,11.9651,0.2488,729585.1200,1787058.4900,100,100
2026-10-06 00:37:34+00:00,1000.0000,11.9800,11.9600,11.9800,11.9502,11.9651,0.2488,731604.3000,1734348.0400,100,100
2026-10-06 00:38:34+00:00,1000.0000,11.9800,11.9600,11.9800,11.9420,11.9610,0.3179,780405.9800,1618560.0300,100,100
2026-10-06 00:39:34+00:00,1000.0000,11.9800,11.9600,11.9800,11.9420,11.9610,0.3179,852033.9600,1634327.6900,100,100
2026-10-06 00:40:34+00:00,1000.0000,11.9700,11.9600,11.9700,11.9420,11.9560,0.2344,842769.5600,1782943.6600,100,100
2026-10-06 00:41:34+00:00,1000.0000,11.9700,11.9600,11.9700,11.9420,11.9560,0.2344,856972.4600,2001003.9700,100,100
2026-10-06 00:42:34+00:00,1000.0000,11.9700,11.9500,11.9700,11.9416,11.9558,0.2373,869482.6200,1909514.0100,100,100
2026-10-06 00:43:34+00:00,1000.0000,11.9700,11.9500,11.9700,11.9500,11.9600,0.1672,836816.4100,1939252.7300,100,100
2026-10-06 00:44:34+00:00,1000.0000,11.9700,11.9500,11.9700,11.9500,11.9600,0.1672,717032.5100,1968713.4400,100,100
2026-10-06 00:45:34+00:00,1000.0000,11.9700,11.9500,11.9716,11.9464,11.9590,0.2103,689416.0000,2144856.2000,100,100
2026-10-06 00:46:34+00:00,1000.0000,11.9700,11.9500,11.9716,11.9464,11.9590,0.2103,693914.9100,2225186.9000,100,100
2026-10-06 00:47:34+00:00,1000.0000,11.9700,11.9500,11.9716,11.9464,11.9590,0.2103,839425.5600,2301845.0700,100,100
2026-10-06 00:48:34+00:00,1000.0000,11.9700,11.9500,11.9716,11.9464,11.9590,0.2103,768604.2400,2143127.9800,100,100
2026-10-06 00:49:34+00:00,1000.0000,11.9700,11.9500,11.9716,11.9500,11.9608,0.1806,766676.4700,2148885.3900,100,100
2026-10-06 00:50:34+00:00,1000.0000,11.9700,11.9500,11.9716,11.9500,11.9608,0.1806,741719.0400,2144467.1800,100,100
2026-10-06 00:51:34+00:00,1000.0000,11.9700,11.9500,11.9726,11.9500,11.9613,0.1889,718793.8500,2271886.0200,100,100
2026-10-06 00:52:34+00:00,1000.0000,11.9700,11.9500,11.9726,11.9500,11.9613,0.1889,716787.3200,2258839.1200,100,100
2026-10-06 00:53:34+00:00,1000.0000,11.9700,11.9500,11.9726,11.9500,11.9613,0.1889,705330.5600,2149405.0000,100,100
2026-10-06 00:54:34+00:00,1000.0000,11.9700,11.9500,11.9726,11.9500,11.9613,0.1889,760010.1900,2285443.8300,100,100
2026-10-06 00:55:34+00:00,1000.0000,11.9700,11.9500,11.9727,11.9500,11.9614,0.1900,762102.8900,2405625.2200,100,100
2026-10-06 00:56:34+00:00,1000.0000,11.9700,11.9600,11.9727,11.9502,11.9614,0.1886,775099.2700,2327800.5000,100,100
2026-10-06 00:57:34+00:00,1000.0000,11.9700,11.9600,11.9727,11.9502,11.9614,0.1886,774884.1000,2596555.1900,100,100
2026-10-06 00:58:34+00:00,1000.0000,11.9700,11.9600,11.9727,11.9502,11.9614,0.1886,767369.9200,2577910.8200,100,100
2026-10-06 00:59:34+00:00,1000.0000,11.9700,11.9600,11.9727,11.9502,11.9614,0.1886,797156.1600,2573773.4100,100,100
2026-10-06 01:00:34+00:00,1000.0000,11.9700,11.9600,11.9727,11.9502,11.9614,0.1886,807555.9800,2525049.4700,100,100
2026-10-06 01:01:34+00:00,1000.0000,11.9700,11.9600,11.9727,11.9502,11.9614,0.1886,788786.6600,2589249.0300,100,100
2026-10-06 01:02:34+00:00,1000.0000,11.9700,11.9600,11.9791,11.9502,11.9646,0.2419,790327.2300,2500886.3600,100,100
2026-10-06 01:03:34+00:00,1000.0000,11.9700,11.9600,11.9771,11.9502,11.9636,0.2249,786270.0300,2471244.5500,100,100
2026-10-06 01:04:34+00:00,1000.0000,11.9700,11.9600,11.9771,11.9502,11.9636,0.2249,788428.0900,2577449.9100,100,100
2026-10-06 01:05:34+00:00,1000.0000,11.9700,11.9600,11.9771,11.9502,11.9636,0.2249,778303.6500,2467294.2700,100,100
2026-10-06 01:06:34+00:00,1000.0000,11.9600,11.9600,11.9745,11.9502,11.9623,0.2032,760445.2400,2413612.1500,100,100
2026-10-06 01:07:34+00:00,1000.0000,11.9600,11.9600,11.9746,11.9504,11.9625,0.2022,754486.3700,2256309.9300,100,100
2026-10-06 01:08:34+00:00,1000.0000,11.9600,11.9600,11.9746,11.9504,11.9625,0.2022,767971.2200,2356832.5700,100,100
2026-10-06 01:09:34+00:00,1000.0000,11.9600,11.9600,11.9746,11.9502,11.9624,0.2036,727986.0100,2359676.4000,100,100
2026-10-06 01:10:34+00:00,1000.0000,11.9600,11.9600,11.9736,11.9502,11.9619,0.1952,729574.9400,2357724.6300,100,100
2026-10-06 01:11:34+00:00,1000.0000,11.9600,11.9600,11.9736,11.9502,11.9619,0.1952,745103.3800,2255513.6500,100,100
2026-10-06 01:12:34+00:00,1000.0000,11.9600,11.9600,11.9736,11.9502,11.9619,0.1952,743857.5700,2044069.4800,100,100
2026-10-06 01:13:34+00:00,1000.0000,11.9600,11.9600,11.9746,11.9502,11.9624,0.2036,736077.7900,1933758.7800,100,100
2026-10-06 01:14:34+00:00,1000.0000,11.9600,11.9600,11.9746,11.9502,11.9624,0.2036,731557.3500,1838637.8900,100,100
2026-10-06 01:15:34+00:00,1000.0000,11.9600,11.9600,11.9800,11.9502,11.9651,0.2487,693347.8500,1906943.8600,100,100
2026-10-06 01:16:34+00:00,1000.0000,11.9600,11.9600,11.9748,11.9502,11.9625,0.2054,690818.7800,1916615.8300,100,100
2026-10-06 01:17:34+00:00,1000.0000,11.9700,11.9600,11.9729,11.9502,11.9616,0.1897,674186.7100,1887846.4400,100,100
2026-10-06 01:18:34+00:00,1000.0000,11.9700,11.9600,11.9742,11.9502,11.9622,0.2002,775738.2700,2011573.8500,100,100
2026-10-06 01:19:34+00:00,1000.0000,11.9700,11.9600,,11.9502,,,754615.8300,2106581.3100,100,100
2026-10-06 01:20:34+00:00,1000.0000,11.9700,11.9600,11.9753,11.9502,11.9628,0.2096,785095.1100,2106085.5200,100,100
2026-10-06 01:21:34+00:00,1000.0000,11.9700,11.9600,11.9730,11.9502,11.9616,0.1904,800942.7500,2098860.4500,100,100
2026-10-06 01:22:34+00:00,1000.0000,11.9600,11.9600,11.9652,11.9502,11.9577,0.1250,793991.4500,2098378.8100,100,100
2026-10-06 01:23:34+00:00,1000.0000,11.9600,11.9700,11.9652,11.9511,11.9581,0.1180,793555.2000,2176868.4600,100,100
2026-10-06 01:24:34+00:00,1000.0000,11.9600,11.9700,11.9652,11.9511,11.9581,0.1180,801971.0900,2103400.1100,100,100
2026-10-06 01:25:34+00:00,1000.0000,11.9600,11.9700,11.9652,11.9511,11.9581,0.1180,792845.2000,2100723.7200,100,100
2026-10-06 01:26:34+00:00,1000.0000,11.9600,11.9700,11.9652,11.9511,11.9581,0.1180,777276.0100,2091749.4000,100,100
2026-10-06 01:27:34+00:00,1000.0000,11.9600,11.9700,11.9652,11.9511,11.9581,0.1180,820047.2500,2126476.3600,100,100
2026-10-06 01:28:34+00:00,1000.0000,11.9700,11.9700,11.9781,11.9511,11.9646,0.2263,751197.4200,2169557.7600,100,100
2026-10-06 01:29:34+00:00,1000.0000,11.9700,11.9600,11.9811,11.9502,11.9657,0.2581,822038.8200,2169055.9800,100,100
2026-10-06 01:30:34+00:00,1000.0000,11.9700,11.9600,11.9846,11.9505,11.9676,0.2849,810847.6500,2245152.0500,100,100
2026-10-06 01:31:34+00:00,1000.0000,11.9700,11.9600,11.9846,11.9502,11.9674,0.2873,470569.7300,1974425.8800,100,100
2026-10-06 01:32:34+00:00,1000.0000,11.9700,11.9600,11.9846,11.9502,11.9674,0.2873,471046.5000,2069347.8100,100,100
2026-10-06 01:33:34+00:00,1000.0000,11.9700,11.9600,11.9846,11.9502,11.9674,0.2873,500961.6800,2073655.9500,100,100
2026-10-06 01:34:34+00:00,1000.0000,11.9700,11.9600,11.9854,11.9502,11.9678,0.2938,467182.3700,2067717.9000,100,100
2026-10-06 01:35:34+00:00,1000.0000,11.9700,11.9600,11.9854,11.9502,11.9678,0.2938,545148.6000,2087454.5300,100,100
2026-10-06 01:36:34+00:00,1000.0000,11.9700,11.9600,11.9872,11.9502,11.9687,0.3086,429539.2700,2017740.0100,100,100
2026-10-06 01:37:34+00:00,1000.0000,11.9700,11.9600,11.9872,11.9502,11.9687,0.3086,456998.2700,2014760.0100,100,100
2026-10-06 01:38:34+00:00,1000.0000,11.9700,11.9600,11.9872,11.9502,11.9687,0.3086,584951.4100,2007715.5800,100,100
2026-10-06 01:39:34+00:00,1000.0000,11.9700,11.9600,11.9872,11.9502,11.9687,0.3086,432370.7100,1951494.5100,100,100
2026-10-06 01:40:34+00:00,1000.0000,11.9700,11.9600,11.9888,11.9502,11.9695,0.3226,443563.3400,1949572.1600,100,100
2026-10-06 01:41:34+00:00,1000.0000,11.9700,11.9600,11.9888,11.9502,11.9695,0.3226,738144.5900,1933944.5100,100,100
2026-10-06 01:42:34+00:00,1000.0000,11.9700,11.9600,11.9888,11.9502,11.9695,0.3226,704024.1200,1922616.9200,100,100
2026-10-06 01:43:34+00:00,1000.0000,11.9700,11.9600,11.9889,11.9502,11.9696,0.3232,684207.5200,1935951.2800,100,100
2026-10-06 01:44:34+00:00,1000.0000,11.9700,11.9600,11.9889,11.9502,11.9696,0.3232,675901.7900,1928074.7200,100,100
2026-10-06 01:45:34+00:00,1000.0000,11.9900,11.9600,11.9900,11.9502,11.9701,0.3322,457473.0500,1960178.3100,100,100
2026-10-06 01:46:34+00:00,1000.0000,11.9900,11.9600,11.9900,11.9502,11.9701,0.3322,605495.0100,1724825.7900,100,100
2026-10-06 01:47:34+00:00,1000.0000,11.9800,11.9600,11.9883,11.9502,11.9693,0.3182,627746.8400,1711650.1000,100,100
2026-10-06 01:48:34+00:00,1000.0000,11.9800,11.9600,11.9883,11.9502,11.9693,0.3182,666436.5000,1945820.1200,100,100
2026-10-06 01:49:34+00:00,1000.0000,11.9800,11.9600,11.9800,11.9502,11.9651,0.2488,868863.6200,2175445.8600,100,100
2026-10-06 01:50:34+00:00,1000.0000,11.9800,11.9600,11.9883,11.9502,11.9693,0.3182,882107.7400,2173373.0000,100,100
2026-10-06 01:51:34+00:00,1000.0000,11.9800,11.9600,11.9883,11.9502,11.9693,0.3182,869374.7900,2155609.1000,100,100
2026-10-06 01:52:34+00:00,1000.0000,11.9800,11.9600,11.9800,11.9502,11.9651,0.2488,871921.9300,2183213.8400,100,100
2026-10-06 01:53:34+00:00,1000.0000,11.9800,11.9600,11.9800,11.9502,11.9651,0.2488,839650.4200,2161904.6200,100,100
2026-10-06 01:54:34+00:00,1000.0000,11.9800,11.9600,11.9800,11.9502,11.9651,0.2488,679470.3000,2342527.7600,100,100
2026-10-06 01:55:34+00:00,1000.0000,11.9800,11.9600,11.9800,11.9502,11.9651,0.2488,680712.8300,2236747.6100,100,100
2026-10-06 01:56:34+00:00,1000.0000,11.9800,11.9600,11.9800,11.9502,11.9651,0.2488,677019.4300,2235819.8700,100,100
2026-10-06 01:57:34+00:00,1000.0000,11.9800,11.9600,11.9835,11.9502,11.9669,0.2782,679775.2900,2339576.4100,100,100
2026-10-06 01:58:34+00:00,1000.0000,11.9700,11.9600,11.9816,11.9502,11.9659,0.2623,678517.9800,2361818.3100,100,100
2026-10-06 01:59:34+00:00,1000.0000,11.9700,11.9600,11.9872,11.9502,11.9687,0.3089,678045.0900,2383859.9000,100,100
2026-10-06 02:00:34+00:00,1000.0000,11.9700,11.9600,11.9872,11.9600,11.9736,0.2272,826995.3100,2378689.3300,100,100
2026-10-06 02:01:34+00:00,1000.0000,11.9700,11.9600,11.9872,11.9502,11.9687,0.3089,804964.1500,2382532.9400,100,100
2026-10-06 02:02:34+00:00,1000.0000,11.9700,11.9600,11.9872,11.9600,11.9736,0.2272,804770.1500,2455422.2800,100,100
2026-10-06 02:03:34+00:00,1000.0000,11.9700,11.9600,11.9872,11.9600,11.9736,0.2272,802590.8700,2453112.0900,100,100
2026-10-06 02:04:34+00:00,1000.0000,11.9700,11.9600,11.9872,11.9502,11.9687,0.3089,798668.5600,2455130.4200,100,100
2026-10-06 02:05:34+00:00,1000.0000,11.9700,11.9600,11.9872,11.9502,11.9687,0.3089,780568.2100,2452472.3700,100,100
2026-10-06 02:06:34+00:00,1000.0000,11.9700,11.9600,11.9872,11.9502,11.9687,0.3089,783479.0200,2450442.7600,100,100
2026-10-06 02:07:34+00:00,1000.0000,11.9800,11.9600,11.9876,11.9502,11.9689,0.3122,794726.3200,2551794.6100,100,100
2026-10-06 02:08:34+00:00,1000.0000,11.9800,11.9600,11.9876,11.9502,11.9689,0.3122,791137.7600,2693080.0100,100,100
2026-10-06 02:09:34+00:00,1000.0000,11.9800,11.9600,11.9800,11.9502,11.9651,0.2488,782282.5500,2698103.3500,100,100
2026-10-06 02:10:34+00:00,1000.0000,11.9800,11.9600,11.9807,11.9502,11.9655,0.2544,784461.3900,2699616.5400,100,100
2026-10-06 02:11:34+00:00,1000.0000,11.9800,11.9600,11.9872,11.9502,11.9687,0.3087,787521.2900,2588287.3300,100,100
2026-10-06 02:12:34+00:00,1000.0000,11.9800,11.9600,11.9872,11.9502,11.9687,0.3087,788468.2100,2583677.3900,100,100
2026-10-06 02:13:34+00:00,1000.0000,11.9800,11.9600,11.9869,11.9502,11.9686,0.3063,786194.2900,2582354.0300,100,100
2026-10-06 02:14:34+00:00,1000.0000,11.9800,11.9600,11.9869,11.9502,11.9686,0.3063,785759.4300,2581823.1100,100,100
2026-10-06 02:15:34+00:00,1000.0000,11.9800,11.9600,11.9869,11.9502,11.9686,0.3063,781548.5800,2581184.8400,100,100
2026-10-06 02:16:34+00:00,1000.0000,11.9800,11.9600,11.9884,11.9502,11.9693,0.3189,808852.1100,2580396.3800,100,100
2026-10-06 02:17:34+00:00,1000.0000,11.9900,11.9600,11.9900,11.9502,11.9701,0.3322,822297.2800,2706947.4500,100,100
2026-10-06 02:18:34+00:00,1000.0000,11.9900,11.9600,11.9900,11.9502,11.9701,0.3322,822477.5800,2689956.7500,100,100
2026-10-06 02:19:34+00:00,1000.0000,11.9900,11.9600,11.9900,11.9600,11.9750,0.2505,820639.3800,2630928.3700,100,100
2026-10-06 02:20:34+00:00,1000.0000,11.9900,11.9600,11.9900,11.9600,11.9750,0.2505,824344.7900,2680724.4400,100,100
2026-10-06 02:21:34+00:00,1000.0000,11.9900,11.9600,11.9900,11.9502,11.9701,0.3322,777351.3100,2389633.1400,100,100
2026-10-06 02:22:34+00:00,1000.0000,11.9900,11.9600,11.9900,11.9502,11.9701,0.3322,801181.9700,2428784.3600,100,100
2026-10-06 02:23:34+00:00,1000.0000,11.9900,11.9600,11.9900,11.9502,11.9701,0.3322,771864.8500,2406781.8900,100,100
2026-10-06 02:24:34+00:00,1000.0000,11.9800,11.9600,11.9885,11.9502,11.9694,0.3196,765311.6900,2391810.2100,100,100
2026-10-06 02:25:34+00:00,1000.0000,11.9800,12.0000,11.9885,11.9603,11.9744,0.2352,751846.1400,2440265.9500,100,100
2026-10-06 02:26:34+00:00,1000.0000,11.9800,11.9600,11.9885,11.9600,11.9742,0.2379,711139.6500,2518822.8700,100,100
2026-10-06 02:27:34+00:00,1000.0000,11.9800,11.9600,11.9885,11.9600,11.9742,0.2379,783205.2100,2500260.5000,100,100
2026-10-06 02:28:34+00:00,1000.0000,11.9800,11.9600,11.9885,11.9600,11.9742,0.2379,598917.6400,2141505.6000,100,100
2026-10-06 02:29:34+00:00,1000.0000,11.9800,11.9600,11.9887,11.9600,11.9743,0.2396,802299.3600,2420179.7200,100,100
2026-10-06 02:30:34+00:00,1000.0000,11.9800,11.9600,11.9895,11.9600,11.9748,0.2466,813272.3300,2363263.3200,100,100
2026-10-06 02:31:34+00:00,1000.0000,11.9800,11.9600,11.9895,11.9600,11.9748,0.2466,612077.7000,2062383.5000,100,100
2026-10-06 02:32:34+00:00,1000.0000,11.9800,11.9600,11.9910,11.9600,11.9755,0.2589,629883.5400,2152626.0800,100,100
2026-10-06 02:33:34+00:00,1000.0000,11.9800,11.9600,11.9921,11.9600,11.9761,0.2681,629858.5100,2366012.9700,100,100
2026-10-06 02:34:34+00:00,1000.0000,11.9800,11.9600,11.9925,11.9600,11.9762,0.2710,605968.0000,2151325.4600,100,100
2026-10-06 02:35:34+00:00,1000.0000,11.9800,11.9600,11.9889,11.9600,11.9745,0.2414,605632.0700,2148781.4300,100,100
2026-10-06 02:36:34+00:00,1000.0000,11.9800,11.9600,11.9889,11.9600,11.9745,0.2414,605653.1100,2148741.3100,100,100
2026-10-06 02:37:34+00:00,1000.0000,11.9800,11.9600,11.9946,11.9502,11.9724,0.3706,590491.9400,1994930.1600,100,100
2026-10-06 02:38:34+00:00,1000.0000,11.9800,11.9600,11.9902,11.9502,11.9702,0.3336,586928.3000,1892310.3500,100,100
2026-10-06 02:39:34+00:00,1000.0000,11.9800,11.9600,11.9946,11.9502,11.9724,0.3706,623929.6500,1783149.4800,100,100
2026-10-06 02:40:34+00:00,1000.0000,11.9800,11.9600,11.9946,11.9548,11.9747,0.3323,620090.6700,1782924.5500,100,100
2026-10-06 02:41:34+00:00,1000.0000,11.9800,11.9600,11.9946,11.9528,11.9737,0.3494,627377.5600,1817568.7900,100,100
2026-10-06 02:42:34+00:00,1000.0000,11.9900,11.9600,11.9923,11.9528,11.9726,0.3306,627645.0100,1817385.1200,100,100
2026-10-06 02:43:34+00:00,1000.0000,11.9900,11.9600,,11.9528,,,616099.7000,1881224.1300,100,100
2026-10-06 02:44:34+00:00,1000.0000,11.9900,11.9600,11.9952,11.9528,11.9740,0.3541,613308.1000,1813231.5900,100,100
2026-10-06 02:45:34+00:00,1000.0000,11.9800,11.9600,11.9896,11.9528,11.9712,0.3075,612470.0500,1887837.6600,100,100
2026-10-06 02:46:34+00:00,1000.0000,11.9800,11.9600,11.9896,11.9528,11.9712,0.3075,615079.6200,1962834.2200,100,100
2026-10-06 02:47:34+00:00,1000.0000,11.9800,11.9600,11.9896,11.9528,11.9712,0.3075,605205.4800,1928503.7600,100,100
2026-10-06 02:48:34+00:00,1000.0000,11.9800,11.9600,11.9960,11.9600,11.9780,0.3005,628832.7000,2028772.9000,100,100
2026-10-06 02:49:34+00:00,1000.0000,11.9800,11.9600,11.9960,11.9600,11.9780,0.3005,601132.5200,1917509.6400,100,100
2026-10-06 02:50:34+00:00,1000.0000,11.9800,11.9600,11.9960,11.9525,11.9743,0.3629,626075.2900,1843477.3400,100,100
2026-10-06 02:51:34+00:00,1000.0000,11.9800,11.9600,11.9960,11.9525,11.9743,0.3629,598455.1000,1841042.5300,100,100
2026-10-06 02:52:34+00:00,1000.0000,11.9900,11.9600,11.9900,11.9525,11.9713,0.3130,594852.2400,1840872.7600,100,100
2026-10-06 02:53:34+00:00,1000.0000,11.9900,11.9600,11.9900,11.9525,11.9713,0.3130,596568.7200,1849784.8500,100,100
2026-10-06 02:54:34+00:00,1000.0000,11.9900,11.9600,11.9968,11.9518,11.9743,0.3758,602163.1100,1839191.0200,100,100
2026-10-06 02:55:34+00:00,1000.0000,11.9900,11.9600,11.9968,11.9518,11.9743,0.3758,629618.3200,1837392.6200,100,100
2026-10-06 02:56:34+00:00,1000.0000,11.9900,11.9600,11.9971,11.9518,11.9745,0.3779,633552.3600,1787466.9600,100,100
2026-10-06 02:57:34+00:00,1000.0000,11.9900,11.9600,11.9971,11.9518,11.9745,0.3779,662801.9300,1943751.6500,100,100
2026-10-06 02:58:34+00:00,1000.0000,11.9900,11.9600,11.9900,11.9502,11.9701,0.3322,655459.6100,1953672.6600,100,100
2026-10-06 02:59:34+00:00,1000.0000,11.9900,11.9600,11.9938,11.9502,11.9720,0.3642,631062.0400,1952916.7700,100,100
2026-10-06 03:00:34+00:00,1000.0000,11.9900,11.9600,11.9938,11.9500,11.9719,0.3662,638295.8400,1954884.9600,100,100
2026-10-06 03:01:34+00:00,1000.0000,11.9900,11.9600,11.9983,11.9500,11.9741,0.4032,630223.8100,1951995.9900,100,100
2026-10-06 03:02:34+00:00,1000.0000,11.9900,11.9600,11.9983,11.9500,11.9741,0.4032,682745.7800,1951675.0500,100,100
2026-10-06 03:03:34+00:00,1000.0000,11.9900,11.9600,11.9958,11.9500,11.9729,0.3829,647752.3600,1955877.7300,100,100
2026-10-06 03:04:34+00:00,1000.0000,11.9900,11.9600,11.9900,11.9500,11.9700,0.3342,643998.5700,1856921.7200,100,100
2026-10-06 03:05:34+00:00,1000.0000,11.9900,11.9600,11.9900,11.9500,11.9700,0.3342,639762.3300,1941569.6400,100,100
2026-10-06 03:06:34+00:00,1000.0000,11.9900,11.9600,11.9900,11.9500,11.9700,0.3342,656406.4500,1866395.3700,100,100
2026-10-06 03:07:34+00:00,1000.0000,11.9800,11.9600,11.9896,11.9500,11.9698,0.3307,651633.7700,1797644.0900,100,100
2026-10-06 03:08:34+00:00,1000.0000,11.9800,11.9600,11.9896,11.9500,11.9698,0.3307,639152.2000,1797364.5500,100,100
2026-10-06 03:09:34+00:00,1000.0000,11.9800,11.9600,11.9897,11.9500,11.9698,0.3314,570102.7100,1798595.3700,100,100
2026-10-06 03:10:34+00:00,1000.0000,11.9800,11.9600,11.9897,11.9500,11.9698,0.3314,578992.4300,1802124.9700,100,100
2026-10-06 03:11:34+00:00,1000.0000,11.9800,11.9600,11.9909,11.9500,11.9704,0.3415,536882.8000,1802306.6800,100,100
2026-10-06 03:12:34+00:00,1000.0000,11.9800,11.9600,11.9926,11.9500,11.9713,0.3557,562231.0600,1801074.2600,100,100
2026-10-06 03:13:34+00:00,1000.0000,11.9800,11.9600,11.9927,11.9600,11.9763,0.2727,547617.4400,1876048.3500,100,100
2026-10-06 03:14:34+00:00,1000.0000,11.9800,11.9600,11.9902,11.9600,11.9751,0.2519,605978.0500,1928437.8600,100,100
2026-10-06 03:15:34+00:00,1000.0000,11.9800,11.9600,11.9902,11.9600,11.9751,0.2519,591103.5600,1961929.0500,100,100
2026-10-06 03:16:34+00:00,1000.0000,11.9800,11.9600,11.9902,11.9600,11.9751,0.2519,598849.9300,1962702.0300,100,100
2026-10-06 03:17:34+00:00,1000.0000,11.9800,11.9600,11.9887,11.9600,11.9743,0.2393,577139.8900,2042604.2700,100,100
2026-10-06 03:18:34+00:00,1000.0000,11.9800,11.9600,11.9887,11.9502,11.9694,0.3210,567383.9900,1911944.6100,100,100
2026-10-06 03:19:34+00:00,1000.0000,11.9800,11.9600,11.9887,11.9502,11.9694,0.3210,549842.7100,1911944.6100,100,100
2026-10-06 03:20:34+00:00,1000.0000,11.9800,11.9600,11.9887,11.9502,11.9694,0.3210,556687.1200,1911819.0900,100,100
2026-10-06 03:21:34+00:00,1000.0000,11.9800,11.9600,11.9887,11.9502,11.9694,0.3210,578337.3600,1897955.9100,100,100
2026-10-06 03:22:34+00:00,1000.0000,11.9800,11.9600,11.9887,11.9502,11.9694,0.3210,577046.2000,1896204.5200,100,100
2026-10-06 03:23:34+00:00,1000.0000,11.9800,11.9600,11.9887,11.9502,11.9694,0.3210,579068.6700,1890078.1400,100,100
2026-10-06 03:24:34+00:00,1000.0000,11.9800,11.9600,11.9887,11.9502,11.9694,0.3210,573050.6800,1888297.5700,100,100
2026-10-06 03:25:34+00:00,1000.0000,11.9800,11.9600,11.9887,11.9502,11.9694,0.3210,598111.0100,2085353.1300,100,100
2026-10-06 03:26:34+00:00,1000.0000,11.9800,11.9600,11.9897,11.9502,11.9699,0.3294,563533.2600,1939872.2700,100,100
2026-10-06 03:27:34+00:00,1000.0000,11.9800,11.9600,11.9874,11.9502,11.9688,0.3106,581076.9300,1895019.4000,100,100
2026-10-06 03:28:34+00:00,1000.0000,11.9800,11.9600,11.9861,11.9502,11.9682,0.2996,568987.0900,1952784.4200,100,100
2026-10-06 03:29:34+00:00,1000.0000,11.9800,11.9600,11.9861,11.9512,11.9687,0.2912,533623.7600,1959008.7600,100,100
2026-10-06 03:30:34+00:00,1000.0000,11.9800,11.9600,11.9861,11.9512,11.9687,0.2912,531551.1900,1945007.2400,100,100
2026-10-06 03:31:34+00:00,1000.0000,11.9700,11.9600,11.9838,11.9512,11.9675,0.2724,541464.9900,1945007.2400,100,100
2026-10-06 03:32:34+00:00,1000.0000,11.9700,11.9600,11.9838,11.9512,11.9675,0.2724,539541.7900,2155467.1100,100,100
2026-10-06 03:33:34+00:00,1000.0000,11.9800,11.9600,11.9889,11.9512,11.9701,0.3149,517574.1900,2139550.7900,100,100
2026-10-06 03:34:34+00:00,1000.0000,11.9800,11.9600,11.9889,11.9512,11.9701,0.3149,517971.9900,2141426.9400,100,100
2026-10-06 03:35:34+00:00,1000.0000,11.9800,11.9600,11.9889,11.9512,11.9701,0.3149,518013.9200,2134404.8100,100,100
2026-10-06 03:36:34+00:00,1000.0000,11.9800,11.9600,11.9886,11.9512,11.9699,0.3119,517809.1600,2133604.8100,100,100
2026-10-06 03:37:34+00:00,1000.0000,11.9800,11.9600,11.9886,11.9502,11.9694,0.3203,522485.9200,2132939.3700,100,100
2026-10-06 03:38:34+00:00,1000.0000,11.9800,11.9600,11.9800,11.9502,11.9651,0.2488,524057.1000,2116191.5900,100,100
2026-10-06 03:39:34+00:00,1000.0000,11.9800,11.9600,11.9800,11.9519,11.9659,0.2350,524880.0300,1908255.8900,100,100
2026-10-06 03:40:34+00:00,1000.0000,11.9800,11.9600,11.9873,11.9519,11.9696,0.2962,512015.8500,1908555.8900,100,100
2026-10-06 03:41:34+00:00,1000.0000,11.9800,11.9600,11.9887,11.9519,11.9703,0.3073,510329.6800,1908386.2900,100,100
2026-10-06 03:42:34+00:00,1000.0000,11.9800,11.9600,11.9887,11.9519,11.9703,0.3073,507561.5800,1908289.6500,100,100
2026-10-06 03:43:34+00:00,1000.0000,11.9800,11.9600,11.9867,11.9519,11.9693,0.2906,513873.2300,1931797.6100,100,100
2026-10-06 03:44:34+00:00,1000.0000,11.9800,11.9600,11.9887,11.9519,11.9703,0.3073,517537.8700,1939220.0800,100,100
2026-10-06 03:45:34+00:00,1000.0000,11.9800,11.9600,11.9887,11.9519,11.9703,0.3073,541369.4400,1896310.4800,100,100
2026-10-06 03:46:34+00:00,1000.0000,11.9800,11.9600,11.9887,11.9600,11.9743,0.2394,578923.9100,1841201.4300,100,100
2026-10-06 03:47:34+00:00,1000.0000,11.9800,11.9600,11.9887,11.9600,11.9743,0.2394,586935.2200,1772088.8800,100,100
2026-10-06 03:48:34+00:00,1000.0000,11.9800,11.9600,11.9887,11.9600,11.9743,0.2394,585851.4100,1626434.4800,100,100
2026-10-06 03:49:34+00:00,1000.0000,11.9800,11.9600,11.9887,11.9600,11.9743,0.2394,599435.0300,1623846.7600,100,100
2026-10-06 03:50:34+00:00,1000.0000,11.9800,11.9600,11.9887,11.9600,11.9743,0.2394,548216.9700,1472701.8900,100,100
2026-10-06 03:51:34+00:00,1000.0000,11.9800,11.9600,11.9887,11.9600,11.9743,0.2394,546035.5800,1472444.4100,100,100
2026-10-06 03:52:34+00:00,1000.0000,11.9800,11.9600,11.9887,11.9600,11.9743,0.2394,546035.5800,1471440.2300,100,100
2026-10-06 03:53:34+00:00,1000.0000,11.9800,11.9600,11.9905,11.9600,11.9752,0.2545,588819.6100,1474280.0500,100,100
2026-10-06 03:54:34+00:00,1000.0000,11.9800,11.9600,11.9918,11.9600,11.9759,0.2656,588319.4600,1471928.0400,100,100
2026-10-06 03:55:34+00:00,1000.0000,11.9800,11.9600,11.9918,11.9600,11.9759,0.2656,584095.0500,1472357.7200,100,100
2026-10-06 03:56:34+00:00,1000.0000,11.9800,11.9600,11.9962,11.9600,11.9781,0.3026,583859.4600,1472168.8600,100,100
2026-10-06 03:57:34+00:00,1000.0000,11.9800,11.9600,11.9962,11.9600,11.9781,0.3026,592577.5300,1420202.5000,100,100
2026-10-06 03:58:34+00:00,1000.0000,11.9800,11.9600,11.9962,11.9600,11.9781,0.3026,588727.9700,1284676.5200,100,100
2026-10-06 03:59:34+00:00,1000.0000,11.9800,11.9600,11.9933,11.9600,11.9766,0.2779,588666.7200,1307329.9000,100,100
2026-10-06 04:00:34+00:00,1000.0000,11.9800,11.9600,11.9933,11.9600,11.9766,0.2779,616840.0600,1363893.7000,100,100
2026-10-06 04:01:34+00:00,1000.0000,11.9800,11.9600,11.9918,11.9600,11.9759,0.2652,621933.5600,1286692.3300,100,100
2026-10-06 04:02:34+00:00,1000.0000,11.9800,11.9600,11.9918,11.9600,11.9759,0.2652,642796.0700,1285686.7800,100,100
2026-10-06 04:03:34+00:00,1000.0000,11.9800,11.9600,11.9931,11.9600,11.9765,0.2760,654440.6000,1366290.4000,100,100
2026-10-06 04:04:34+00:00,1000.0000,11.9800,11.9600,11.9931,11.9600,11.9765,0.2760,658801.2300,1408354.2900,100,100
2026-10-06 04:05:34+00:00,1000.0000,11.9800,11.9600,11.9962,11.9600,11.9781,0.3026,667354.4500,1495755.6600,100,100
2026-10-06 04:06:34+00:00,1000.0000,11.9800,11.9600,11.9962,11.9600,11.9781,0.3026,661833.0200,1497245.4900,100,100
2026-10-06 04:07:34+00:00,1000.0000,11.9800,11.9700,11.9962,11.9700,11.9831,0.2190,661648.3100,1500249.6700,100,100
2026-10-06 04:08:34+00:00,1000.0000,11.9800,11.9700,11.9962,11.9700,11.9831,0.2190,672949.0700,1500249.6700,100,100
2026-10-06 04:09:34+00:00,1000.0000,11.9800,11.9700,11.9962,11.9700,11.9831,0.2190,681973.4700,1497647.6000,100,100
2026-10-06 04:10:34+00:00,1000.0000,11.9800,11.9700,11.9891,11.9700,11.9795,0.1592,709999.8400,1620942.4300,100,100
2026-10-06 04:11:34+00:00,1000.0000,11.9800,11.9700,11.9887,11.9700,11.9793,0.1558,710354.4500,1621195.1100,100,100
2026-10-06 04:12:34+00:00,1000.0000,11.9800,11.9700,11.9887,11.9700,11.9793,0.1558,666311.2800,1621195.1100,100,100
2026-10-06 04:13:34+00:00,1000.0000,11.9800,11.9700,11.9918,11.9700,11.9809,0.1820,669079.6500,1573274.3800,100,100
2026-10-06 04:14:34+00:00,1000.0000,11.9800,11.9700,11.9887,11.9700,11.9793,0.1558,667563.7700,1650374.7900,100,100
2026-10-06 04:15:34+00:00,1000.0000,11.9800,11.9700,11.9887,11.9700,11.9793,0.1558,702079.3900,1644606.3300,100,100
2026-10-06 04:16:34+00:00,1000.0000,11.9800,11.9700,11.9887,11.9700,11.9793,0.1558,701991.7700,1644329.4700,100,100
2026-10-06 04:17:34+00:00,1000.0000,11.9800,11.9700,11.9887,11.9700,11.9793,0.1558,720806.9200,1724658.6800,100,100
2026-10-06 04:18:34+00:00,1000.0000,11.9800,11.9700,11.9933,11.9700,11.9816,0.1943,710356.2300,1725740.2700,100,100
2026-10-06 04:19:34+00:00,1000.0000,11.9800,11.9700,11.9887,11.9700,11.9793,0.1558,724259.2800,1729580.0800,100,100
2026-10-06 04:20:34+00:00,1000.0000,11.9800,11.9700,11.9887,11.9700,11.9793,0.1558,767188.1800,1732389.2100,100,100
2026-10-06 04:21:34+00:00,1000.0000,11.9800,11.9700,11.9887,11.9700,11.9793,0.1558,767409.8600,1727489.2100,100,100
2026-10-06 04:22:34+00:00,1000.0000,11.9800,11.9700,11.9887,11.9700,11.9793,0.1558,745105.5700,1674657.9500,100,100
2026-10-06 04:23:34+00:00,1000.0000,11.9800,11.9600,11.9887,11.9600,11.9743,0.2394,741712.8700,1701672.2900,100,100
2026-10-06 04:24:34+00:00,1000.0000,11.9800,11.9600,11.9887,11.9600,11.9743,0.2394,729556.6000,1701672.2900,100,100
2026-10-06 04:25:34+00:00,1000.0000,11.9800,11.9600,11.9887,11.9600,11.9743,0.2394,712621.3300,1701672.2900,100,100
2026-10-06 04:26:34+00:00,1000.0000,11.9800,11.9600,11.9887,11.9600,11.9743,0.2394,729495.7300,1701643.2300,100,100
2026-10-06 04:27:34+00:00,1000.0000,11.9800,11.9600,11.9887,11.9600,11.9743,0.2394,753796.9900,1715322.1300,100,100
2026-10-06 04:28:34+00:00,1000.0000,11.9800,11.9600,11.9887,11.9600,11.9743,0.2394,753546.1500,1713924.2800,100,100
2026-10-06 04:29:34+00:00,1000.0000,11.9800,11.9600,11.9887,11.9600,11.9743,0.2394,746066.0000,1634064.8700,100,100
2026-10-06 04:30:34+00:00,1000.0000,11.9800,11.9600,11.9887,11.9600,11.9743,0.2394,754559.6400,1634064.8700,100,100
2026-10-06 04:31:34+00:00,1000.0000,11.9800,11.9600,11.9887,11.9600,11.9743,0.2394,745583.9600,1634279.6800,100,100
2026-10-06 04:32:34+00:00,1000.0000,11.9800,11.9600,11.9887,11.9600,11.9743,0.2394,757502.8100,1632993.5800,100,100
2026-10-06 04:33:34+00:00,1000.0000,11.9800,11.9600,11.9887,11.9600,11.9743,0.2394,764920.0600,1657859.8700,100,100
2026-10-06 04:34:34+00:00,1000.0000,11.9800,11.9600,11.9897,11.9600,11.9748,0.2477,714481.5500,1609000.8400,100,100
2026-10-06 04:35:34+00:00,1000.0000,11.9800,11.9600,11.9897,11.9600,11.9748,0.2477,708072.2500,1697536.3600,100,100
2026-10-06 04:36:34+00:00,1000.0000,11.9800,11.9600,11.9897,11.9514,11.9705,0.3201,542935.9000,1345978.6100,99,100
2026-10-06 04:37:34+00:00,1000.0000,11.9800,11.9600,11.9897,11.9517,11.9707,0.3176,542405.4000,1344440.7800,99,100
2026-10-06 04:38:34+00:00,1000.0000,11.9800,11.9600,11.9897,11.9517,11.9707,0.3176,543490.7400,1344440.7800,100,100
2026-10-06 04:39:34+00:00,1000.0000,11.9800,11.9600,11.9897,11.9517,11.9707,0.3176,542499.2100,1344440.7800,100,100
2026-10-06 04:40:34+00:00,1000.0000,11.9800,11.9600,11.9897,11.9502,11.9699,0.3294,541653.2100,1349269.1400,99,100
2026-10-06 04:41:34+00:00,1000.0000,11.9800,11.9600,11.9897,11.9502,11.9699,0.3294,535261.2600,1325902.1600,100,100
2026-10-06 04:42:34+00:00,1000.0000,11.9800,11.9600,11.9897,11.9502,11.9699,0.3294,514198.5700,1324772.9500,98,100
2026-10-06 04:43:34+00:00,1000.0000,11.9900,11.9600,11.9900,11.9502,11.9701,0.3322,466257.8900,1333068.5600,93,100
2026-10-06 04:44:34+00:00,1000.0000,11.9900,11.9600,11.9900,11.9502,11.9701,0.3322,465740.3300,1333064.4400,93,100
2026-10-06 04:45:34+00:00,1000.0000,11.9900,11.9600,11.9900,11.9502,11.9701,0.3322,465698.5900,1330658.1700,93,100
2026-10-06 04:46:34+00:00,1000.0000,11.9900,11.9600,11.9900,11.9502,11.9701,0.3322,493625.3100,1337325.3100,99,100
2026-10-06 04:47:34+00:00,1000.0000,11.9900,11.9600,11.9900,11.9502,11.9701,0.3322,493625.3100,1337325.3100,99,100
2026-10-06 04:48:34+00:00,1000.0000,11.9900,11.9600,11.9900,11.9502,11.9701,0.3322,540483.2900,1337264.6600,100,100
2026-10-06 04:49:34+00:00,1000.0000,11.9900,11.9600,11.9900,11.9502,11.9701,0.3322,540341.3700,1317122.5200,100,100
2026-10-06 04:50:34+00:00,1000.0000,11.9900,11.9600,11.9900,11.9502,11.9701,0.3322,540347.3600,1316602.5900,100,100
2026-10-06 04:51:34+00:00,1000.0000,11.9900,11.9600,11.9900,11.9502,11.9701,0.3322,541332.3800,1316602.5900,99,100
2026-10-06 04:52:34+00:00,1000.0000,11.9900,11.9600,11.9900,11.9502,11.9701,0.3322,539180.6600,1317273.3100,98,100
2026-10-06 04:53:34+00:00,1000.0000,11.9900,11.9600,11.9900,11.9502,11.9701,0.3322,539483.7700,1315979.1200,98,100
2026-10-06 04:54:34+00:00,1000.0000,11.9900,11.9600,11.9900,11.9502,11.9701,0.3322,544433.9200,1368334.7000,99,100
2026-10-06 04:55:34+00:00,1000.0000,11.9900,11.9600,11.9900,11.9502,11.9701,0.3322,544551.8800,1368334.7000,100,100
2026-10-06 04:56:34+00:00,1000.0000,11.9900,11.9600,11.9900,11.9502,11.9701,0.3322,544551.8800,1357485.0800,100,100
2026-10-06 04:57:34+00:00,1000.0000,11.9900,11.9600,11.9900,11.9502,11.9701,0.3322,536838.2300,1358614.2900,100,100
2026-10-06 04:58:34+00:00,1000.0000,11.9800,11.9600,11.9897,11.9502,11.9699,0.3294,529342.8000,1359237.2200,100,100
2026-10-06 04:59:34+00:00,1000.0000,11.9900,11.9600,11.9900,11.9502,11.9701,0.3322,529843.8600,1359230.4700,100,100
2026-10-06 05:00:34+00:00,1000.0000,11.9900,11.9600,11.9900,11.9502,11.9701,0.3322,530089.5900,1519819.3700,100,100
2026-10-06 05:01:34+00:00,1000.0000,11.9900,11.9600,11.9900,11.9502,11.9701,0.3322,495720.0700,1518981.5000,98,100
2026-10-06 05:02:34+00:00,1000.0000,11.9900,11.9600,11.9900,11.9502,11.9701,0.3322,495965.4200,1539961.5100,99,100
2026-10-06 05:03:34+00:00,1000.0000,11.9900,11.9600,11.9900,11.9502,11.9701,0.3322,494774.4500,1669492.6000,97,100
2026-10-06 05:04:34+00:00,1000.0000,11.9900,11.9600,11.9900,11.9502,11.9701,0.3322,494745.3400,1669492.6000,97,100
2026-10-06 05:05:34+00:00,1000.0000,11.9900,11.9600,11.9900,11.9502,11.9701,0.3322,488785.0300,1669492.6000,95,100
2026-10-06 05:06:34+00:00,1000.0000,11.9900,11.9600,11.9900,11.9502,11.9701,0.3322,488785.0300,1668573.7400,95,100
2026-10-06 05:07:34+00:00,1000.0000,11.9900,11.9600,11.9900,11.9502,11.9701,0.3322,495773.4000,1669828.9700,97,100
2026-10-06 05:08:34+00:00,1000.0000,11.9900,11.9600,11.9900,11.9502,11.9701,0.3322,495676.3500,1669828.9700,96,100
2026-10-06 05:09:34+00:00,1000.0000,11.9900,11.9600,11.9900,11.9502,11.9701,0.3322,495776.5500,1664700.2300,96,100
2026-10-06 05:10:34+00:00,1000.0000,11.9900,11.9600,11.9900,11.9502,11.9701,0.3322,495721.0500,1664007.3400,96,100
2026-10-06 05:11:34+00:00,1000.0000,11.9900,11.9600,11.9900,11.9502,11.9701,0.3322,495721.0500,1664007.3400,96,100
2026-10-06 05:12:34+00:00,1000.0000,11.9900,11.9600,11.9900,11.9502,11.9701,0.3322,493136.3100,1664007.3400,95,100
2026-10-06 05:13:34+00:00,1000.0000,11.9900,11.9600,11.9900,11.9502,11.9701,0.3322,491974.9500,1664007.3400,95,100
2026-10-06 05:14:34+00:00,1000.0000,11.9900,11.9600,11.9900,11.9502,11.9701,0.3322,491849.7000,1663298.4100,95,100
2026-10-06 05:15:34+00:00,1000.0000,11.9900,11.9600,11.9900,11.9502,11.9701,0.3322,493524.0200,1663298.4100,96,100
2026-10-06 05:16:34+00:00,1000.0000,11.9900,11.9600,11.9900,11.9502,11.9701,0.3322,540757.1200,1663298.4100,99,100
2026-10-06 05:17:34+00:00,1000.0000,11.9900,11.9600,11.9900,11.9502,11.9701,0.3322,567596.9300,1665021.1300,100,100
2026-10-06 05:18:34+00:00,1000.0000,11.9900,11.9600,11.9900,11.9502,11.9701,0.3322,494715.5100,1510175.1700,98,100
2026-10-06 05:19:34+00:00,1000.0000,11.9900,11.9600,11.9900,11.9502,11.9701,0.3322,494744.6200,1509989.7400,98,100
2026-10-06 05:20:34+00:00,1000.0000,11.9900,11.9600,11.9900,11.9502,11.9701,0.3322,494715.5800,1509989.7400,98,100
2026-10-06 05:21:34+00:00,1000.0000,11.9900,11.9600,11.9900,11.9502,11.9701,0.3322,494715.5800,1510281.5000,98,100
2026-10-06 05:22:34+00:00,1000.0000,11.9900,11.9600,11.9900,11.9502,11.9701,0.3322,494715.5800,1510164.7900,98,100
2026-10-06 05:23:34+00:00,1000.0000,11.9800,11.9600,11.9800,11.9502,11.9651,0.2488,568659.0800,1329255.9700,100,100
2026-10-06 05:24:34+00:00,1000.0000,11.9800,11.9600,11.9800,11.9502,11.9651,0.2488,543075.1000,1326920.1200,96,100
2026-10-06 05:25:34+00:00,1000.0000,11.9800,11.9600,11.9800,11.9502,11.9651,0.2488,530141.1300,1326920.1200,93,100
2026-10-06 05:26:34+00:00,1000.0000,11.9800,11.9600,11.9800,11.9502,11.9651,0.2488,461773.2900,1459830.3700,92,100
2026-10-06 05:27:34+00:00,1000.0000,11.9800,11.9600,11.9800,11.9502,11.9651,0.2488,461755.8300,1447779.4700,92,100
2026-10-06 05:28:34+00:00,1000.0000,11.9800,11.9600,11.9800,11.9502,11.9651,0.2488,493508.5300,1447779.4700,96,100
2026-10-06 05:29:34+00:00,1000.0000,11.9800,11.9600,11.9800,11.9502,11.9651,0.2488,493863.0000,1447779.4700,96,100
2026-10-06 05:30:34+00:00,1000.0000,11.9800,11.9600,11.9800,11.9502,11.9651,0.2488,493441.0800,1447171.0300,95,100
2026-10-06 05:31:34+00:00,1000.0000,11.9800,11.9600,11.9800,11.9502,11.9651,0.2488,493156.6800,1447171.0300,95,100
2026-10-06 05:32:34+00:00,1000.0000,11.9800,11.9600,11.9800,11.9502,11.9651,0.2488,494559.4400,1455595.5900,98,100
2026-10-06 05:33:34+00:00,1000.0000,11.9800,11.9600,11.9800,11.9502,11.9651,0.2488,462573.6500,1327329.9700,94,100
2026-10-06 05:34:34+00:00,1000.0000,11.9800,11.9600,11.9800,11.9502,11.9651,0.2488,462277.3800,1327506.9000,94,100
2026-10-06 05:35:34+00:00,1000.0000,11.9800,11.9600,11.9800,11.9502,11.9651,0.2488,494198.9600,1393428.0000,98,100
2026-10-06 05:36:34+00:00,1000.0000,11.9800,11.9600,11.9800,11.9502,11.9651,0.2488,494187.3200,1393428.0000,98,100
2026-10-06 05:37:34+00:00,1000.0000,11.9800,11.9600,11.9800,11.9502,11.9651,0.2488,494129.0500,1393428.0000,98,100
2026-10-06 05:38:34+00:00,1000.0000,11.9800,11.9600,11.9800,11.9502,11.9651,0.2488,494129.0500,1393378.0700,98,100
2026-10-06 05:39:34+00:00,1000.0000,11.9800,11.9600,11.9800,11.9502,11.9651,0.2488,494090.4200,1392026.8600,98,100
2026-10-06 05:40:34+00:00,1000.0000,11.9800,11.9600,11.9815,11.9502,11.9659,0.2610,493839.5100,1391599.9300,98,100
2026-10-06 05:41:34+00:00,1000.0000,11.9800,11.9600,11.9815,11.9502,11.9659,0.2610,476702.9200,1390724.4000,96,100
2026-10-06 05:42:34+00:00,1000.0000,11.9800,11.9600,11.9815,11.9502,11.9659,0.2610,493939.7500,1391730.1700,98,100
2026-10-06 05:43:34+00:00,1000.0000,11.9800,11.9600,11.9815,11.9502,11.9659,0.2610,493894.1700,1391730.1700,98,100
2026-10-06 05:44:34+00:00,1000.0000,11.9800,11.9600,11.9815,11.9502,11.9659,0.2610,493877.4800,1391730.1700,98,100
2026-10-06 05:45:34+00:00,1000.0000,11.9800,11.9600,11.9828,11.9502,11.9665,0.2722,493704.7300,1389655.2600,98,100
2026-10-06 05:46:34+00:00,1000.0000,11.9800,11.9600,11.9828,11.9502,11.9665,0.2722,476491.2100,1389300.2500,97,100
2026-10-06 05:47:34+00:00,1000.0000,11.9800,11.9600,11.9868,11.9502,11.9685,0.3057,492931.4700,1389191.7900,97,100
2026-10-06 05:48:34+00:00,1000.0000,11.9800,11.9600,11.9868,11.9502,11.9685,0.3057,487880.2100,1389072.8600,95,100
2026-10-06 05:49:34+00:00,1000.0000,11.9800,11.9600,11.9868,11.9502,11.9685,0.3057,488053.0200,1389072.8600,95,100
2026-10-06 05:50:34+00:00,1000.0000,11.9800,11.9600,11.9868,11.9502,11.9685,0.3057,487652.8700,1389072.8600,95,100
2026-10-06 05:51:34+00:00,1000.0000,11.9800,11.9600,11.9873,11.9502,11.9687,0.3093,487626.5100,1389072.8600,93,100
2026-10-06 05:52:34+00:00,1000.0000,11.9800,11.9600,11.9873,11.9502,11.9687,0.3093,486016.7400,1389072.8600,93,100
2026-10-06 05:53:34+00:00,1000.0000,11.9800,11.9600,11.9873,11.9502,11.9687,0.3093,486016.7400,1388469.6000,93,100
2026-10-06 05:54:34+00:00,1000.0000,11.9800,11.9600,11.9873,11.9502,11.9687,0.3093,486002.7300,1389820.8100,93,100
2026-10-06 05:55:34+00:00,1000.0000,11.9800,11.9600,11.9873,11.9502,11.9687,0.3093,485604.8900,1388896.5300,93,100
2026-10-06 05:56:34+00:00,1000.0000,11.9900,11.9600,11.9900,11.9502,11.9701,0.3322,485330.4100,1388892.6000,92,100
2026-10-06 05:57:34+00:00,1000.0000,11.9900,11.9600,11.9900,11.9502,11.9701,0.3322,485330.4100,1388853.2200,92,100
2026-10-06 05:58:34+00:00,1000.0000,11.9900,11.9600,11.9900,11.9502,11.9701,0.3322,484792.3100,1388853.2200,91,100
2026-10-06 05:59:34+00:00,1000.0000,11.9900,11.9600,11.9900,11.9502,11.9701,0.3322,485291.9300,1388853.2200,91,100
2026-10-06 06:00:34+00:00,1000.0000,11.9900,11.9600,11.9900,11.9502,11.9701,0.3322,485291.9300,1388853.2200,91,100
2026-10-06 06:01:34+00:00,1000.0000,11.9900,11.9600,11.9900,11.9502,11.9701,0.3322,485485.0600,1388853.2200,92,100
2026-10-06 06:02:34+00:00,1000.0000,11.9900,11.9600,11.9900,11.9502,11.9701,0.3322,485434.8600,1388853.2200,92,100
2026-10-06 06:03:34+00:00,1000.0000,11.9900,11.9600,11.9900,11.9502,11.9701,0.3322,483675.6400,1384109.8700,91,100
2026-10-06 06:04:34+00:00,1000.0000,11.9900,11.9600,11.9900,11.9502,11.9701,0.3322,483675.6400,1383990.9400,91,100
2026-10-06 06:05:34+00:00,1000.0000,11.9900,11.9600,11.9900,11.9502,11.9701,0.3322,483675.6400,1383990.9400,91,100
2026-10-06 06:06:34+00:00,1000.0000,11.9900,11.9600,11.9900,11.9502,11.9701,0.3322,483675.6400,1383990.9400,91,100
2026-10-06 06:07:34+00:00,1000.0000,11.9900,11.9600,11.9900,11.9502,11.9701,0.3322,483708.9900,1383807.0800,91,100
2026-10-06 06:08:34+00:00,1000.0000,11.9900,11.9600,11.9900,11.9502,11.9701,0.3322,483708.9900,1357779.9300,91,100
2026-10-06 06:09:34+00:00,1000.0000,11.9900,11.9600,11.9900,11.9502,11.9701,0.3322,484096.0800,1358225.3300,91,100
2026-10-06 06:10:34+00:00,1000.0000,11.9900,11.9500,11.9900,11.9500,11.9700,0.3342,482597.7400,1359371.1600,90,100
2026-10-06 06:11:34+00:00,1000.0000,11.9900,11.9500,11.9900,11.9500,11.9700,0.3342,482597.7400,1359371.1600,90,100
2026-10-06 06:12:34+00:00,1000.0000,11.9900,11.9500,11.9900,11.9500,11.9700,0.3342,482597.7400,1359371.1600,90,100
2026-10-06 06:13:34+00:00,1000.0000,11.9900,11.9500,11.9900,11.9500,11.9700,0.3342,482597.7400,1359324.2400,90,100
2026-10-06 06:14:34+00:00,1000.0000,11.9900,11.9500,11.9900,11.9500,11.9700,0.3342,482597.7400,1359324.2400,90,100
2026-10-06 06:15:34+00:00,1000.0000,11.9900,11.9500,11.9900,11.9500,11.9700,0.3342,481583.8900,1359304.5500,89,100
2026-10-06 06:16:34+00:00,1000.0000,11.9900,11.9500,11.9900,11.9500,11.9700,0.3342,481583.8900,1362523.0100,89,100
2026-10-06 06:17:34+00:00,1000.0000,11.9900,11.9500,11.9900,11.9500,11.9700,0.3342,481583.8900,1358873.0100,89,100
2026-10-06 06:18:34+00:00,1000.0000,11.9800,11.9500,11.9857,11.9500,11.9678,0.2979,484027.2500,1362872.9400,90,100
2026-10-06 06:19:34+00:00,1000.0000,11.9800,11.9500,11.9857,11.9500,11.9678,0.2979,483986.3900,1362872.9400,90,100
2026-10-06 06:20:34+00:00,1000.0000,11.9800,11.9500,11.9857,11.9500,11.9678,0.2979,484187.9300,1362872.9400,91,100
2026-10-06 06:21:34+00:00,1000.0000,11.9800,11.9500,11.9857,11.9419,11.9638,0.3658,482453.1100,1366117.6100,92,100
2026-10-06 06:22:34+00:00,1000.0000,11.9800,11.9500,11.9857,11.9419,11.9638,0.3658,482453.1100,1366267.5400,92,100
2026-10-06 06:23:34+00:00,1000.0000,11.9800,11.9500,11.9857,11.9419,11.9638,0.3658,471875.9000,1366366.4400,92,100
2026-10-06 06:24:34+00:00,1000.0000,11.9800,11.9500,11.9857,11.9419,11.9638,0.3658,471825.8200,1366366.4400,92,100
2026-10-06 06:25:34+00:00,1000.0000,11.9800,11.9500,11.9857,11.9419,11.9638,0.3658,469916.4300,1394777.8600,90,100
2026-10-06 06:26:34+00:00,1000.0000,11.9800,11.9500,11.9857,11.9419,11.9638,0.3658,467311.5400,1347934.1000,88,100
2026-10-06 06:27:34+00:00,1000.0000,11.9800,11.9500,11.9865,11.9419,11.9642,0.3728,467177.8300,1347906.7200,88,100
2026-10-06 06:28:34+00:00,1000.0000,11.9800,11.9500,11.9865,11.9419,11.9642,0.3728,466483.8900,1347954.6500,88,100
2026-10-06 06:29:34+00:00,1000.0000,11.9800,11.9500,11.9872,11.9419,11.9645,0.3787,459204.5800,1347906.6900,86,100
2026-10-06 06:30:34+00:00,1000.0000,11.9900,11.9500,11.9900,11.9419,11.9659,0.4020,464721.2400,1347906.6900,86,100
2026-10-06 06:31:34+00:00,1000.0000,11.9900,11.9500,11.9900,11.9419,11.9659,0.4020,465489.3400,1347906.6900,87,100
2026-10-06 06:32:34+00:00,1000.0000,11.9900,11.9500,11.9900,11.9419,11.9659,0.4020,465489.3400,1347906.6900,87,100
2026-10-06 06:33:34+00:00,1000.0000,11.9900,11.9500,11.9900,11.9419,11.9659,0.4020,465699.3400,1347906.6900,88,100
2026-10-06 06:34:34+00:00,1000.0000,11.9900,11.9500,11.9900,11.9419,11.9659,0.4020,465489.3400,1347906.6900,87,100
2026-10-06 06:35:34+00:00,1000.0000,11.9900,11.9500,11.9900,11.9419,11.9659,0.4020,465472.6600,1347906.6900,87,100
2026-10-06 06:36:34+00:00,1000.0000,11.9900,11.9500,11.9900,11.9419,11.9659,0.4020,465261.2300,1347906.6900,87,100
2026-10-06 06:37:34+00:00,1000.0000,11.9900,11.9500,11.9900,11.9419,11.9659,0.4020,465261.2300,1347906.6900,87,100
2026-10-06 06:38:34+00:00,1000.0000,11.9900,11.9500,11.9900,11.9419,11.9659,0.4020,476097.3800,1346132.0700,88,100
2026-10-06 06:39:34+00:00,1000.0000,11.9900,11.9500,11.9900,11.9419,11.9659,0.4020,476097.3800,1348030.2100,88,100
2026-10-06 06:40:34+00:00,1000.0000,11.9900,11.9500,11.9900,11.9419,11.9659,0.4020,476097.3800,1346240.1400,88,100
2026-10-06 06:41:34+00:00,1000.0000,11.9900,11.9500,11.9900,11.9419,11.9659,0.4020,476097.3800,1346324.8700,88,100
2026-10-06 06:42:34+00:00,1000.0000,11.9900,11.9500,11.9900,11.9419,11.9659,0.4020,476097.3800,1346240.1400,88,100
2026-10-06 06:43:34+00:00,1000.0000,11.9900,11.9500,11.9900,11.9419,11.9659,0.4020,475379.3600,1342097.3100,87,100
2026-10-06 06:44:34+00:00,1000.0000,11.9900,11.9500,11.9900,11.9419,11.9659,0.4020,475379.3600,1340746.1000,87,100
2026-10-06 06:45:34+00:00,1000.0000,11.9900,11.9500,11.9900,11.9419,11.9659,0.4020,493651.6500,1340746.1000,86,100
2026-10-06 06:46:34+00:00,1000.0000,11.9900,11.9500,11.9900,11.9419,11.9659,0.4020,475186.2300,1340746.1000,86,100
2026-10-06 06:47:34+00:00,1000.0000,11.9900,11.9500,11.9900,11.9419,11.9659,0.4020,475737.0800,1340746.1000,87,100
2026-10-06 06:48:34+00:00,1000.0000,11.9900,11.9500,11.9900,11.9419,11.9659,0.4020,438698.7000,1327571.8900,85,100
2026-10-06 06:49:34+00:00,1000.0000,11.9900,11.9500,11.9900,11.9419,11.9659,0.4020,438698.7000,1327571.8900,85,100
2026-10-06 06:50:34+00:00,1000.0000,11.9900,11.9500,11.9900,11.9419,11.9659,0.4020,438698.7000,1327571.8900,85,100
2026-10-06 06:51:34+00:00,1000.0000,11.9900,11.9500,11.9900,11.9419,11.9659,0.4020,438698.7000,1327571.8900,85,100
2026-10-06 06:52:34+00:00,1000.0000,11.9900,11.9500,11.9900,11.9419,11.9659,0.4020,438662.1000,1344061.6200,85,100
2026-10-06 06:53:34+00:00,1000.0000,11.9900,11.9500,11.9900,11.9419,11.9659,0.4020,438662.1000,1310811.1900,85,100
2026-10-06 06:54:34+00:00,1000.0000,11.9900,11.9500,11.9900,11.9419,11.9659,0.4020,438261.5300,1310811.1900,85,100
2026-10-06 06:55:34+00:00,1000.0000,11.9900,11.9500,11.9900,11.9419,11.9659,0.4020,434277.6700,1173053.5500,84,100
2026-10-06 06:56:34+00:00,1000.0000,11.9900,11.9500,11.9900,11.9419,11.9659,0.4020,434277.6700,1173053.5500,84,100
2026-10-06 06:57:34+00:00,1000.0000,11.9900,11.9500,11.9900,11.9419,11.9659,0.4020,434277.6700,1108473.6600,84,100
2026-10-06 06:58:34+00:00,1000.0000,11.9900,11.9500,11.9900,11.9419,11.9659,0.4020,434266.8600,869773.6600,84,100
2026-10-06 06:59:34+00:00,1000.0000,11.9900,11.9500,11.9900,11.9419,11.9659,0.4020,434261.0500,869773.6600,84,100
2026-10-06 07:00:34+00:00,1000.0000,11.9900,11.9500,11.9900,11.9419,11.9659,0.4020,434261.0500,869773.6600,84,100
2026-10-06 07:01:34+00:00,1000.0000,11.9900,11.9500,11.9900,11.9419,11.9659,0.4020,434261.0500,869773.6600,84,100
2026-10-06 07:02:34+00:00,1000.0000,11.9900,11.9500,11.9900,11.9419,11.9659,0.4020,434261.0500,1028573.6600,84,100
2026-10-06 07:03:34+00:00,1000.0000,11.9900,11.9500,11.9900,11.9419,11.9659,0.4020,434261.0500,1108473.6600,84,100
2026-10-06 07:04:34+00:00,1000.0000,11.9900,11.9500,11.9900,11.9419,11.9659,0.4020,434245.9100,1108473.6600,84,100
2026-10-06 07:05:34+00:00,1000.0000,11.9900,11.9500,11.9900,11.9419,11.9659,0.4020,434240.2900,1108431.4300,84,100
2026-10-06 07:06:34+00:00,1000.0000,11.9900,11.9500,11.9900,11.9419,11.9659,0.4020,434240.2900,1108431.4300,84,100
2026-10-06 07:07:34+00:00,1000.0000,11.9900,11.9500,11.9900,11.9419,11.9659,0.4020,434193.4300,1108431.4300,84,100
2026-10-06 07:08:34+00:00,1000.0000,11.9900,11.9500,11.9900,11.9500,11.9700,0.3342,469125.9300,1278318.3400,85,100
2026-10-06 07:09:34+00:00,1000.0000,11.9900,11.9500,11.9900,11.9419,11.9659,0.4020,434594.0000,1108431.4300,84,100
2026-10-06 07:10:34+00:00,1000.0000,11.9900,11.9500,11.9900,11.9419,11.9659,0.4020,402819.6400,1108431.4300,80,100
2026-10-06 07:11:34+00:00,1000.0000,11.9900,11.9500,11.9900,11.9419,11.9659,0.4020,402819.6400,1108431.4300,80,100
2026-10-06 07:12:34+00:00,1000.0000,11.9900,11.9500,11.9900,11.9419,11.9659,0.4020,385497.7300,1108431.4300,80,100
2026-10-06 07:13:34+00:00,1000.0000,11.9900,11.9500,11.9900,11.9419,11.9659,0.4020,385494.4200,1108431.4300,80,100
2026-10-06 07:14:34+00:00,1000.0000,11.9900,11.9500,11.9900,11.9419,11.9659,0.4020,402284.1000,1101424.1400,80,100
2026-10-06 07:15:34+00:00,1000.0000,11.9900,11.9500,11.9900,11.9419,11.9659,0.4020,402284.1000,1101424.1400,80,100
2026-10-06 07:16:34+00:00,1000.0000,11.9900,11.9500,11.9900,11.9419,11.9659,0.4020,401977.5400,1101424.1400,78,100
2026-10-06 07:17:34+00:00,1000.0000,11.9900,11.9500,11.9900,11.9419,11.9659,0.4020,401977.5400,1101424.1400,78,100
2026-10-06 07:18:34+00:00,1000.0000,11.9900,11.9500,11.9900,11.9419,11.9659,0.4020,432566.7000,1101424.1400,79,100
2026-10-06 07:19:34+00:00,1000.0000,11.9900,11.9500,11.9900,11.9419,11.9659,0.4020,402050.5800,1101424.1400,76,100
2026-10-06 07:20:34+00:00,1000.0000,11.9900,11.9500,11.9900,11.9419,11.9659,0.4020,400979.4400,1101718.3700,75,100
2026-10-06 07:21:34+00:00,1000.0000,11.9900,11.9500,11.9900,11.9419,11.9659,0.4020,380972.4800,1101922.3000,74,100
2026-10-06 07:22:34+00:00,1000.0000,11.9900,11.9500,11.9900,11.9419,11.9659,0.4020,380972.4800,1101922.3000,74,100
2026-10-06 07:23:34+00:00,1000.0000,11.9900,11.9500,11.9900,11.9419,11.9659,0.4020,410454.1800,1101922.3000,77,100
2026-10-06 07:24:34+00:00,1000.0000,11.9900,11.9500,11.9900,11.9419,11.9659,0.4020,412281.5400,1100571.0900,78,100
2026-10-06 07:25:34+00:00,1000.0000,11.9900,11.9500,11.9900,11.9419,11.9659,0.4020,412456.4800,1100061.1600,79,100
2026-10-06 07:26:34+00:00,1000.0000,11.9900,11.9500,11.9900,11.9419,11.9659,0.4020,410950.4400,1100061.1600,79,100
2026-10-06 07:27:34+00:00,1000.0000,11.9900,11.9500,11.9900,11.9419,11.9659,0.4020,412150.2500,1100061.1600,80,100
2026-10-06 07:28:34+00:00,1000.0000,11.9900,11.9500,11.9900,11.9419,11.9659,0.4020,412150.2500,1100061.1600,80,100
2026-10-06 07:29:34+00:00,1000.0000,11.9900,11.9500,11.9900,11.9419,11.9659,0.4020,412150.2500,1104126.3200,80,100
2026-10-06 07:30:34+00:00,1000.0000,11.9900,11.9500,11.9900,11.9419,11.9659,0.4020,412104.3400,1104126.3200,80,100
2026-10-06 07:31:34+00:00,1000.0000,11.9900,11.9500,11.9900,11.9419,11.9659,0.4020,412066.7500,1104126.3200,80,100
2026-10-06 07:32:34+00:00,1000.0000,11.9900,11.9500,11.9900,11.9419,11.9659,0.4020,411990.2600,1104111.3900,80,100
2026-10-06 07:33:34+00:00,1000.0000,11.9900,11.9500,11.9900,11.9419,11.9659,0.4020,411965.3300,1104111.3900,80,100
2026-10-06 07:34:34+00:00,1000.0000,11.9900,11.9500,11.9900,11.9419,11.9659,0.4020,411965.3300,1104111.3900,80,100
2026-10-06 07:35:34+00:00,1000.0000,11.9900,11.9500,11.9900,11.9419,11.9659,0.4020,411965.3300,1104098.4800,80,100
2026-10-06 07:36:34+00:00,1000.0000,11.9900,11.9500,11.9900,11.9419,11.9659,0.4020,411962.5200,1103344.0800,80,100
2026-10-06 07:37:34+00:00,1000.0000,11.9900,11.9500,11.9900,11.9419,11.9659,0.4020,412180.6800,1103344.0800,81,100
2026-10-06 07:38:34+00:00,1000.0000,11.9900,11.9500,11.9900,11.9419,11.9659,0.4020,412180.6800,1099236.7900,81,100
2026-10-06 07:39:34+00:00,1000.0000,11.9900,11.9500,11.9900,11.9419,11.9659,0.4020,412180.6800,1100588.0000,81,100
2026-10-06 07:40:34+00:00,1000.0000,11.9900,11.9500,11.9900,11.9419,11.9659,0.4020,412180.6800,1100588.0000,81,100
2026-10-06 07:41:34+00:00,1000.0000,11.9900,11.9500,11.9900,11.9419,11.9659,0.4020,413686.7200,1100588.0000,81,100
2026-10-06 07:42:34+00:00,1000.0000,11.9900,11.9500,11.9900,11.9419,11.9659,0.4020,413745.1500,1100477.4700,81,100
2026-10-06 07:43:34+00:00,1000.0000,11.9900,11.9500,11.9900,11.9419,11.9659,0.4020,413745.1500,1100477.4700,81,100
2026-10-06 07:44:34+00:00,1000.0000,11.9900,11.9500,11.9900,11.9419,11.9659,0.4020,545194.8900,1100519.6000,83,100
2026-10-06 07:45:34+00:00,1000.0000,11.9900,11.9500,11.9900,11.9419,11.9659,0.4020,610919.7600,1100519.6000,84,100
2026-10-06 07:46:34+00:00,1000.0000,11.9900,11.9500,11.9900,11.9419,11.9659,0.4020,610669.4500,1100504.6700,84,100
2026-10-06 07:47:34+00:00,1000.0000,11.9900,11.9500,11.9900,11.9419,11.9659,0.4020,610669.4500,1100519.6000,84,100
2026-10-06 07:48:34+00:00,1000.0000,11.9900,11.9500,11.9900,11.9419,11.9659,0.4020,610694.3800,1100519.6000,84,100
2026-10-06 07:49:34+00:00,1000.0000,11.9900,11.9500,11.9900,11.9419,11.9659,0.4020,610694.3800,1100519.6000,84,100
2026-10-06 07:50:34+00:00,1000.0000,11.9900,11.9500,11.9900,11.9419,11.9659,0.4020,610694.3800,1100519.6000,84,100
2026-10-06 07:51:34+00:00,1000.0000,11.9900,11.9500,11.9900,11.9419,11.9659,0.4020,610697.1900,1101274.0000,84,100
2026-10-06 07:52:34+00:00,1000.0000,11.9900,11.9500,11.9900,11.9419,11.9659,0.4020,610697.1900,1101274.0000,84,100
2026-10-06 07:53:34+00:00,1000.0000,11.9900,11.9500,11.9900,11.9419,11.9659,0.4020,610947.5000,1105381.2900,84,100
2026-10-06 07:54:34+00:00,1000.0000,11.9900,11.9500,11.9900,11.9419,11.9659,0.4020,610947.5000,1105381.2900,84,100
2026-10-06 07:55:34+00:00,1000.0000,11.9900,11.9500,11.9900,11.9419,11.9659,0.4020,610028.9300,1105381.2900,84,100
2026-10-06 07:56:34+00:00,1000.0000,11.9900,11.9500,11.9900,11.9419,11.9659,0.4020,579256.6400,1105381.2900,80,100
2026-10-06 07:57:34+00:00,1000.0000,11.9900,11.9500,11.9900,11.9419,11.9659,0.4020,579256.6400,1105491.8200,80,100
2026-10-06 07:58:34+00:00,1000.0000,11.9900,11.9500,11.9900,11.9419,11.9659,0.4020,579256.6400,1105491.8200,80,100
2026-10-06 07:59:34+00:00,1000.0000,11.9900,11.9500,11.9900,11.9419,11.9659,0.4020,579256.6400,1105491.8200,80,100
2026-10-06 08:00:34+00:00,1000.0000,11.9900,11.9500,11.9900,11.9419,11.9659,0.4020,578794.8800,1105491.8200,79,100
2026-10-06 08:01:34+00:00,1000.0000,11.9900,11.9500,11.9900,11.9419,11.9659,0.4020,578794.8800,1105491.8200,79,100
2026-10-06 08:02:34+00:00,1000.0000,11.9900,11.9500,11.9900,11.9419,11.9659,0.4020,576396.7800,1105491.8200,81,100
2026-10-06 08:03:34+00:00,1000.0000,11.9900,11.9500,11.9900,11.9346,11.9623,0.4629,576396.7800,1103811.8200,81,100
2026-10-06 08:04:34+00:00,1000.0000,11.9900,11.9500,11.9900,11.9346,11.9623,0.4629,576396.7800,1103811.8200,81,100
2026-10-06 08:05:34+00:00,1000.0000,11.9900,11.9500,11.9900,11.9346,11.9623,0.4629,576312.5600,1103811.8200,81,100
2026-10-06 08:06:34+00:00,1000.0000,11.9900,11.9500,11.9900,11.9346,11.9623,0.4629,576312.5600,1103811.8200,81,100
2026-10-06 08:07:34+00:00,1000.0000,11.9900,11.9500,11.9900,11.9346,11.9623,0.4629,642037.4300,1103811.8200,82,100
2026-10-06 08:08:34+00:00,1000.0000,11.9900,11.9500,11.9900,11.9346,11.9623,0.4629,647023.7300,1103811.8200,82,100
2026-10-06 08:09:34+00:00,1000.0000,11.9900,11.9500,11.9900,11.9346,11.9623,0.4629,642034.9400,1182444.8900,82,100
2026-10-06 08:10:34+00:00,1000.0000,11.9900,11.9500,11.9900,11.9346,11.9623,0.4629,642034.9400,1182444.8900,82,100
2026-10-06 08:11:34+00:00,1000.0000,11.9900,11.9500,11.9900,11.9346,11.9623,0.4629,652996.6100,1182444.8900,83,100
2026-10-06 08:12:34+00:00,1000.0000,11.9900,11.9500,11.9900,11.9346,11.9623,0.4629,663958.2800,1182444.8900,84,100
2026-10-06 08:13:34+00:00,1000.0000,11.9900,11.9500,11.9900,11.9346,11.9623,0.4629,672551.0600,1182444.8900,85,100
2026-10-06 08:14:34+00:00,1000.0000,11.9900,11.9500,11.9900,11.9346,11.9623,0.4629,672551.0600,1182444.8900,85,100
2026-10-06 08:15:34+00:00,1000.0000,11.9900,11.9500,11.9900,11.9346,11.9623,0.4629,672551.0600,1182388.7100,85,100
2026-10-06 08:16:34+00:00,1000.0000,11.9900,11.9500,11.9900,11.9346,11.9623,0.4629,670547.5600,1182403.6400,85,100
2026-10-06 08:17:34+00:00,1000.0000,11.9900,11.9500,11.9900,11.9346,11.9623,0.4629,670547.5600,1182403.6400,85,100
2026-10-06 08:18:34+00:00,1000.0000,11.9900,11.9500,11.9900,11.9346,11.9623,0.4629,670547.5600,1182403.6400,85,100
2026-10-06 08:19:34+00:00,1000.0000,11.9900,11.9500,11.9900,11.9346,11.9623,0.4629,670493.6200,1182403.6400,85,100
2026-10-06 08:20:34+00:00,1000.0000,11.9900,11.9500,11.9900,11.9346,11.9623,0.4629,670577.8400,1182403.6400,85,100
2026-10-06 08:21:34+00:00,1000.0000,11.9900,11.9500,11.9900,11.9346,11.9623,0.4629,670631.7800,1182403.6400,85,100
2026-10-06 08:22:34+00:00,1000.0000,11.9900,11.9500,11.9900,11.9346,11.9623,0.4629,670578.4100,1317324.8000,85,100
2026-10-06 08:23:34+00:00,1000.0000,11.9900,11.9500,11.9900,11.9346,11.9623,0.4629,670578.4100,1317324.8000,85,100
2026-10-06 08:24:34+00:00,1000.0000,11.9900,11.9500,11.9900,11.9346,11.9623,0.4629,670578.4100,1317691.7300,85,100
2026-10-06 08:25:34+00:00,1000.0000,11.9900,11.9500,11.9900,11.9346,11.9623,0.4629,670578.4100,1317691.7300,85,100
2026-10-06 08:26:34+00:00,1000.0000,11.9900,11.9500,11.9900,11.9346,11.9623,0.4629,670578.4100,1317691.7300,85,100
2026-10-06 08:27:34+00:00,1000.0000,11.9900,11.9500,11.9900,11.9346,11.9623,0.4629,670457.3700,1317691.7300,85,100
2026-10-06 08:28:34+00:00,1000.0000,11.9900,11.9500,11.9900,11.9346,11.9623,0.4629,670357.1000,1317691.7300,85,100
2026-10-06 08:29:34+00:00,1000.0000,11.9900,11.9500,11.9900,11.9346,11.9623,0.4629,670350.5400,1238691.7300,85,100
2026-10-06 08:30:34+00:00,1000.0000,11.9900,11.9500,11.9900,11.9346,11.9623,0.4629,670350.5400,1238747.9100,85,100
2026-10-06 08:31:34+00:00,1000.0000,11.9900,11.9500,11.9900,11.9346,11.9623,0.4629,670350.5400,1238747.9100,85,100
2026-10-06 08:32:34+00:00,1000.0000,11.9900,11.9500,11.9900,11.9346,11.9623,0.4629,670350.5400,1238392.1800,85,100
2026-10-06 08:33:34+00:00,1000.0000,11.9900,11.9500,11.9900,11.9346,11.9623,0.4629,670560.5400,1238392.1800,86,100
2026-10-06 08:34:34+00:00,1000.0000,11.9900,11.9500,11.9900,11.9346,11.9623,0.4629,670560.5400,1238402.0900,86,100
2026-10-06 08:35:34+00:00,1000.0000,11.9900,11.9500,11.9900,11.9346,11.9623,0.4629,670444.0800,1238402.0900,85,100
2026-10-06 08:36:34+00:00,1000.0000,11.9900,11.9500,11.9900,11.9346,11.9623,0.4629,670444.0800,1238402.0900,85,100
2026-10-06 08:37:34+00:00,1000.0000,11.9900,11.9500,11.9900,11.9346,11.9623,0.4629,670444.0800,1238345.9100,85,100
2026-10-06 08:38:34+00:00,1000.0000,11.9900,11.9500,11.9900,11.9346,11.9623,0.4629,670799.1900,1238345.9100,85,100
2026-10-06 08:39:34+00:00,1000.0000,11.9900,11.9500,11.9900,11.9346,11.9623,0.4629,670799.1900,1238345.9100,85,100
2026-10-06 08:40:34+00:00,1000.0000,11.9900,11.9500,11.9900,11.9346,11.9623,0.4629,670799.1900,1238345.9100,85,100
2026-10-06 08:41:34+00:00,1000.0000,11.9900,11.9500,11.9900,11.9346,11.9623,0.4629,670769.1900,1238345.9100,85,100
2026-10-06 08:42:34+00:00,1000.0000,11.9900,11.9500,11.9900,11.9405,11.9652,0.4137,670931.5600,1238209.2300,86,100
2026-10-06 08:43:34+00:00,1000.0000,11.9900,11.9500,11.9900,11.9405,11.9652,0.4137,670873.6000,1238209.2300,85,100
2026-10-06 08:44:34+00:00,1000.0000,11.9900,11.9500,11.9900,11.9405,11.9652,0.4137,670903.6000,1238209.2300,85,100
2026-10-06 08:45:34+00:00,1000.0000,11.9900,11.9500,11.9900,11.9405,11.9652,0.4137,670903.6000,1238209.2300,85,100
2026-10-06 08:46:34+00:00,1000.0000,11.9900,11.9500,11.9900,11.9405,11.9652,0.4137,670903.6000,1238209.2300,85,100
2026-10-06 08:47:34+00:00,1000.0000,11.9900,11.9500,11.9900,11.9405,11.9652,0.4137,670903.6000,1238209.2300,85,100
2026-10-06 08:48:34+00:00,1000.0000,11.9900,11.9500,11.9900,11.9405,11.9652,0.4137,670903.6000,1238209.2300,85,100
2026-10-06 08:49:34+00:00,1000.0000,11.9900,11.9500,11.9900,11.9405,11.9652,0.4137,670845.1700,1238209.2300,85,100
2026-10-06 08:50:34+00:00,1000.0000,11.9900,11.9500,11.9900,11.9405,11.9652,0.4137,670815.0200,1238209.2300,85,100
2026-10-06 08:51:34+00:00,1000.0000,11.9900,11.9500,11.9900,11.9405,11.9652,0.4137,670815.0200,1238209.2300,85,100
2026-10-06 08:52:34+00:00,1000.0000,11.9900,11.9500,11.9900,11.9405,11.9652,0.4137,670815.0200,1238209.2300,85,100
2026-10-06 08:53:34+00:00,1000.0000,11.9900,11.9500,11.9900,11.9405,11.9652,0.4137,670815.0200,1238209.2300,85,100
2026-10-06 08:54:34+00:00,1000.0000,11.9900,11.9500,11.9900,11.9405,11.9652,0.4137,670815.0200,1238209.2300,85,100
2026-10-06 08:55:34+00:00,1000.0000,11.9900,11.9500,11.9900,11.9405,11.9652,0.4137,670815.0200,1238167.7700,85,100
2026-10-06 08:56:34+00:00,1000.0000,11.9900,11.9500,11.9900,11.9405,11.9652,0.4137,670790.1300,1238167.7700,85,100
2026-10-06 08:57:34+00:00,1000.0000,11.9900,11.9500,11.9900,11.9405,11.9652,0.4137,670790.1300,1237674.1500,85,100
2026-10-06 08:58:34+00:00,1000.0000,11.9900,11.9500,11.9900,11.9405,11.9652,0.4137,670790.1300,1237674.1500,85,100
2026-10-06 08:59:34+00:00,1000.0000,11.9900,11.9500,11.9900,11.9500,11.9700,0.3342,677790.1300,1408331.0600,86,100
2026-10-06 09:00:34+00:00,1000.0000,11.9900,11.9500,11.9900,11.9405,11.9652,0.4137,670700.6500,1237677.1500,86,100
2026-10-06 09:01:34+00:00,1000.0000,11.9900,11.9500,11.9900,11.9405,11.9652,0.4137,671950.0000,1237196.4900,88,100
2026-10-06 09:02:34+00:00,1000.0000,11.9900,11.9500,11.9900,11.9405,11.9652,0.4137,672445.9900,1475466.5600,89,100
2026-10-06 09:03:34+00:00,1000.0000,11.9900,11.9500,11.9900,11.9405,11.9652,0.4137,672445.9900,1237066.5600,89,100
2026-10-06 09:04:34+00:00,1000.0000,11.9900,11.9500,11.9900,11.9405,11.9652,0.4137,672504.4200,1237466.5600,89,100
2026-10-06 09:05:34+00:00,1000.0000,11.9900,11.9500,11.9900,11.9405,11.9652,0.4137,904139.3400,1459286.8300,93,100
2026-10-06 09:06:34+00:00,1000.0000,11.9900,11.9500,11.9900,11.9405,11.9652,0.4137,903638.4700,1459297.0400,93,100
2026-10-06 09:07:34+00:00,1000.0000,11.9900,11.9500,11.9900,11.9405,11.9652,0.4137,851139.2700,1696097.0400,90,100
2026-10-06 09:08:34+00:00,1000.0000,11.9900,11.9500,11.9900,11.9405,11.9652,0.4137,872121.1000,1696097.0400,90,100
2026-10-06 09:09:34+00:00,1000.0000,11.9900,11.9500,11.9900,11.9405,11.9652,0.4137,872670.8000,1691993.1900,91,100
2026-10-06 09:10:34+00:00,1000.0000,11.9900,11.9500,11.9900,11.9405,11.9652,0.4137,872670.8000,1700539.2000,91,100
2026-10-06 09:11:34+00:00,1000.0000,11.9900,11.9500,11.9900,11.9405,11.9652,0.4137,872145.9900,1686828.8900,90,100
2026-10-06 09:12:34+00:00,1000.0000,11.9900,11.9500,11.9900,11.9405,11.9652,0.4137,937869.4400,1686828.8900,91,100
2026-10-06 09:13:34+00:00,1000.0000,11.9900,11.9500,11.9900,11.9405,11.9652,0.4137,872276.7400,1686828.8900,91,100
2026-10-06 09:14:34+00:00,1000.0000,11.9900,11.9500,11.9900,11.9405,11.9652,0.4137,936124.4500,1686584.2900,94,100
2026-10-06 09:15:34+00:00,1000.0000,11.9900,11.9500,11.9900,11.9405,11.9652,0.4137,962395.4000,1686584.2900,94,100
2026-10-06 09:16:34+00:00,1000.0000,11.9900,11.9500,11.9900,11.9405,11.9652,0.4137,962395.4000,1686584.2900,94,100
2026-10-06 09:17:34+00:00,1000.0000,11.9900,11.9500,11.9900,11.9405,11.9652,0.4137,962897.3200,1686492.1500,94,100
2026-10-06 09:18:34+00:00,1000.0000,11.9900,11.9500,11.9900,11.9405,11.9652,0.4137,962897.3200,1686492.1500,94,100
2026-10-06 09:19:34+00:00,1000.0000,11.9900,11.9500,11.9900,11.9405,11.9652,0.4137,962893.3100,1682839.4600,94,100
2026-10-06 09:20:34+00:00,1000.0000,11.9900,11.9500,11.9900,11.9405,11.9652,0.4137,962893.3100,1683873.4100,94,100
2026-10-06 09:21:34+00:00,1000.0000,11.9900,11.9500,11.9900,11.9405,11.9652,0.4137,962893.3100,1683873.4100,94,100
2026-10-06 09:22:34+00:00,1000.0000,11.9900,11.9500,11.9900,11.9405,11.9652,0.4137,963894.5600,1683873.4100,94,100
2026-10-06 09:23:34+00:00,1000.0000,11.9900,11.9500,11.9900,11.9405,11.9652,0.4137,963894.5600,1683873.4100,94,100
2026-10-06 09:24:34+00:00,1000.0000,11.9800,11.9500,11.9800,11.9405,11.9602,0.3303,962644.0500,1683873.4100,94,100
2026-10-06 09:25:34+00:00,1000.0000,11.9800,11.9500,11.9800,11.9405,11.9602,0.3303,962385.1100,1683854.8300,93,100
2026-10-06 09:26:34+00:00,1000.0000,11.9800,11.9500,11.9800,11.9405,11.9602,0.3303,962385.1100,1683854.8300,93,100
2026-10-06 09:27:34+00:00,1000.0000,11.9800,11.9500,11.9800,11.9405,11.9602,0.3303,964547.5600,1762654.8300,94,100
2026-10-06 09:28:34+00:00,1000.0000,11.9800,11.9500,11.9800,11.9405,11.9602,0.3303,963886.5300,1841914.8300,94,100
2026-10-06 09:29:34+00:00,1000.0000,11.9800,11.9500,11.9800,11.9405,11.9602,0.3303,963754.3600,1841170.0100,93,100
2026-10-06 09:30:34+00:00,1000.0000,11.9800,11.9500,11.9800,11.9405,11.9602,0.3303,964216.1200,1841170.0100,94,100
2026-10-06 09:31:34+00:00,1000.0000,11.9800,11.9500,11.9800,11.9405,11.9602,0.3303,964216.1200,1841170.0100,94,100
2026-10-06 09:32:34+00:00,1000.0000,11.9800,11.9500,11.9800,11.9405,11.9602,0.3303,964216.1200,1841120.1400,94,100
2026-10-06 09:33:34+00:00,1000.0000,11.9800,11.9500,11.9800,11.9405,11.9602,0.3303,964216.1200,1841107.2100,94,100
2026-10-06 09:34:34+00:00,1000.0000,11.9800,11.9500,11.9800,11.9500,11.9650,0.2507,964220.1300,2078281.8600,94,100
2026-10-06 09:35:34+00:00,1000.0000,11.9800,11.9500,11.9800,11.9405,11.9602,0.3303,964972.7600,1840882.8600,95,100
2026-10-06 09:36:34+00:00,1000.0000,11.9800,11.9500,11.9800,11.9405,11.9602,0.3303,966267.1800,1934639.8500,97,100
2026-10-06 09:37:34+00:00,1000.0000,11.9800,11.9500,11.9800,11.9405,11.9602,0.3303,966037.5100,1934503.9200,97,100
2026-10-06 09:38:34+00:00,1000.0000,11.9800,11.9500,11.9800,11.9405,11.9602,0.3303,966299.2200,1934503.9200,98,100
2026-10-06 09:39:34+00:00,1000.0000,11.9800,11.9500,11.9800,11.9405,11.9602,0.3303,966549.2200,1934503.9200,99,100
2026-10-06 09:40:34+00:00,1000.0000,11.9800,11.9500,11.9800,11.9405,11.9602,0.3303,966569.1200,1999147.9900,99,100
2026-10-06 09:41:34+00:00,1000.0000,11.9800,11.9500,11.9800,11.9405,11.9602,0.3303,966151.2400,2078130.2500,99,100
2026-10-06 09:42:34+00:00,1000.0000,11.9800,11.9500,11.9800,11.9405,11.9602,0.3303,966151.2400,2220921.3200,99,100
2026-10-06 09:43:34+00:00,1000.0000,11.9800,11.9500,11.9800,11.9405,11.9602,0.3303,966000.8100,2301556.6500,99,100
2026-10-06 09:44:34+00:00,1000.0000,11.9800,11.9500,11.9800,11.9405,11.9602,0.3303,966009.7300,2302217.5800,99,100
2026-10-06 09:45:34+00:00,1000.0000,11.9700,11.9500,11.9750,11.9405,11.9578,0.2888,966592.2000,2222556.5000,100,100
2026-10-06 09:46:34+00:00,1000.0000,11.9700,11.9500,11.9750,11.9405,11.9578,0.2888,953766.7000,2301556.5000,98,100
2026-10-06 09:47:34+00:00,1000.0000,11.9700,11.9500,11.9750,11.9405,11.9578,0.2888,952266.7000,2361506.3700,97,100
2026-10-06 09:48:34+00:00,1000.0000,11.9700,11.9500,11.9750,11.9405,11.9578,0.2888,952266.7000,2359721.9300,97,100
2026-10-06 09:49:34+00:00,1000.0000,11.9700,11.9500,11.9778,11.9405,11.9592,0.3119,973630.0200,2367830.7000,100,100
2026-10-06 09:50:34+00:00,1000.0000,11.9700,11.9500,11.9778,11.9405,11.9592,0.3119,973813.8000,2287739.5700,100,100
2026-10-06 09:51:34+00:00,1000.0000,11.9700,11.9500,11.9778,11.9405,11.9592,0.3119,974014.8100,2364876.0700,100,100
2026-10-06 09:52:34+00:00,1000.0000,11.9700,11.9500,11.9778,11.9405,11.9592,0.3119,974198.5000,2294069.6800,100,100
2026-10-06 09:53:34+00:00,1000.0000,11.9700,11.9500,11.9778,11.9405,11.9592,0.3119,974198.5000,2288792.9500,100,100
2026-10-06 09:54:34+00:00,1000.0000,11.9700,11.9500,11.9778,11.9405,11.9592,0.3119,974068.1900,2288792.9500,100,100
2026-10-06 09:55:34+00:00,1000.0000,11.9700,11.9500,11.9778,11.9405,11.9592,0.3119,974124.0600,2288792.9500,100,100
2026-10-06 09:56:34+00:00,1000.0000,11.9700,11.9500,11.9757,11.9405,11.9581,0.2947,986985.0400,2286370.3900,100,100
2026-10-06 09:57:34+00:00,1000.0000,11.9700,11.9500,11.9778,11.9405,11.9592,0.3119,994448.2900,2206959.6000,100,100
2026-10-06 09:58:34+00:00,1000.0000,11.9700,11.9500,11.9778,11.9405,11.9592,0.3119,994881.4800,2206959.6000,100,100
2026-10-06 09:59:34+00:00,1000.0000,11.9700,11.9500,11.9778,11.9405,11.9592,0.3119,994881.4800,2206959.6000,100,100
2026-10-06 10:00:34+00:00,1000.0000,11.9700,11.9500,11.9778,11.9405,11.9592,0.3119,970186.8700,2206959.6000,100,100
2026-10-06 10:01:34+00:00,1000.0000,11.9700,11.9500,11.9750,11.9405,11.9578,0.2888,977448.9200,2206959.6000,100,100
2026-10-06 10:02:34+00:00,1000.0000,11.9700,11.9500,11.9750,11.9405,11.9578,0.2888,919968.1400,2206959.6000,100,100
2026-10-06 10:03:34+00:00,1000.0000,11.9700,11.9500,11.9750,11.9405,11.9578,0.2888,774322.5200,1993582.8900,100,100
2026-10-06 10:04:34+00:00,1000.0000,11.9700,11.9500,11.9750,11.9405,11.9578,0.2888,774322.5200,1991260.2600,100,100
2026-10-06 10:05:34+00:00,1000.0000,11.9700,11.9500,11.9750,11.9405,11.9578,0.2888,780038.9200,1990851.3900,100,100
2026-10-06 10:06:34+00:00,1000.0000,11.9700,11.9500,11.9750,11.9405,11.9578,0.2888,778994.6600,1990851.3900,100,100
2026-10-06 10:07:34+00:00,1000.0000,11.9700,11.9500,11.9750,11.9405,11.9578,0.2888,778912.0400,1990851.3900,100,100
2026-10-06 10:08:34+00:00,1000.0000,11.9700,11.9500,11.9750,11.9405,11.9578,0.2888,778953.9000,1990832.9400,100,100
2026-10-06 10:09:34+00:00,1000.0000,11.9700,11.9500,11.9750,11.9405,11.9578,0.2888,779038.2500,1990585.0600,100,100
2026-10-06 10:10:34+00:00,1000.0000,11.9700,11.9500,11.9750,11.9405,11.9578,0.2888,748533.1200,1990015.1300,100,100
2026-10-06 10:11:34+00:00,1000.0000,11.9700,11.9500,11.9750,11.9405,11.9578,0.2888,938929.8200,1844689.6100,100,100
2026-10-06 10:12:34+00:00,1000.0000,11.9700,11.9500,11.9750,11.9405,11.9578,0.2888,942557.1700,1844689.6100,100,100
2026-10-06 10:13:34+00:00,1000.0000,11.9700,11.9500,11.9750,11.9405,11.9578,0.2888,943622.8600,1845260.5300,100,100
2026-10-06 10:14:34+00:00,1000.0000,11.9700,11.9500,11.9755,11.9405,11.9580,0.2931,943614.5400,1844634.2200,100,100
2026-10-06 10:15:34+00:00,1000.0000,11.9700,11.9500,11.9755,11.9405,11.9580,0.2931,943407.7300,1844634.2200,100,100
2026-10-06 10:16:34+00:00,1000.0000,11.9700,11.9500,11.9755,11.9405,11.9580,0.2931,943407.7300,1926273.0200,100,100
2026-10-06 10:17:34+00:00,1000.0000,11.9700,11.9500,11.9743,11.9405,11.9574,0.2827,899720.6300,1991752.5300,100,100
2026-10-06 10:18:34+00:00,1000.0000,11.9700,11.9500,11.9743,11.9405,11.9574,0.2827,928233.5400,1769021.9400,100,100
2026-10-06 10:19:34+00:00,1000.0000,11.9700,11.9500,11.9733,11.9405,11.9569,0.2742,927497.8100,1769021.9400,100,100
2026-10-06 10:20:34+00:00,1000.0000,11.9700,11.9500,11.9755,11.9405,11.9580,0.2931,924225.8300,1848021.9400,100,100
2026-10-06 10:21:34+00:00,1000.0000,11.9700,11.9500,11.9755,11.9405,11.9580,0.2931,941558.3900,1845270.2700,100,100
2026-10-06 10:22:34+00:00,1000.0000,11.9700,11.9500,11.9750,11.9405,11.9578,0.2888,959176.6900,2037199.3900,100,100
2026-10-06 10:23:34+00:00,1000.0000,11.9700,11.9500,11.9750,11.9405,11.9578,0.2888,1148095.5100,2193446.7800,100,100
2026-10-06 10:24:34+00:00,1000.0000,11.9700,11.9500,11.9797,11.9405,11.9601,0.3276,1082700.2800,2192170.1300,100,100
2026-10-06 10:25:34+00:00,1000.0000,11.9800,11.9500,11.9800,11.9405,11.9602,0.3303,1131514.4000,2286548.3800,100,100
2026-10-06 10:26:34+00:00,1000.0000,11.9800,11.9500,11.9800,11.9405,11.9602,0.3303,1131434.9700,2233167.9200,100,100
2026-10-06 10:27:34+00:00,1000.0000,11.9800,11.9500,11.9800,11.9500,11.9650,0.2507,1125923.5100,2542530.9900,100,100
2026-10-06 10:28:34+00:00,1000.0000,11.9800,11.9500,11.9800,11.9405,11.9602,0.3303,1102486.1800,2373333.2800,100,100
2026-10-06 10:29:34+00:00,1000.0000,11.9800,11.9500,11.9800,11.9405,11.9602,0.3303,1048930.7800,2372486.6900,100,100
2026-10-06 10:30:34+00:00,1000.0000,11.9800,11.9500,11.9800,11.9405,11.9602,0.3303,1050170.7400,2165224.4300,100,100
2026-10-06 10:31:34+00:00,1000.0000,11.9800,11.9500,11.9800,11.9405,11.9602,0.3303,1075319.5400,2513036.0700,100,100
2026-10-06 10:32:34+00:00,1000.0000,11.9800,11.9500,11.9800,11.9405,11.9602,0.3303,1074804.8500,2305242.3500,100,100
2026-10-06 10:33:34+00:00,1000.0000,11.9800,11.9500,11.9800,11.9405,11.9602,0.3303,1076444.4400,2497146.8100,100,100
2026-10-06 10:34:34+00:00,1000.0000,11.9800,11.9500,11.9800,11.9405,11.9602,0.3303,1076454.4200,2418816.5900,100,100
2026-10-06 10:35:34+00:00,1000.0000,11.9800,11.9500,11.9800,11.9405,11.9602,0.3303,1077290.5200,2417060.5900,100,100
2026-10-06 10:36:34+00:00,1000.0000,11.9800,11.9500,11.9800,11.9405,11.9602,0.3303,1077190.1900,2419383.2200,100,100
2026-10-06 10:37:34+00:00,1000.0000,11.9800,11.9500,11.9800,11.9405,11.9602,0.3303,1067167.3900,2416149.5000,100,100
2026-10-06 10:38:34+00:00,1000.0000,11.9800,11.9500,11.9800,11.9405,11.9602,0.3303,1065579.4800,2411097.0100,100,100
2026-10-06 10:39:34+00:00,1000.0000,11.9800,11.9500,11.9800,11.9405,11.9602,0.3303,1065068.2000,2356496.7300,100,100
2026-10-06 10:40:34+00:00,1000.0000,11.9800,11.9500,11.9800,11.9405,11.9602,0.3303,1068726.7400,2378300.5100,100,100
2026-10-06 10:41:34+00:00,1000.0000,11.9800,11.9500,11.9800,11.9405,11.9602,0.3303,1104261.7500,2429210.5800,100,100
2026-10-06 10:42:34+00:00,1000.0000,11.9800,11.9500,11.9800,11.9405,11.9602,0.3303,1078868.6100,2427457.2000,100,100
2026-10-06 10:43:34+00:00,1000.0000,11.9800,11.9500,11.9800,11.9500,11.9650,0.2507,1065565.1600,2860565.9200,100,100
2026-10-06 10:44:34+00:00,1000.0000,11.9800,11.9500,11.9800,11.9405,11.9602,0.3303,1067188.3900,2852565.9200,100,100
2026-10-06 10:45:34+00:00,1000.0000,11.9800,11.9500,11.9800,11.9405,11.9602,0.3303,1086038.6500,2852565.9200,100,100
2026-10-06 10:46:34+00:00,1000.0000,11.9800,11.9500,11.9800,11.9405,11.9602,0.3303,1094839.3400,2743406.2600,100,100
2026-10-06 10:47:34+00:00,1000.0000,11.9800,11.9500,11.9800,11.9405,11.9602,0.3303,1094422.1700,2741785.5600,100,100
2026-10-06 10:48:34+00:00,1000.0000,11.9800,11.9500,11.9800,11.9405,11.9602,0.3303,1094325.6600,2849790.0700,100,100
2026-10-06 10:49:34+00:00,1000.0000,11.9800,11.9500,11.9800,11.9405,11.9602,0.3303,1088866.2300,2768178.5700,100,100
2026-10-06 10:50:34+00:00,1000.0000,11.9800,11.9500,11.9800,11.9405,11.9602,0.3303,933036.8700,2600049.9500,100,100
2026-10-06 10:51:34+00:00,1000.0000,11.9800,11.9500,11.9800,11.9405,11.9602,0.3303,931808.4100,2661953.7900,100,100
2026-10-06 10:52:34+00:00,1000.0000,11.9800,11.9500,11.9800,11.9405,11.9602,0.3303,968644.5700,2770027.4600,100,100
2026-10-06 10:53:34+00:00,1000.0000,11.9800,11.9500,11.9800,11.9405,11.9602,0.3303,962586.1300,2764207.0300,100,100
2026-10-06 10:54:34+00:00,1000.0000,11.9800,11.9500,11.9800,11.9405,11.9602,0.3303,966260.2000,2764207.0300,100,100
2026-10-06 10:55:34+00:00,1000.0000,11.9800,11.9500,11.9800,11.9405,11.9602,0.3303,938322.9100,2677583.4200,100,100
2026-10-06 10:56:34+00:00,1000.0000,11.9800,11.9500,11.9800,11.9405,11.9602,0.3303,938322.9100,2615410.8300,100,100
2026-10-06 10:57:34+00:00,1000.0000,11.9700,11.9500,11.9780,11.9405,11.9592,0.3132,928933.2200,2404163.4700,100,100
2026-10-06 10:58:34+00:00,1000.0000,11.9700,11.9500,11.9780,11.9405,11.9592,0.3132,932605.7500,2399232.1600,100,100
2026-10-06 10:59:34+00:00,1000.0000,11.9700,11.9500,11.9780,11.9405,11.9592,0.3132,932605.7500,2320008.1000,100,100
2026-10-06 11:00:34+00:00,1000.0000,11.9700,11.9500,11.9780,11.9500,11.9640,0.2337,929042.6000,2560772.7900,100,100
2026-10-06 11:01:34+00:00,1000.0000,11.9700,11.9500,11.9780,11.9405,11.9592,0.3132,997575.7800,2515240.0100,100,100
2026-10-06 11:02:34+00:00,1000.0000,11.9700,11.9500,11.9780,11.9405,11.9592,0.3132,997176.0200,2515240.0100,100,100
2026-10-06 11:03:34+00:00,1000.0000,11.9700,11.9500,11.9780,11.9405,11.9592,0.3132,993845.2100,2514490.0900,100,100
2026-10-06 11:04:34+00:00,1000.0000,11.9700,11.9500,11.9780,11.9405,11.9592,0.3132,993828.4500,2660112.6600,100,100
2026-10-06 11:05:34+00:00,1000.0000,11.9700,11.9500,11.9780,11.9405,11.9592,0.3132,996814.6900,2733486.3400,100,100
2026-10-06 11:06:34+00:00,1000.0000,11.9700,11.9500,11.9780,11.9405,11.9592,0.3132,1005972.5700,2703583.9000,100,100
2026-10-06 11:07:34+00:00,1000.0000,11.9700,11.9500,11.9780,11.9405,11.9592,0.3132,922522.9200,2702308.0700,100,100
2026-10-06 11:08:34+00:00,1000.0000,11.9700,11.9500,11.9780,11.9405,11.9592,0.3132,926392.4300,2570975.4600,100,100
2026-10-06 11:09:34+00:00,1000.0000,11.9800,11.9500,11.9800,11.9405,11.9602,0.3303,926319.8500,2600979.5700,100,100
2026-10-06 11:10:34+00:00,1000.0000,11.9800,11.9500,11.9800,11.9405,11.9602,0.3303,919308.1700,2621989.5700,100,100
2026-10-06 11:11:34+00:00,1000.0000,11.9800,11.9500,11.9800,11.9405,11.9602,0.3303,919015.6800,2620784.6400,100,100
2026-10-06 11:12:34+00:00,1000.0000,11.9800,11.9500,11.9800,11.9405,11.9602,0.3303,922618.7800,2620784.6400,100,100
2026-10-06 11:13:34+00:00,1000.0000,11.9800,11.9500,11.9800,11.9405,11.9602,0.3303,919734.1500,2620284.7100,100,100
2026-10-06 11:14:34+00:00,1000.0000,11.9800,11.9500,11.9800,11.9405,11.9602,0.3303,910414.0400,2754631.3900,100,100
2026-10-06 11:15:34+00:00,1000.0000,11.9800,11.9500,11.9800,11.9405,11.9602,0.3303,839935.0600,2647856.4300,100,100
2026-10-06 11:16:34+00:00,1000.0000,11.9800,11.9500,11.9800,11.9405,11.9602,0.3303,852415.4400,2645762.1100,100,100
2026-10-06 11:17:34+00:00,1000.0000,11.9700,11.9500,11.9767,11.9405,11.9586,0.3024,975799.2900,2645264.9800,100,100
2026-10-06 11:18:34+00:00,1000.0000,11.9700,11.9500,11.9767,11.9405,11.9586,0.3024,1022870.0300,2806779.8300,100,100
2026-10-06 11:19:34+00:00,1000.0000,11.9700,11.9500,11.9767,11.9405,11.9586,0.3024,927192.7700,2532630.2800,100,100
2026-10-06 11:20:34+00:00,1000.0000,11.9700,11.9500,11.9767,11.9405,11.9586,0.3024,790968.4900,2459573.7800,100,100
2026-10-06 11:21:34+00:00,1000.0000,11.9700,11.9500,11.9767,11.9405,11.9586,0.3024,788577.4800,2349024.9200,100,100
2026-10-06 11:22:34+00:00,1000.0000,11.9800,11.9500,11.9800,11.9405,11.9602,0.3303,789816.0300,2303339.8800,100,100
2026-10-06 11:23:34+00:00,1000.0000,11.9800,11.9500,11.9800,11.9405,11.9602,0.3303,752269.9900,2504137.4100,100,100
2026-10-06 11:24:34+00:00,1000.0000,11.9800,11.9500,11.9800,11.9405,11.9602,0.3303,788764.0800,2428391.4500,100,100
2026-10-06 11:25:34+00:00,1000.0000,11.9800,11.9500,11.9800,11.9405,11.9602,0.3303,788899.1200,2378754.5900,100,100
2026-10-06 11:26:34+00:00,1000.0000,11.9800,11.9500,11.9800,11.9405,11.9602,0.3303,871454.6200,2402987.0000,100,100
2026-10-06 11:27:34+00:00,1000.0000,11.9800,11.9500,11.9800,11.9405,11.9602,0.3303,770519.7100,2449688.4600,100,100
2026-10-06 11:28:34+00:00,1000.0000,11.9800,11.9500,11.9800,11.9405,11.9602,0.3303,759508.8600,2384662.8900,100,100
2026-10-06 11:29:34+00:00,1000.0000,11.9800,11.9500,11.9800,11.9405,11.9602,0.3303,758532.7100,2364700.2300,100,100
2026-10-06 11:30:34+00:00,1000.0000,11.9800,11.9500,11.9800,11.9405,11.9602,0.3303,755419.1400,2439403.9500,100,100
2026-10-06 11:31:34+00:00,1000.0000,11.9700,11.9500,11.9792,11.9405,11.9599,0.3237,722229.4200,2302992.2400,100,100
2026-10-06 11:32:34+00:00,1000.0000,11.9800,11.9500,11.9800,11.9405,11.9602,0.3303,774793.6600,2371060.0000,100,100
2026-10-06 11:33:34+00:00,1000.0000,11.9800,11.9500,11.9800,11.9405,11.9602,0.3303,779200.9600,2378733.8600,100,100
2026-10-06 11:34:34+00:00,1000.0000,11.9800,11.9500,11.9800,11.9405,11.9602,0.3303,771190.3800,2379005.4300,100,100
2026-10-06 11:35:34+00:00,1000.0000,11.9800,11.9500,11.9800,11.9405,11.9602,0.3303,981332.6900,2475936.0000,100,100
2026-10-06 11:36:34+00:00,1000.0000,11.9800,11.9500,11.9800,11.9405,11.9602,0.3303,909476.2500,2369539.3100,100,100
2026-10-06 11:37:34+00:00,1000.0000,11.9800,11.9500,11.9800,11.9405,11.9602,0.3303,894865.7300,2347362.8200,100,100
2026-10-06 11:38:34+00:00,1000.0000,11.9700,11.9500,11.9783,11.9405,11.9594,0.3163,913383.2000,2366650.4700,100,100
2026-10-06 11:39:34+00:00,1000.0000,11.9800,11.9500,11.9800,11.9405,11.9602,0.3303,913292.5400,2581190.0800,100,100
2026-10-06 11:40:34+00:00,1000.0000,11.9800,11.9500,11.9800,11.9405,11.9602,0.3303,906641.9800,2482973.3200,100,100
2026-10-06 11:41:34+00:00,1000.0000,11.9700,11.9500,11.9700,11.9405,11.9552,0.2468,903747.2700,2481498.6100,100,100
2026-10-06 11:42:34+00:00,1000.0000,11.9700,11.9500,11.9700,11.9405,11.9552,0.2468,897603.9100,2458338.1000,100,100
2026-10-06 11:43:34+00:00,1000.0000,11.9600,11.9500,11.9600,11.9405,11.9502,0.1632,893124.4000,2453650.4300,100,100
2026-10-06 11:44:34+00:00,1000.0000,11.9600,11.9500,11.9600,11.9405,11.9502,0.1632,874131.0800,2353204.0200,100,100
2026-10-06 11:45:34+00:00,1000.0000,11.9600,11.9500,11.9600,11.9405,11.9502,0.1632,862341.3200,2066896.6800,100,100
2026-10-06 11:46:34+00:00,1000.0000,11.9600,11.9500,11.9600,11.9405,11.9502,0.1632,822191.0700,1925752.4800,100,100
2026-10-06 11:47:34+00:00,1000.0000,11.9600,11.9500,11.9600,11.9405,11.9502,0.1632,860094.0300,1980167.9800,100,100
2026-10-06 11:48:34+00:00,1000.0000,11.9700,11.9500,11.9700,11.9405,11.9552,0.2468,859193.3000,2362772.6800,100,100
2026-10-06 11:49:34+00:00,1000.0000,11.9700,11.9500,11.9700,11.9405,11.9552,0.2468,848838.0700,2168908.8900,100,100
2026-10-06 11:50:34+00:00,1000.0000,11.9700,11.9500,11.9700,11.9405,11.9552,0.2468,848726.7700,2314550.8300,100,100
2026-10-06 11:51:34+00:00,1000.0000,11.9700,11.9500,11.9700,11.9405,11.9552,0.2468,825208.1500,2122580.0500,100,100
2026-10-06 11:52:34+00:00,1000.0000,11.9700,11.9500,11.9700,11.9405,11.9552,0.2468,858825.9900,2374008.9500,100,100
2026-10-06 11:53:34+00:00,1000.0000,11.9600,11.9500,11.9600,11.9405,11.9502,0.1632,765829.6700,2402964.2200,100,100
2026-10-06 11:54:34+00:00,1000.0000,11.9600,11.9500,11.9600,11.9405,11.9502,0.1632,925143.4000,2445126.6100,100,100
2026-10-06 11:55:34+00:00,1000.0000,11.9600,11.9500,11.9600,11.9405,11.9502,0.1632,799307.5100,2541386.3400,100,100
2026-10-06 11:56:34+00:00,1000.0000,11.9500,11.9500,11.9577,11.9405,11.9491,0.1443,799170.2000,2604692.7500,100,100
2026-10-06 11:57:34+00:00,1000.0000,11.9500,11.9500,11.9500,11.9405,11.9452,0.0795,933191.5700,2685612.0800,100,100
2026-10-06 11:58:34+00:00,1000.0000,11.9500,11.9500,11.9500,11.9405,11.9452,0.0795,888168.5300,2509831.7700,100,100
2026-10-06 11:59:34+00:00,1000.0000,11.9500,11.9500,11.9500,11.9405,11.9452,0.0795,886716.9300,2421663.3900,100,100
2026-10-06 12:00:34+00:00,1000.0000,11.9500,11.9500,11.9508,11.9190,11.9349,0.2657,883455.6200,2432331.8200,100,100
2026-10-06 12:01:34+00:00,1000.0000,11.9500,11.9500,11.9600,11.9217,11.9408,0.3210,766772.5900,2729954.9700,100,100
2026-10-06 12:02:34+00:00,1000.0000,11.9600,12.0000,11.9600,11.9297,11.9448,0.2539,769770.7500,2698478.8200,100,100
2026-10-06 12:03:34+00:00,1000.0000,11.9600,12.0000,11.9600,11.9297,11.9448,0.2539,743170.7800,2968943.8200,100,100
2026-10-06 12:04:34+00:00,1000.0000,11.9600,12.0000,11.9600,11.9322,11.9461,0.2326,712302.2400,2827211.6500,100,100
2026-10-06 12:05:34+00:00,1000.0000,11.9600,11.9500,11.9600,11.9310,11.9455,0.2428,755764.2600,2720223.5600,100,100
2026-10-06 12:06:34+00:00,1000.0000,11.9600,11.9500,11.9616,11.9405,11.9511,0.1769,753868.6100,2585969.5100,100,100
2026-10-06 12:07:34+00:00,1000.0000,11.9700,11.9500,11.9700,11.9310,11.9505,0.3264,755192.8600,2508107.0000,100,100
2026-10-06 12:08:34+00:00,1000.0000,11.9600,11.9500,11.9680,11.9310,11.9495,0.3096,732150.2800,2716969.4000,100,100
2026-10-06 12:09:34+00:00,1000.0000,11.9600,11.9500,11.9652,11.9310,11.9481,0.2863,737226.8300,2574069.3300,100,100
2026-10-06 12:10:34+00:00,1000.0000,11.9600,11.9500,11.9652,11.9310,11.9481,0.2863,720342.5900,2568718.4700,100,100
2026-10-06 12:11:34+00:00,1000.0000,11.9600,11.9500,11.9600,11.9310,11.9455,0.2428,712296.6200,2551448.2700,100,100
2026-10-06 12:12:34+00:00,1000.0000,11.9600,11.9500,11.9600,11.9310,11.9455,0.2428,747754.6500,2820143.3700,100,100
2026-10-06 12:13:34+00:00,1000.0000,11.9500,11.9500,11.9510,11.9310,11.9410,0.1675,739982.8300,2607173.1100,100,100
2026-10-06 12:14:34+00:00,1000.0000,11.9500,11.9500,11.9516,11.9310,11.9413,0.1724,744929.6800,2670411.8100,100,100
2026-10-06 12:15:34+00:00,1000.0000,11.9500,11.9500,11.9516,11.9405,11.9460,0.0928,728607.9800,2608326.5600,100,100
2026-10-06 12:16:34+00:00,1000.0000,11.9500,11.9500,11.9516,11.9405,11.9460,0.0928,720752.7700,2557799.8900,100,100
2026-10-06 12:17:34+00:00,1000.0000,11.9500,11.9500,11.9516,11.9405,11.9460,0.0928,799856.7500,2939643.2900,100,100
2026-10-06 12:18:34+00:00,1000.0000,11.9500,11.9500,11.9517,11.9405,11.9461,0.0936,740508.0700,2729986.9000,100,100
2026-10-06 12:19:34+00:00,1000.0000,11.9500,11.9500,11.9520,11.9405,11.9463,0.0967,682428.7600,2581665.4000,100,100
2026-10-06 12:20:34+00:00,1000.0000,11.9500,11.9500,11.9520,11.9405,11.9463,0.0967,677306.8300,2662472.4900,100,100
2026-10-06 12:21:34+00:00,1000.0000,11.9500,11.9500,11.9520,11.9405,11.9463,0.0967,677765.3800,2522382.6400,100,100
2026-10-06 12:22:34+00:00,1000.0000,11.9500,11.9500,11.9529,11.9405,11.9467,0.1040,813725.6400,2355814.2700,100,100
2026-10-06 12:23:34+00:00,1000.0000,11.9500,11.9500,11.9529,11.9405,11.9467,0.1040,862692.8800,2283951.4600,100,100
2026-10-06 12:24:34+00:00,1000.0000,11.9500,11.9500,11.9500,11.9405,11.9452,0.0795,876425.3700,2254859.1500,100,100
2026-10-06 12:25:34+00:00,1000.0000,11.9500,11.9500,11.9500,11.9405,11.9452,0.0795,885914.2600,2330363.2500,100,100
2026-10-06 12:26:34+00:00,1000.0000,11.9500,11.9500,11.9500,11.9231,11.9366,0.2253,880072.8100,2354074.9100,100,100
2026-10-06 12:27:34+00:00,1000.0000,11.9500,11.9500,11.9500,11.9231,11.9366,0.2253,854346.9500,2569071.8300,100,100
2026-10-06 12:28:34+00:00,1000.0000,11.9500,11.9500,11.9500,11.9172,11.9336,0.2746,890106.1900,2651432.0900,100,100
2026-10-06 12:29:34+00:00,1000.0000,11.9500,11.9500,11.9500,11.9172,11.9336,0.2746,852488.2300,2664885.8800,100,100
2026-10-06 12:30:34+00:00,1000.0000,11.9500,11.9500,11.9500,11.9172,11.9336,0.2746,917138.1200,2446203.5200,100,100
2026-10-06 12:31:34+00:00,1000.0000,11.9500,11.9500,11.9500,11.9140,11.9320,0.3016,852708.0600,2087721.8300,100,100
2026-10-06 12:32:34+00:00,1000.0000,11.9500,11.9500,11.9500,11.9215,11.9357,0.2388,1032097.7400,2104612.6800,100,100
2026-10-06 12:33:34+00:00,1000.0000,11.9400,11.9500,11.9423,11.9255,11.9339,0.1412,1002860.5500,2016908.8500,100,100
2026-10-06 12:34:34+00:00,1000.0000,11.9400,11.9500,11.9400,11.9246,11.9323,0.1292,817325.6600,2023278.5600,100,100
2026-10-06 12:35:34+00:00,1000.0000,11.9400,11.9500,11.9400,11.9213,11.9306,0.1572,787520.6800,2000875.0000,100,100
2026-10-06 12:36:34+00:00,1000.0000,11.9400,11.9500,11.9431,11.9093,11.9262,0.2828,837529.2300,1823307.4800,100,100
2026-10-06 12:37:34+00:00,1000.0000,11.9400,11.9500,11.9400,11.9093,11.9247,0.2572,806349.5600,2122956.0600,100,100
2026-10-06 12:38:34+00:00,1000.0000,11.9400,11.9500,11.9400,11.9093,11.9247,0.2572,903054.2600,2220035.2400,100,100
2026-10-06 12:39:34+00:00,1000.0000,11.9400,11.9500,11.9400,11.9202,11.9301,0.1657,908084.7100,2186661.3100,100,100
2026-10-06 12:40:34+00:00,1000.0000,11.9300,11.9500,11.9300,11.9030,11.9165,0.2266,859707.2400,2247688.8700,100,100
2026-10-06 12:41:34+00:00,1000.0000,11.9300,11.9500,11.9300,11.9404,11.9352,-0.0868,839715.0700,2487533.7900,100,100
2026-10-06 12:42:34+00:00,1000.0000,11.9300,11.9500,11.9314,11.9402,11.9358,-0.0735,770707.2200,2469119.6800,100,100
2026-10-06 12:43:34+00:00,1000.0000,11.9200,11.9500,11.9200,11.9025,11.9112,0.1469,701779.7200,2389745.6500,100,100
2026-10-06 12:44:34+00:00,1000.0000,11.9300,11.9500,11.9300,11.9025,11.9162,0.2308,607605.2500,2360661.6400,100,100
2026-10-06 12:45:34+00:00,1000.0000,11.9300,11.9500,11.9300,11.9025,11.9162,0.2308,601519.0800,2454829.8100,100,100
2026-10-06 12:46:34+00:00,1000.0000,11.9300,11.9500,11.9300,11.9025,11.9162,0.2308,615797.9600,2345556.6800,100,100
2026-10-06 12:47:34+00:00,1000.0000,11.9300,11.9500,11.9300,11.9025,11.9162,0.2308,606474.7700,2333631.6200,100,100
2026-10-06 12:48:34+00:00,1000.0000,11.9300,11.9000,11.9300,11.9000,11.9150,0.2518,600738.5600,2485298.8500,100,100
2026-10-06 12:49:34+00:00,1000.0000,11.9200,11.9000,11.9239,11.8988,11.9113,0.2109,564617.5300,2456980.6700,100,100
2026-10-06 12:50:34+00:00,1000.0000,11.9300,11.9000,11.9300,11.8978,11.9139,0.2706,552530.3500,2461998.2100,100,100
2026-10-06 12:51:34+00:00,1000.0000,11.9300,11.9000,11.9300,11.8998,11.9149,0.2530,559667.8000,2254377.5500,100,100
2026-10-06 12:52:34+00:00,1000.0000,11.9300,11.9000,11.9300,11.9000,11.9150,0.2518,492654.8900,2127069.0100,100,100
2026-10-06 12:53:34+00:00,1000.0000,11.9200,11.9000,11.9300,11.9000,11.9150,0.2518,508666.0900,2383068.0500,100,100
2026-10-06 12:54:34+00:00,1000.0000,11.9300,11.9000,11.9300,11.9000,11.9150,0.2518,469015.7900,2453398.3400,100,100
2026-10-06 12:55:34+00:00,1000.0000,11.9300,11.9000,11.9300,11.9000,11.9150,0.2518,484872.0000,2374656.2600,100,100
2026-10-06 12:56:34+00:00,1000.0000,11.9300,11.9000,11.9300,11.9000,11.9150,0.2518,484852.4400,2561342.6900,100,100
2026-10-06 12:57:34+00:00,1000.0000,11.9300,11.9000,11.9352,11.9000,11.9176,0.2953,509013.8700,2553679.7400,100,100
2026-10-06 12:58:34+00:00,1000.0000,11.9300,11.9000,11.9392,11.8968,11.9180,0.3561,508474.3300,2629089.4700,100,100
2026-10-06 12:59:34+00:00,1000.0000,11.9300,11.9000,11.9392,11.8973,11.9182,0.3517,569854.8500,2621123.7600,100,100
2026-10-06 13:00:34+00:00,1000.0000,11.9300,11.9000,11.9400,11.8968,11.9184,0.3626,706645.4700,2573572.7200,100,100
2026-10-06 13:01:34+00:00,1000.0000,11.9300,11.9000,11.9300,11.8969,11.9135,0.2774,562348.9400,2608863.4700,100,100
2026-10-06 13:02:34+00:00,1000.0000,11.9300,11.9000,11.9300,11.8977,11.9139,0.2709,632148.9700,2572590.0300,100,100
2026-10-06 13:03:34+00:00,1000.0000,11.9300,11.9000,11.9300,11.8998,11.9149,0.2537,637568.4700,2578168.7700,100,100
2026-10-06 13:04:34+00:00,1000.0000,11.9300,11.9100,11.9300,11.9100,11.9200,0.1678,665019.7400,2667983.2800,100,100
2026-10-06 13:05:34+00:00,1000.0000,11.9200,11.9000,11.9200,11.9000,11.9100,0.1679,599823.9600,2493173.3800,100,100
2026-10-06 13:06:34+00:00,1000.0000,11.9200,11.9000,11.9200,11.9000,11.9100,0.1679,673678.0400,2484875.6200,100,100
2026-10-06 13:07:34+00:00,1000.0000,11.9200,11.9000,11.9254,11.9000,11.9127,0.2128,660940.9100,2563648.1300,100,100
2026-10-06 13:08:34+00:00,1000.0000,11.9300,11.9000,11.9300,11.9000,11.9150,0.2518,669385.0700,2534779.5900,100,100
2026-10-06 13:09:34+00:00,1000.0000,11.9200,11.9000,11.9300,11.9000,11.9150,0.2518,624006.0500,2470668.8300,100,100
2026-10-06 13:10:34+00:00,1000.0000,11.9300,11.9000,11.9300,11.9000,11.9150,0.2518,633168.3800,2477183.7200,100,100
2026-10-06 13:11:34+00:00,1000.0000,11.9300,11.9000,11.9300,11.9000,11.9150,0.2518,626471.9000,2655311.8900,100,100
2026-10-06 13:12:34+00:00,1000.0000,11.9300,11.9000,11.9300,11.9000,11.9150,0.2518,769725.0300,2850559.7100,100,100
2026-10-06 13:13:34+00:00,1000.0000,11.9200,11.9000,11.9240,11.9000,11.9120,0.2014,799498.0000,2678490.7400,100,100
2026-10-06 13:14:34+00:00,1000.0000,11.9200,11.9000,11.9221,11.9000,11.9111,0.1856,870597.0400,2760714.5700,100,100
2026-10-06 13:15:34+00:00,1000.0000,11.9200,11.9000,11.9200,11.9000,11.9100,0.1679,841605.8100,2636942.0800,100,100
2026-10-06 13:16:34+00:00,1000.0000,11.9200,11.9000,11.9200,11.9000,11.9100,0.1679,847301.6300,2807839.3000,100,100
2026-10-06 13:17:34+00:00,1000.0000,11.9200,11.9000,11.9200,11.9000,11.9100,0.1679,651175.3400,2416473.3100,100,100
2026-10-06 13:18:34+00:00,1000.0000,11.9200,11.9000,11.9200,11.9000,11.9100,0.1679,676504.6700,2948474.4700,100,100
2026-10-06 13:19:34+00:00,1000.0000,11.9200,11.9000,11.9200,11.9000,11.9100,0.1679,672379.2400,2333063.0200,100,100
2026-10-06 13:20:34+00:00,1000.0000,11.9200,11.9000,11.9200,,,,896386.7400,2460258.0200,100,100
2026-10-06 13:21:34+00:00,1000.0000,11.9200,11.9000,11.9200,,,,951164.2600,2412997.4000,100,100
2026-10-06 13:22:34+00:00,1000.0000,11.9200,11.9000,11.9200,,,,955414.2400,2483477.7000,100,100
2026-10-06 13:23:34+00:00,1000.0000,11.9200,11.9000,11.9200,,,,951929.5500,2475572.7600,100,100
2026-10-06 13:24:34+00:00,1000.0000,11.9200,11.9000,11.9200,,,,817656.8900,2266502.7800,100,100
2026-10-06 13:25:34+00:00,1000.0000,11.9200,11.9000,11.9200,11.9000,11.9100,0.1679,740817.0700,2269173.9000,100,100
2026-10-06 13:26:34+00:00,1000.0000,11.9200,11.9000,11.9200,11.9000,11.9100,0.1679,758501.7200,2454454.8200,100,100
2026-10-06 13:27:34+00:00,1000.0000,11.9200,11.9000,11.9200,11.9000,11.9100,0.1679,643216.5500,2586267.7400,100,100
2026-10-06 13:28:34+00:00,1000.0000,11.9100,11.9000,11.9160,11.9000,11.9080,0.1345,893035.8100,2794752.8600,100,100
2026-10-06 13:29:34+00:00,1000.0000,11.9200,11.9000,11.9200,11.9000,11.9100,0.1679,898597.0500,2773478.0500,100,100
2026-10-06 13:30:34+00:00,1000.0000,11.9200,11.9000,11.9200,11.9000,11.9100,0.1679,830963.1100,2741897.4200,100,100
2026-10-06 13:31:34+00:00,1000.0000,11.9100,11.9000,11.9200,11.9000,11.9100,0.1679,813230.4100,2741286.9900,100,100
2026-10-06 13:32:34+00:00,1000.0000,11.9100,11.9000,,11.9000,,,795877.0400,2739350.6200,100,100
2026-10-06 13:33:34+00:00,1000.0000,11.9100,11.9000,11.9100,11.9000,11.9050,0.0840,723120.6800,2653104.5800,100,100
2026-10-06 13:34:34+00:00,1000.0000,11.9100,11.9000,11.9100,11.9000,11.9050,0.0840,838254.7600,2713896.0100,100,100
2026-10-06 13:35:34+00:00,1000.0000,11.9100,11.9000,11.9100,11.8813,11.8956,0.2416,712229.1600,2901429.0700,100,100
2026-10-06 13:36:34+00:00,1000.0000,11.9000,11.9500,11.9000,11.9500,11.9250,-0.4193,899227.3200,2236667.4800,100,100
2026-10-06 13:37:34+00:00,1000.0000,11.8900,11.9000,11.9000,11.8889,11.8945,0.0929,941182.4300,2406151.3100,100,100
2026-10-06 13:38:34+00:00,1000.0000,11.8900,11.9000,11.8900,11.8727,11.8813,0.1459,961708.7900,1875796.1500,100,100
2026-10-06 13:39:34+00:00,1000.0000,11.8900,11.9000,11.8900,11.8714,11.8807,0.1565,993291.3400,2000528.7200,100,100
2026-10-06 13:40:34+00:00,1000.0000,11.8900,11.9000,11.8900,11.8685,11.8792,0.1811,1058867.5000,1776814.4000,100,100
2026-10-06 13:41:34+00:00,1000.0000,11.8800,11.9000,11.8884,11.8633,11.8758,0.2114,1073811.4300,1980212.0200,100,100
2026-10-06 13:42:34+00:00,1000.0000,11.8900,11.9000,11.8900,11.8633,11.8766,0.2251,1068170.4500,1764532.3900,100,100
2026-10-06 13:43:34+00:00,1000.0000,11.8800,11.9000,11.8800,11.8628,11.8714,0.1445,993699.4100,1979534.6300,100,100
2026-10-06 13:44:34+00:00,1000.0000,11.8800,11.9000,11.8800,11.8622,11.8711,0.1501,1168832.8500,2092798.7800,100,100
2026-10-06 13:45:34+00:00,1000.0000,11.8800,11.9000,11.8800,11.8622,11.8711,0.1501,976098.3000,1911721.7500,100,100
2026-10-06 13:46:34+00:00,1000.0000,11.8700,11.9000,11.8740,11.8618,11.8679,0.1031,956904.8400,1975492.2700,100,100
2026-10-06 13:47:34+00:00,1000.0000,11.8700,11.9000,11.8700,11.8639,11.8670,0.0512,635534.2200,2188001.0700,100,100
2026-10-06 13:48:34+00:00,1000.0000,11.8700,11.9000,11.8700,11.8636,11.8668,0.0541,634102.9700,1967633.2600,100,100
2026-10-06 13:49:34+00:00,1000.0000,11.8600,11.9000,11.8700,11.8611,11.8655,0.0752,1028949.4300,2464511.1000,100,100
2026-10-06 13:50:34+00:00,1000.0000,11.8600,11.9000,11.8600,11.8611,11.8605,-0.0091,1010311.4600,2121244.6100,100,100
2026-10-06 13:51:34+00:00,1000.0000,11.8600,11.9000,11.8600,11.8306,11.8453,0.2483,821204.2100,2033007.8000,100,100
2026-10-06 13:52:34+00:00,1000.0000,11.8600,11.8500,11.8600,11.8276,11.8438,0.2737,839726.1700,2073919.9800,100,100
2026-10-06 13:53:34+00:00,1000.0000,11.8600,11.8500,11.8600,11.8276,11.8438,0.2737,765218.5900,2116579.5000,100,100
2026-10-06 13:54:34+00:00,1000.0000,11.8600,11.8500,11.8600,11.8272,11.8436,0.2772,709707.3800,2149405.6500,100,100
2026-10-06 13:55:34+00:00,1000.0000,11.8500,11.8500,11.8600,11.8266,11.8433,0.2823,848983.8600,2025795.8200,100,100
2026-10-06 13:56:34+00:00,1000.0000,11.8600,11.8500,11.8600,11.8266,11.8433,0.2823,914296.6700,2129337.0700,100,100
2026-10-06 13:57:34+00:00,1000.0000,11.8600,11.8500,11.8600,11.8222,11.8411,0.3196,967219.2400,2245672.7500,100,100
2026-10-06 13:58:34+00:00,1000.0000,11.8500,11.8500,11.8600,11.8236,11.8418,0.3076,902604.9200,2443366.4900,100,100
2026-10-06 13:59:34+00:00,1000.0000,11.8600,11.8500,11.8600,11.8303,11.8451,0.2507,676894.3700,2416075.9500,100,100
2026-10-06 14:00:34+00:00,1000.0000,11.8600,11.8500,11.8600,11.8303,11.8451,0.2507,585119.6900,2506230.6300,100,100
2026-10-06 14:01:34+00:00,1000.0000,11.8600,11.8500,11.8619,11.8303,11.8461,0.2665,575995.0000,2507482.9100,100,100
2026-10-06 14:02:34+00:00,1000.0000,11.8700,11.8500,11.8700,11.8303,11.8501,0.3350,594303.1400,2677926.4600,100,100
2026-10-06 14:03:34+00:00,1000.0000,11.8700,11.8500,11.8700,11.8401,11.8551,0.2518,599880.2800,2725695.3700,100,100
2026-10-06 14:04:34+00:00,1000.0000,11.8700,11.8500,11.8700,11.8401,11.8551,0.2518,539658.9500,2869358.6500,100,100
2026-10-06 14:05:34+00:00,1000.0000,11.8700,11.8400,11.8783,11.8400,11.8592,0.3231,628500.3900,2952025.2700,100,100
2026-10-06 14:06:34+00:00,1000.0000,11.8700,11.8500,11.8790,11.8442,11.8616,0.2930,599445.8900,2864963.1900,100,100
2026-10-06 14:07:34+00:00,1000.0000,11.8700,11.8500,11.8847,11.8500,11.8673,0.2921,803848.0800,3045796.2600,100,100
2026-10-06 14:08:34+00:00,1000.0000,11.8700,11.8500,11.8863,11.8500,11.8682,0.3060,918598.5100,3078640.4000,100,100
2026-10-06 14:09:34+00:00,1000.0000,11.8700,11.8400,11.8790,11.8400,11.8595,0.3289,585415.6200,2806300.2500,100,100
2026-10-06 14:10:34+00:00,1000.0000,11.8700,11.8400,11.8790,11.8400,11.8595,0.3289,675494.7700,3123022.4800,100,100
2026-10-06 14:11:34+00:00,1000.0000,11.8700,11.8400,11.8790,11.8400,11.8595,0.3289,750107.2100,2795370.6600,100,100
2026-10-06 14:12:34+00:00,1000.0000,11.8700,11.8400,11.8738,11.8346,11.8542,0.3299,821854.1500,2739257.7700,100,100
2026-10-06 14:13:34+00:00,1000.0000,11.8700,11.8400,11.8764,11.8304,11.8534,0.3877,844715.1100,2852514.9700,100,100
2026-10-06 14:14:34+00:00,1000.0000,11.8700,11.8400,11.8729,11.8304,11.8516,0.3581,824098.7500,2473046.4200,100,100
2026-10-06 14:15:34+00:00,1000.0000,11.8700,11.8400,11.8730,11.8304,11.8517,0.3589,821868.0400,2163948.1000,100,100
2026-10-06 14:16:34+00:00,1000.0000,11.8700,11.8400,11.8718,11.8304,11.8511,0.3496,799832.6000,2143898.7600,100,100
2026-10-06 14:17:34+00:00,1000.0000,11.8700,11.8400,11.8705,11.8400,11.8552,0.2570,816395.5700,2052717.8300,100,100
2026-10-06 14:18:34+00:00,1000.0000,11.8700,11.8400,11.8722,11.8400,11.8561,0.2714,812663.4500,2292934.9800,100,100
2026-10-06 14:19:34+00:00,1000.0000,11.8600,11.8300,,11.8300,,,807853.5500,2629020.9100,100,100
2026-10-06 14:20:34+00:00,1000.0000,11.8700,11.8300,11.8700,11.8300,11.8500,0.3376,822636.0000,2537357.3400,100,100
2026-10-06 14:21:34+00:00,1000.0000,11.8700,11.8300,11.8700,11.8300,11.8500,0.3376,1019523.4000,2797901.4700,100,100
2026-10-06 14:22:34+00:00,1000.0000,11.8600,11.8300,11.8600,11.8300,11.8450,0.2533,1144632.3900,2687334.6700,100,100
2026-10-06 14:23:34+00:00,1000.0000,11.8600,11.8300,11.8600,11.8300,11.8450,0.2533,1002451.4500,2770253.9600,100,100
2026-10-06 14:24:34+00:00,1000.0000,11.8600,11.8200,11.8600,11.8200,11.8400,0.3378,878213.4600,2707418.1300,100,100
2026-10-06 14:25:34+00:00,1000.0000,11.8600,11.8200,11.8600,11.8200,11.8400,0.3378,872293.2500,2697117.8400,100,100
2026-10-06 14:26:34+00:00,1000.0000,11.8600,11.8200,11.8600,11.8200,11.8400,0.3378,864276.8400,2693825.8200,100,100
2026-10-06 14:27:34+00:00,1000.0000,11.8600,11.8200,11.8600,11.8200,11.8400,0.3378,857707.7100,2752264.1400,100,100
2026-10-06 14:28:34+00:00,1000.0000,11.8300,11.8200,11.8540,11.8200,11.8370,0.2874,1005575.7800,2725740.0200,100,100
2026-10-06 14:29:34+00:00,1000.0000,11.8500,11.9000,11.8500,11.9000,11.8750,-0.4211,965201.6000,2309578.8500,100,100
2026-10-06 14:30:34+00:00,1000.0000,11.8600,11.8200,11.8604,11.8200,11.8402,0.3412,864056.9600,2068774.0200,100,100
2026-10-06 14:31:34+00:00,1000.0000,11.8500,11.8300,11.8500,11.8300,11.8400,0.1689,944928.8700,2162684.9500,100,100
2026-10-06 14:32:34+00:00,1000.0000,11.8500,11.8200,11.8569,11.8200,11.8384,0.3113,969717.3300,2164001.7300,100,100
2026-10-06 14:33:34+00:00,1000.0000,11.8500,11.8200,11.8569,11.8125,11.8347,0.3745,910575.5200,2209536.3500,100,100
2026-10-06 14:34:34+00:00,1000.0000,11.8500,11.8200,11.8576,11.8125,11.8350,0.3805,902084.2900,2368047.9000,100,100
2026-10-06 14:35:34+00:00,1000.0000,11.8500,11.8200,11.8576,11.8125,11.8350,0.3805,908166.1600,2422008.6600,100,100
2026-10-06 14:36:34+00:00,1000.0000,11.8400,11.8200,11.8461,11.8125,11.8293,0.2838,905032.7400,2638434.0900,100,100
2026-10-06 14:37:34+00:00,1000.0000,11.8500,11.8200,11.8500,11.8125,11.8313,0.3167,912526.2900,2634939.6000,100,100
2026-10-06 14:38:34+00:00,1000.0000,11.8500,11.8200,11.8500,11.8200,11.8350,0.2535,902692.1800,2528565.9700,100,100
2026-10-06 14:39:34+00:00,1000.0000,11.8400,11.8200,11.8485,11.8200,11.8343,0.2408,860246.5500,2502004.4200,100,100
2026-10-06 14:40:34+00:00,1000.0000,11.8400,11.8200,11.8539,11.8125,11.8332,0.3500,855306.3500,2268215.1500,100,100
2026-10-06 14:41:34+00:00,1000.0000,11.8400,11.8200,11.8485,11.8125,11.8305,0.3040,923136.6500,2309424.0100,100,100
2026-10-06 14:42:34+00:00,1000.0000,11.8400,11.8200,11.8463,11.8125,11.8294,0.2859,811241.8500,2454831.4100,100,100
2026-10-06 14:43:34+00:00,1000.0000,11.8400,11.8200,11.8463,11.8125,11.8294,0.2859,1365613.8700,2654288.5000,100,100
2026-10-06 14:44:34+00:00,1000.0000,11.8200,12.0000,11.8360,11.8173,11.8266,0.1583,1203021.4500,2463305.2000,100,100
2026-10-06 14:45:34+00:00,1000.0000,11.8200,11.8200,11.8362,11.8125,11.8244,0.1999,1188506.8100,2300805.1900,100,100
2026-10-06 14:46:34+00:00,1000.0000,11.8200,11.8200,11.8419,11.8125,11.8272,0.2487,1114572.1000,2017990.6200,100,100
2026-10-06 14:47:34+00:00,1000.0000,11.8400,11.8200,11.8400,11.8125,11.8263,0.2323,1157812.9800,2025241.8100,100,100
2026-10-06 14:48:34+00:00,1000.0000,11.8300,11.8200,11.8300,11.8125,11.8213,0.1478,1208564.2500,1894271.0300,100,100
2026-10-06 14:49:34+00:00,1000.0000,11.8300,12.1100,11.8300,12.0800,11.9550,-2.0912,1283948.2300,1899669.6800,100,100
2026-10-06 14:50:34+00:00,1000.0000,11.8200,11.8200,11.8200,11.8125,11.8163,0.0632,887698.4100,1978965.6300,100,100
2026-10-06 14:51:34+00:00,1000.0000,11.8200,11.8200,11.8200,11.8125,11.8163,0.0632,963011.1700,1831844.3100,100,100
2026-10-06 14:52:34+00:00,1000.0000,11.8100,11.8200,11.8190,11.8125,11.8158,0.0545,985287.8000,1783526.2500,100,100
2026-10-06 14:53:34+00:00,1000.0000,11.8200,11.8200,11.8200,11.8125,11.8163,0.0632,1103860.8500,1811724.0100,100,100
2026-10-06 14:54:34+00:00,1000.0000,11.8200,11.8200,11.8200,11.8125,11.8163,0.0632,1078083.8500,1904386.6800,100,100
2026-10-06 14:55:34+00:00,1000.0000,11.8100,11.8100,11.8200,11.8100,11.8150,0.0846,1266912.3200,2429116.2400,100,100
2026-10-06 14:56:34+00:00,1000.0000,11.8100,11.8100,11.8145,11.8080,11.8112,0.0548,1376543.9200,2339723.5100,100,100
2026-10-06 14:57:34+00:00,1000.0000,11.8100,11.8100,11.8100,11.8010,11.8055,0.0765,1297865.9100,2401331.2400,100,100
2026-10-06 14:58:34+00:00,1000.0000,11.8100,11.8100,11.8200,11.8010,11.8105,0.1611,1073940.4500,2551548.8400,100,100
2026-10-06 14:59:34+00:00,1000.0000,11.8200,11.8100,11.8200,11.8008,11.8104,0.1622,716088.0400,2633013.6700,100,100
2026-10-06 15:00:34+00:00,1000.0000,11.8200,11.8100,11.8200,11.8008,11.8104,0.1622,654033.8500,2629051.2700,100,100
2026-10-06 15:01:34+00:00,1000.0000,11.8300,11.8100,11.8300,11.8008,11.8154,0.2467,570537.1600,2732911.3500,100,100
2026-10-06 15:02:34+00:00,1000.0000,11.8200,11.8100,11.8200,11.8008,11.8104,0.1622,748203.5700,2796965.5600,100,100
2026-10-06 15:03:34+00:00,1000.0000,11.8200,11.8000,11.8200,11.7960,11.8080,0.2029,877557.5500,3070359.6400,100,100
2026-10-06 15:04:34+00:00,1000.0000,11.8200,11.8000,11.8263,11.7960,11.8112,0.2560,789679.6400,2995937.7400,100,100
2026-10-06 15:05:34+00:00,1000.0000,11.8300,11.8000,11.8300,11.7960,11.8130,0.2874,777967.9400,3050030.7900,100,100
2026-10-06 15:06:34+00:00,1000.0000,11.8300,11.8000,11.8300,11.7960,11.8130,0.2874,737590.1500,3066050.5600,100,100
2026-10-06 15:07:34+00:00,1000.0000,11.8300,11.8000,11.8374,11.8000,11.8187,0.3164,918001.1900,3366274.9200,100,100
2026-10-06 15:08:34+00:00,1000.0000,11.8300,11.8000,11.8312,11.8000,11.8156,0.2643,794507.6900,3286673.9300,100,100
2026-10-06 15:09:34+00:00,1000.0000,11.8400,11.8000,11.8400,11.8000,11.8200,0.3384,801116.5000,3434655.1200,100,100
2026-10-06 15:10:34+00:00,1000.0000,11.8300,11.8000,11.8361,11.8000,11.8180,0.3053,604281.1500,2841206.9500,100,100
2026-10-06 15:11:34+00:00,1000.0000,11.8400,11.8000,11.8401,11.8000,11.8200,0.3390,658374.0100,3100821.0000,100,100
2026-10-06 15:12:34+00:00,1000.0000,11.8300,11.8000,11.8322,11.8000,11.8161,0.2725,635794.1800,3110769.2700,100,100
2026-10-06 15:13:34+00:00,1000.0000,11.8300,11.8100,11.8300,11.8000,11.8150,0.2539,808629.1400,2937630.9500,100,100
2026-10-06 15:14:34+00:00,1000.0000,11.8400,11.8100,11.8485,11.8004,11.8244,0.4071,751263.3800,3047316.3700,100,100
2026-10-06 15:15:34+00:00,1000.0000,11.8500,11.8100,11.8500,11.8100,11.8300,0.3381,965117.7400,3066329.4200,100,100
2026-10-06 15:16:34+00:00,1000.0000,11.8500,11.8100,11.8500,11.8100,11.8300,0.3381,1037481.6800,3080059.6400,100,100
2026-10-06 15:17:34+00:00,1000.0000,11.8300,11.8100,11.8498,11.8100,11.8299,0.3362,954749.9800,3056308.3300,100,100
2026-10-06 15:18:34+00:00,1000.0000,11.8300,11.8100,11.8498,11.8100,11.8299,0.3362,951149.8800,3388750.9600,100,100
2026-10-06 15:19:34+00:00,1000.0000,11.8300,11.8200,11.8399,11.8116,11.8257,0.2391,988372.8700,3581454.3200,100,100
2026-10-06 15:20:34+00:00,1000.0000,11.8300,11.8200,11.8399,11.8101,11.8250,0.2522,1004860.4000,3469620.5200,100,100
2026-10-06 15:21:34+00:00,1000.0000,11.8300,11.8200,11.8399,11.8101,11.8250,0.2522,1156866.4400,3151442.6700,100,100
2026-10-06 15:22:34+00:00,1000.0000,11.8300,11.8200,11.8399,11.8037,11.8218,0.3063,991210.4100,3152867.3700,100,100
2026-10-06 15:23:34+00:00,1000.0000,11.8300,11.8200,11.8300,11.8037,11.8169,0.2224,1013217.2400,3101335.9200,100,100
2026-10-06 15:24:34+00:00,1000.0000,11.8300,11.8200,11.8300,11.8101,11.8201,0.1683,951705.3300,3126460.2900,100,100
2026-10-06 15:25:34+00:00,1000.0000,11.8300,11.8200,11.8300,11.8101,11.8201,0.1683,935322.5200,3096422.4300,100,100
2026-10-06 15:26:34+00:00,1000.0000,11.8300,11.8200,11.8382,11.8101,11.8242,0.2379,920534.9400,3116051.5800,100,100
2026-10-06 15:27:34+00:00,1000.0000,11.8300,11.8200,11.8391,11.8101,11.8246,0.2450,890856.5100,3100245.3900,100,100
2026-10-06 15:28:34+00:00,1000.0000,11.8300,11.8200,11.8391,11.8101,11.8246,0.2450,716404.5700,3076824.5600,100,100
2026-10-06 15:29:34+00:00,1000.0000,11.8300,11.8200,11.8371,11.8101,11.8236,0.2282,925417.3500,3274865.7000,100,100
2026-10-06 15:30:34+00:00,1000.0000,11.8300,11.8200,11.8386,11.8101,11.8244,0.2412,910216.7000,3078794.4200,100,100
2026-10-06 15:31:34+00:00,1000.0000,11.8300,11.8200,11.8379,11.8101,11.8240,0.2354,971492.9800,3165936.8400,100,100
2026-10-06 15:32:34+00:00,1000.0000,11.8300,11.8200,11.8379,11.8101,11.8240,0.2354,1213111.6100,3375761.7800,100,100
2026-10-06 15:33:34+00:00,1000.0000,11.8400,11.8200,11.8400,11.8101,11.8251,0.2528,1205405.2100,3368106.8200,100,100
2026-10-06 15:34:34+00:00,1000.0000,11.8400,11.8200,11.8444,11.8200,11.8322,0.2064,1179192.8000,3245900.3700,100,100
2026-10-06 15:35:34+00:00,1000.0000,11.8400,11.8200,11.8459,11.8200,11.8329,0.2189,849388.3400,3215380.8500,100,100
2026-10-06 15:36:34+00:00,1000.0000,11.8400,11.8200,11.8415,11.8101,11.8258,0.2654,877373.8600,3242376.2900,100,100
2026-10-06 15:37:34+00:00,1000.0000,11.8400,11.8200,11.8484,11.8101,11.8293,0.3241,889533.3200,3346592.0600,100,100
2026-10-06 15:38:34+00:00,1000.0000,11.8400,11.8200,11.8400,11.8101,11.8251,0.2528,915055.9900,3397160.2800,100,100
2026-10-06 15:39:34+00:00,1000.0000,11.8400,11.8200,11.8484,11.8101,11.8293,0.3241,976857.2700,3576796.2600,100,100
2026-10-06 15:40:34+00:00,1000.0000,11.8400,11.8200,11.8400,11.8101,11.8251,0.2528,801187.9900,3581216.1200,100,100
2026-10-06 15:41:34+00:00,1000.0000,11.8400,11.8100,11.8400,11.8100,11.8250,0.2537,1036198.9100,3764141.3800,100,100
2026-10-06 15:42:34+00:00,1000.0000,11.8300,11.8100,11.8448,11.8100,11.8274,0.2945,1225570.5700,3624482.9500,100,100
2026-10-06 15:43:34+00:00,1000.0000,11.8400,11.8100,11.8400,11.8100,11.8250,0.2537,1141334.4600,3643560.6900,100,100
2026-10-06 15:44:34+00:00,1000.0000,11.8400,11.8100,11.8400,11.8100,11.8250,0.2537,1258968.5700,3515006.6700,100,100
2026-10-06 15:45:34+00:00,1000.0000,11.8300,11.8100,11.8374,11.8100,11.8237,0.2321,1068362.4200,3474453.1300,100,100
2026-10-06 15:46:34+00:00,1000.0000,11.8300,11.8100,11.8374,11.8100,11.8237,0.2321,1068672.4600,3210009.5200,100,100
2026-10-06 15:47:34+00:00,1000.0000,11.8300,11.8200,11.8374,11.8154,11.8264,0.1864,1105244.1000,3410164.2300,100,100
2026-10-06 15:48:34+00:00,1000.0000,11.8400,11.8200,11.8400,11.8140,11.8270,0.2198,1035555.8600,3357970.7200,100,100
2026-10-06 15:49:34+00:00,1000.0000,11.8400,11.8200,11.8400,11.8140,11.8270,0.2198,1021786.9300,3358122.5100,100,100
2026-10-06 15:50:34+00:00,1000.0000,11.8400,11.8200,11.8439,11.8132,11.8286,0.2595,932148.0000,3273642.6700,100,100
2026-10-06 15:51:34+00:00,1000.0000,11.8400,11.8200,11.8400,11.8118,11.8259,0.2381,972499.5900,3220554.8000,100,100
2026-10-06 15:52:34+00:00,1000.0000,11.8400,11.8200,11.8400,11.8118,11.8259,0.2381,956077.2000,3132870.7500,100,100
2026-10-06 15:53:34+00:00,1000.0000,11.8300,11.8200,11.8400,11.8169,11.8285,0.1952,968553.2000,3132780.7300,100,100
2026-10-06 15:54:34+00:00,1000.0000,11.8300,11.8200,11.8389,11.8169,11.8279,0.1856,945157.6700,3066071.4200,100,100
2026-10-06 15:55:34+00:00,1000.0000,11.8400,11.8200,11.8400,11.8169,11.8285,0.1952,941287.3000,3136915.0000,100,100
2026-10-06 15:56:34+00:00,1000.0000,11.8400,11.8300,11.8400,11.8169,11.8285,0.1952,941441.0800,3105046.9800,100,100
2026-10-06 15:57:34+00:00,1000.0000,11.8400,11.8200,11.8483,11.8200,11.8341,0.2391,752399.0700,3234137.7800,100,100
2026-10-06 15:58:34+00:00,1000.0000,11.8400,11.8200,11.8483,11.8200,11.8341,0.2391,519687.4600,2910625.6600,100,100
2026-10-06 15:59:34+00:00,1000.0000,11.8400,11.8200,11.8486,11.8200,11.8343,0.2420,529197.9400,2903343.6400,100,100
2026-10-06 16:00:34+00:00,1000.0000,11.8400,11.8300,11.8484,11.8300,11.8392,0.1552,489853.2000,2658349.1100,100,100
2026-10-06 16:01:34+00:00,1000.0000,11.8400,11.8300,11.8512,11.8300,11.8406,0.1786,465723.9900,2767780.5300,100,100
2026-10-06 16:02:34+00:00,1000.0000,11.8500,11.8300,11.8581,11.8300,11.8441,0.2373,589118.5600,2750673.8100,100,100
2026-10-06 16:03:34+00:00,1000.0000,11.8500,11.8300,11.8500,11.8300,11.8400,0.1689,598792.2800,2707586.7800,100,100
2026-10-06 16:04:34+00:00,1000.0000,11.8600,11.8300,11.8600,11.8300,11.8450,0.2533,594877.8100,2776566.6300,100,100
2026-10-06 16:05:34+00:00,1000.0000,11.8500,11.8400,11.8500,11.8400,11.8450,0.0844,365514.2800,2784826.5200,100,100
2026-10-06 16:06:34+00:00,1000.0000,11.8600,11.8400,11.8680,11.8400,11.8540,0.2360,357254.9700,2792391.4200,100,100
2026-10-06 16:07:34+00:00,1000.0000,11.8600,11.8400,11.8600,11.8400,11.8500,0.1688,462001.2200,2902233.6600,100,100
2026-10-06 16:08:34+00:00,1000.0000,11.8600,11.8500,11.8680,11.8500,11.8590,0.1516,432210.7800,2870318.0100,100,100
2026-10-06 16:09:34+00:00,1000.0000,11.8600,11.8400,11.8680,11.8400,11.8540,0.2360,455732.5000,2991375.7600,100,100
2026-10-06 16:10:34+00:00,1000.0000,11.8600,11.8400,11.8680,11.8400,11.8540,0.2360,415037.5400,2947790.6000,100,100
2026-10-06 16:11:34+00:00,1000.0000,11.8600,11.8400,11.8680,11.8400,11.8540,0.2360,455518.8100,2851672.4800,100,100
2026-10-06 16:12:34+00:00,1000.0000,11.8700,11.8400,11.8700,11.8400,11.8550,0.2531,429407.2900,2703849.0400,100,100
2026-10-06 16:13:34+00:00,1000.0000,11.8700,11.8500,11.8700,11.8500,11.8600,0.1686,483765.7600,2768649.9800,100,100
2026-10-06 16:14:34+00:00,1000.0000,11.8700,11.8500,11.8750,11.8500,11.8625,0.2112,474077.2000,2594437.1400,100,100
2026-10-06 16:15:34+00:00,1000.0000,11.8700,11.8500,11.8773,11.8500,11.8637,0.2301,504152.4500,2528797.5400,100,100
2026-10-06 16:16:34+00:00,1000.0000,11.8700,11.8500,11.8750,11.8500,11.8625,0.2112,665145.8400,2774107.7400,100,100
2026-10-06 16:17:34+00:00,1000.0000,11.8600,11.8500,11.8675,11.8500,11.8587,0.1472,720554.7500,2716844.7600,100,100
2026-10-06 16:18:34+00:00,1000.0000,11.8600,11.8500,,11.8500,,,734839.3400,2671228.3400,100,100
2026-10-06 16:19:34+00:00,1000.0000,11.8600,11.8500,,11.8500,,,797373.0200,2631774.5800,100,100
2026-10-06 16:20:34+00:00,1000.0000,11.8600,11.8500,11.8600,11.8500,11.8550,0.0844,812686.3900,2604337.8700,100,100
2026-10-06 16:21:34+00:00,1000.0000,11.8700,11.8500,11.8700,11.8500,11.8600,0.1686,692874.3900,2461915.2500,100,100
2026-10-06 16:22:34+00:00,1000.0000,11.8700,11.8500,11.8700,11.8500,11.8600,0.1686,766014.0700,2531187.8700,100,100
2026-10-06 16:23:34+00:00,1000.0000,11.8700,11.8500,11.8700,11.8500,11.8600,0.1686,520539.9200,2517432.7400,100,100
2026-10-06 16:24:34+00:00,1000.0000,11.8700,11.8500,11.8700,11.8411,11.8555,0.2440,524011.5200,2528966.1700,100,100
2026-10-06 16:25:34+00:00,1000.0000,11.8700,11.8600,11.8700,11.8600,11.8650,0.0843,564038.8300,2878708.1100,100,100
2026-10-06 16:26:34+00:00,1000.0000,11.8600,11.8500,11.8687,11.8500,11.8594,0.1580,492049.4100,2525480.0300,100,100
2026-10-06 16:27:34+00:00,1000.0000,11.8600,11.8500,11.8698,11.8500,11.8599,0.1666,536636.4600,2579636.2300,100,100
2026-10-06 16:28:34+00:00,1000.0000,11.8600,11.8500,11.8698,11.8500,11.8599,0.1666,399533.7200,2599298.8500,100,100
2026-10-06 16:29:34+00:00,1000.0000,11.8600,11.8500,11.8698,11.8500,11.8599,0.1666,469417.3500,2606109.9500,100,100
2026-10-06 16:30:34+00:00,1000.0000,11.8600,11.8600,11.8698,11.8600,11.8649,0.0823,285733.2800,2515669.3300,100,100
2026-10-06 16:31:34+00:00,1000.0000,11.8700,11.8600,11.8700,11.8600,11.8650,0.0843,279020.2000,2431397.4400,100,100
2026-10-06 16:32:34+00:00,1000.0000,11.8700,11.8700,11.8700,11.8700,11.8700,0.0000,397336.5200,2708060.7100,100,100
2026-10-06 16:33:34+00:00,1000.0000,11.8700,11.8800,11.8700,11.8800,11.8750,-0.0842,401217.1100,2722937.4300,100,100
2026-10-06 16:34:34+00:00,1000.0000,11.8700,11.8800,11.8828,11.8800,11.8814,0.0235,378054.3500,2852196.7600,100,100
2026-10-06 16:35:34+00:00,1000.0000,11.8700,11.8800,11.8866,11.8800,11.8833,0.0556,363845.4000,2665578.7600,100,100
2026-10-06 16:36:34+00:00,1000.0000,11.8700,11.8800,11.8866,11.8800,11.8833,0.0556,401613.5900,2739428.7800,100,100
2026-10-06 16:37:34+00:00,1000.0000,11.8700,11.8800,11.8869,11.8800,11.8834,0.0580,415356.7900,2733774.7300,100,100
2026-10-06 16:38:34+00:00,1000.0000,11.8700,11.8800,11.8893,11.8800,11.8847,0.0784,386058.2400,2886863.8200,100,100
2026-10-06 16:39:34+00:00,1000.0000,11.8700,11.8800,11.8882,11.8800,11.8841,0.0688,389946.1900,2888438.7300,100,100
2026-10-06 16:40:34+00:00,1000.0000,11.8900,11.8700,11.8966,11.8700,11.8833,0.2237,633263.7200,3033155.7100,100,100
2026-10-06 16:41:34+00:00,1000.0000,11.8900,11.8700,11.8901,11.8700,11.8801,0.1693,529577.3500,2828378.1900,100,100
2026-10-06 16:42:34+00:00,1000.0000,11.8900,11.8700,11.8900,11.8700,11.8800,0.1684,592916.3300,2768048.3400,100,100
2026-10-06 16:43:34+00:00,1000.0000,11.8800,11.9000,11.8892,11.9000,11.8946,-0.0911,618176.0500,2712395.5300,100,100
2026-10-06 16:44:34+00:00,1000.0000,11.8800,11.8700,11.8862,11.8607,11.8734,0.2146,611972.6600,2632914.4100,100,100
2026-10-06 16:45:34+00:00,1000.0000,11.8700,11.8700,11.8876,11.8598,11.8737,0.2347,757481.8500,2492412.8000,100,100
2026-10-06 16:46:34+00:00,1000.0000,11.8700,11.8700,11.8876,11.8700,11.8788,0.1484,793557.1300,2454370.1000,100,100
2026-10-06 16:47:34+00:00,1000.0000,11.8700,11.8700,11.8850,11.8679,11.8764,0.1441,623194.0100,2603205.0000,100,100
2026-10-06 16:48:34+00:00,1000.0000,11.8700,11.8700,11.8792,11.8604,11.8698,0.1584,615047.7400,2705864.6500,100,100
2026-10-06 16:49:34+00:00,1000.0000,11.8700,11.8700,11.8792,11.8593,11.8692,0.1683,384737.0200,2431204.6800,100,100
2026-10-06 16:50:34+00:00,1000.0000,11.8700,11.8700,11.8792,11.8606,11.8699,0.1571,474681.7600,2423085.3900,100,100
2026-10-06 16:51:34+00:00,1000.0000,11.8700,11.8700,11.8792,11.8525,11.8658,0.2256,494141.5300,2437329.7300,100,100
2026-10-06 16:52:34+00:00,1000.0000,11.8700,11.8700,11.8792,11.8511,11.8652,0.2370,463739.7700,2480107.7500,100,100
2026-10-06 16:53:34+00:00,1000.0000,11.8600,11.8700,11.8600,11.8511,11.8556,0.0750,447423.1000,2395012.0300,100,100
2026-10-06 16:54:34+00:00,1000.0000,11.8800,11.8700,11.8800,11.8604,11.8702,0.1648,456913.7800,2755675.3900,100,100
2026-10-06 16:55:34+00:00,1000.0000,11.8700,11.8700,11.8875,11.8511,11.8693,0.3065,408664.8300,2829352.3000,100,100
2026-10-06 16:56:34+00:00,1000.0000,11.8700,11.8800,11.8875,11.8634,11.8755,0.2028,445225.1700,2799415.2100,100,100
2026-10-06 16:57:34+00:00,1000.0000,11.8700,11.8800,11.8888,11.8634,11.8761,0.2136,607685.2200,3111569.4000,100,100
2026-10-06 16:58:34+00:00,1000.0000,11.8700,11.8700,11.8920,11.8604,11.8762,0.2660,578940.6600,3122981.0100,100,100
2026-10-06 16:59:34+00:00,1000.0000,11.8700,11.8700,11.8934,11.8604,11.8769,0.2777,416902.4600,2966433.6900,100,100
2026-10-06 17:00:34+00:00,1000.0000,11.8000,11.8600,11.8803,11.8600,11.8702,0.1711,436763.3400,3107335.6700,100,100
2026-10-06 17:01:34+00:00,1000.0000,11.8700,11.8600,11.8889,11.8600,11.8745,0.2435,369514.2000,3209314.0800,100,100
2026-10-06 17:02:34+00:00,1000.0000,11.8700,11.8600,11.8888,11.8600,11.8744,0.2422,528905.2900,3275105.5400,100,100
2026-10-06 17:03:34+00:00,1000.0000,11.8700,11.8600,11.8799,11.8534,11.8666,0.2235,524250.7000,3196124.1000,100,100
2026-10-06 17:04:34+00:00,1000.0000,11.8700,11.8600,11.8898,11.8600,11.8749,0.2506,436464.4800,3306556.9300,100,100
2026-10-06 17:05:34+00:00,1000.0000,11.8700,11.8700,11.8885,11.8700,11.8792,0.1554,434599.9000,3133380.7400,100,100
2026-10-06 17:06:34+00:00,1000.0000,11.8700,11.8600,11.8885,11.8600,11.8742,0.2397,463805.2400,2974028.0200,100,100
2026-10-06 17:07:34+00:00,1000.0000,11.8700,11.8600,11.8898,11.8600,11.8749,0.2506,427640.2100,2994287.6300,100,100
2026-10-06 17:08:34+00:00,1000.0000,11.8700,11.8600,11.8938,11.8600,11.8769,0.2845,483375.9400,2968712.6700,100,100
2026-10-06 17:09:34+00:00,1000.0000,11.8700,11.8600,11.8938,11.8524,11.8731,0.3483,520951.8100,3010595.3700,100,100
2026-10-06 17:10:34+00:00,1000.0000,11.8700,11.8600,11.8963,11.8554,11.8759,0.3440,504458.4200,3147404.3500,100,100
2026-10-06 17:11:34+00:00,1000.0000,11.8700,11.8600,11.8966,11.8554,11.8760,0.3469,474575.1300,3134119.9000,100,100
2026-10-06 17:12:34+00:00,1000.0000,11.8900,11.8600,11.8970,11.8557,11.8763,0.3478,465022.0300,3326870.7100,100,100
2026-10-06 17:13:34+00:00,1000.0000,11.8900,11.8600,11.8970,11.8600,11.8785,0.3114,452670.1600,3437162.5500,100,100
2026-10-06 17:14:34+00:00,1000.0000,11.8900,11.8600,11.8970,11.8600,11.8785,0.3114,415482.9500,3240282.2100,100,100
2026-10-06 17:15:34+00:00,1000.0000,11.8900,11.8600,11.8970,11.8600,11.8785,0.3114,418298.2500,3243099.6000,100,100
2026-10-06 17:16:34+00:00,1000.0000,11.8900,11.8700,11.8970,11.8700,11.8835,0.2272,411656.2000,3296437.1000,100,100
2026-10-06 17:17:34+00:00,1000.0000,11.8900,11.8700,11.8979,11.8700,11.8839,0.2347,394476.3300,3413115.2100,100,100
2026-10-06 17:18:34+00:00,1000.0000,11.8900,11.8700,11.9025,11.8700,11.8863,0.2738,405276.4900,3586921.6700,100,100
2026-10-06 17:19:34+00:00,1000.0000,11.8900,11.8800,11.8977,11.8800,11.8889,0.1490,419530.4400,3467343.9300,100,100
2026-10-06 17:20:34+00:00,1000.0000,11.8900,11.8800,11.9025,11.8800,11.8913,0.1896,363932.2700,3462259.9600,100,100
2026-10-06 17:21:34+00:00,1000.0000,11.8900,11.8800,11.9054,11.8800,11.8927,0.2134,402437.9700,3281868.0800,100,100
2026-10-06 17:22:34+00:00,1000.0000,11.8900,11.8800,11.9064,11.8800,11.8932,0.2223,409297.1900,3227750.1800,100,100
2026-10-06 17:23:34+00:00,1000.0000,11.8900,11.8800,11.9060,11.8800,11.8930,0.2183,437758.8900,3158194.6200,100,100
2026-10-06 17:24:34+00:00,1000.0000,11.8900,11.8900,11.9081,11.8900,11.8990,0.1519,425886.4100,3278122.6300,100,100
2026-10-06 17:25:34+00:00,1000.0000,11.8700,11.8900,11.9063,11.8900,11.8982,0.1370,476590.4700,3267650.7400,100,100
2026-10-06 17:26:34+00:00,1000.0000,11.8900,11.9000,11.9111,11.8931,11.9021,0.1511,493214.3500,3246356.3700,100,100
2026-10-06 17:27:34+00:00,1000.0000,11.8700,11.9000,11.9057,11.8862,11.8960,0.1642,445893.8400,3107724.2400,100,100
2026-10-06 17:28:34+00:00,1000.0000,11.8700,11.8800,11.9057,11.8800,11.8929,0.2163,433030.8700,3180651.2600,100,100
2026-10-06 17:29:34+00:00,1000.0000,11.8700,11.8800,11.9072,11.8800,11.8936,0.2285,471159.3100,3218081.1600,100,100
2026-10-06 17:30:34+00:00,1000.0000,11.8700,11.8800,11.8994,11.8800,11.8897,0.1632,455508.5000,3095220.0500,100,100
2026-10-06 17:31:34+00:00,1000.0000,11.8700,11.8800,11.8985,11.8800,11.8893,0.1557,540399.1200,3092294.8300,100,100
2026-10-06 17:32:34+00:00,1000.0000,11.8900,11.8800,11.8999,11.8800,11.8899,0.1673,510374.9200,2940721.1800,100,100
2026-10-06 17:33:34+00:00,1000.0000,11.8900,11.8800,11.9094,11.8800,11.8947,0.2471,466692.0800,2843544.2500,100,100
2026-10-06 17:34:34+00:00,1000.0000,11.8900,11.8800,11.9079,11.8800,11.8940,0.2347,461162.3000,2710179.0000,100,100
2026-10-06 17:35:34+00:00,1000.0000,11.9000,11.8800,11.9116,11.8800,11.8958,0.2657,489008.5500,2710303.5000,100,100
2026-10-06 17:36:34+00:00,1000.0000,11.9000,11.8800,11.9120,11.8800,11.8960,0.2693,459442.4100,2870829.3000,100,100
2026-10-06 17:37:34+00:00,1000.0000,11.9000,11.8900,11.9105,11.8900,11.9002,0.1721,465119.1000,3148395.8200,100,100
2026-10-06 17:38:34+00:00,1000.0000,11.9000,11.8900,11.9081,11.8900,11.8991,0.1524,438990.7300,3146287.3900,100,100
2026-10-06 17:39:34+00:00,1000.0000,11.9000,11.8900,11.9127,11.8900,11.9014,0.1909,424479.3000,3323607.9200,100,100
2026-10-06 17:40:34+00:00,1000.0000,11.9100,11.8900,11.9150,11.8900,11.9025,0.2104,480968.2000,3624351.6200,100,100
2026-10-06 17:41:34+00:00,1000.0000,11.9100,11.8900,11.9182,11.8900,11.9041,0.2369,480715.1500,3540944.1600,100,100
2026-10-06 17:42:34+00:00,1000.0000,11.9200,11.8900,11.9200,11.8900,11.9050,0.2520,484642.3000,3539366.1800,100,100
2026-10-06 17:43:34+00:00,1000.0000,11.9200,11.8900,11.9200,11.8900,11.9050,0.2520,518491.4100,3554738.6400,100,100
2026-10-06 17:44:34+00:00,1000.0000,11.9200,11.8900,11.9200,11.8900,11.9050,0.2520,490029.7200,3599373.2700,100,100
2026-10-06 17:45:34+00:00,1000.0000,11.9200,11.8900,11.9200,11.8900,11.9050,0.2520,580631.3000,3755326.7700,100,100
2026-10-06 17:46:34+00:00,1000.0000,11.9200,11.8900,11.9200,11.8900,11.9050,0.2520,623384.8700,3758521.3500,100,100
2026-10-06 17:47:34+00:00,1000.0000,11.9200,11.9000,11.9200,11.8970,11.9085,0.1931,627636.6400,3656979.1700,100,100
2026-10-06 17:48:34+00:00,1000.0000,11.9100,11.9000,11.9190,11.8970,11.9080,0.1847,663128.4800,3290337.0200,100,100
2026-10-06 17:49:34+00:00,1000.0000,11.9100,11.9000,11.9190,11.8975,11.9083,0.1805,649925.7600,3430085.9200,100,100
2026-10-06 17:50:34+00:00,1000.0000,11.9200,11.9000,11.9221,11.8970,11.9096,0.2109,644867.4100,3752408.3200,100,100
2026-10-06 17:51:34+00:00,1000.0000,11.9200,11.9000,11.9295,11.8970,11.9132,0.2727,616660.1100,3810865.8600,100,100
2026-10-06 17:52:34+00:00,1000.0000,11.9300,11.9000,11.9300,11.8970,11.9135,0.2770,615661.0800,3587044.3700,100,100
2026-10-06 17:53:34+00:00,1000.0000,11.9300,11.9000,11.9300,11.8970,11.9135,0.2770,463184.7300,3451531.7800,100,100
2026-10-06 17:54:34+00:00,1000.0000,11.9300,11.9000,11.9300,11.8985,11.9142,0.2644,548087.3200,3567553.7500,100,100
2026-10-06 17:55:34+00:00,1000.0000,11.9000,11.9100,11.9275,11.9070,11.9172,0.1716,422688.2700,3338496.8700,100,100
2026-10-06 17:56:34+00:00,1000.0000,11.9300,11.9100,11.9300,11.9070,11.9185,0.1930,635843.4100,3343460.8500,100,100
2026-10-06 17:57:34+00:00,1000.0000,11.9300,11.9100,11.9307,11.8990,11.9148,0.2658,579408.9000,3143971.3500,100,100
2026-10-06 17:58:34+00:00,1000.0000,11.9300,11.9000,11.9365,11.9000,11.9182,0.3061,599748.0200,3042357.1500,100,100
2026-10-06 17:59:34+00:00,1000.0000,11.9300,11.9000,11.9326,11.9000,11.9163,0.2739,555359.7000,3186389.5900,100,100
2026-10-06 18:00:34+00:00,1000.0000,11.9200,11.9000,11.9339,11.9000,11.9169,0.2844,548416.1600,3051360.1400,100,100
2026-10-06 18:01:34+00:00,1000.0000,11.9400,11.9000,11.9400,11.9000,11.9200,0.3356,559150.3100,3287758.9600,100,100
2026-10-06 18:02:34+00:00,1000.0000,11.9400,11.9000,11.9400,11.9000,11.9200,0.3356,637893.3200,3282781.1900,100,100
2026-10-06 18:03:34+00:00,1000.0000,11.9300,11.9100,11.9400,11.9008,11.9204,0.3288,663763.3500,3342196.0100,100,100
2026-10-06 18:04:34+00:00,1000.0000,11.9300,11.9100,11.9367,11.9008,11.9188,0.3016,698121.0100,3376230.3300,100,100
2026-10-06 18:05:34+00:00,1000.0000,11.9300,11.9100,11.9300,11.9008,11.9154,0.2450,798933.8800,3379130.8400,100,100
2026-10-06 18:06:34+00:00,1000.0000,11.9300,11.9100,11.9300,11.9008,11.9154,0.2450,738235.2300,2999442.4800,100,100
2026-10-06 18:07:34+00:00,1000.0000,11.9300,11.9100,11.9300,11.9008,11.9154,0.2450,879570.0500,2965404.3200,100,100
2026-10-06 18:08:34+00:00,1000.0000,11.9200,11.9100,11.9200,11.9008,11.9104,0.1612,854190.4600,2770526.5300,100,100
2026-10-06 18:09:34+00:00,1000.0000,11.9200,11.9100,11.9200,11.9008,11.9104,0.1612,812260.2600,2741807.1700,100,100
2026-10-06 18:10:34+00:00,1000.0000,11.9300,11.9100,11.9316,11.8918,11.9117,0.3336,830520.7200,2694012.6300,100,100
2026-10-06 18:11:34+00:00,1000.0000,11.9200,11.9100,11.9200,11.8918,11.9059,0.2365,827311.1800,2748876.5600,100,100
2026-10-06 18:12:34+00:00,1000.0000,11.9200,11.9000,11.9271,11.8902,11.9086,0.3092,951247.2400,3119173.3000,100,100
2026-10-06 18:13:34+00:00,1000.0000,11.9200,11.9000,11.9271,11.8902,11.9086,0.3092,878079.5600,3042788.3700,100,100
2026-10-06 18:14:34+00:00,1000.0000,11.9200,11.9000,11.9200,11.8902,11.9051,0.2500,915300.6300,3153861.0900,100,100
2026-10-06 18:15:34+00:00,1000.0000,11.9100,11.9000,11.9100,11.8902,11.9001,0.1661,897830.7400,2686074.8100,100,100
2026-10-06 18:16:34+00:00,1000.0000,11.9000,11.9000,11.9098,11.8902,11.9000,0.1647,1037816.7100,2776949.6100,100,100
2026-10-06 18:17:34+00:00,1000.0000,11.9000,11.9000,11.9098,11.8902,11.9000,0.1647,1045447.5600,2719845.5600,100,100
2026-10-06 18:18:34+00:00,1000.0000,11.9000,11.9000,11.9098,11.8805,11.8952,0.2468,842589.8900,2729969.3000,100,100
2026-10-06 18:19:34+00:00,1000.0000,11.9000,11.9000,11.9000,11.8805,11.8902,0.1643,851343.4600,2770532.6500,100,100
2026-10-06 18:20:34+00:00,1000.0000,11.9100,11.9000,11.9100,11.8754,11.8927,0.2906,602768.2600,2480017.3100,100,100
2026-10-06 18:21:34+00:00,1000.0000,11.9100,11.9000,11.9100,11.8707,11.8904,0.3305,946842.0600,2640796.6300,100,100
2026-10-06 18:22:34+00:00,1000.0000,11.9000,11.8700,11.9058,11.8700,11.8879,0.3011,928993.9100,2588946.3000,100,100
2026-10-06 18:23:34+00:00,1000.0000,11.9000,11.8700,11.9029,11.8700,11.8864,0.2764,905547.1500,2663545.6900,100,100
2026-10-06 18:24:34+00:00,1000.0000,11.9000,11.8700,11.9000,11.8700,11.8850,0.2524,931532.1700,2567225.5400,100,100
2026-10-06 18:25:34+00:00,1000.0000,11.9000,11.8700,11.9000,11.8700,11.8850,0.2524,886276.3600,2681682.4200,100,100
2026-10-06 18:26:34+00:00,1000.0000,11.9000,11.8700,11.9000,11.8700,11.8850,0.2524,749290.2800,2727590.4800,100,100
2026-10-06 18:27:34+00:00,1000.0000,11.8900,11.8700,11.8961,11.8700,11.8830,0.2195,815406.8700,2691052.0800,100,100
2026-10-06 18:28:34+00:00,1000.0000,11.8900,11.8700,11.8900,11.8605,11.8752,0.2487,878639.9900,2762144.4800,100,100
2026-10-06 18:29:34+00:00,1000.0000,11.8900,11.8700,11.8900,11.8605,11.8752,0.2487,943629.2500,2993935.4600,100,100
2026-10-06 18:30:34+00:00,1000.0000,11.8900,11.8700,11.8900,11.8532,11.8716,0.3097,903861.0800,2570923.6000,100,100
2026-10-06 18:31:34+00:00,1000.0000,11.8800,11.8900,11.8800,11.8900,11.8850,-0.0841,801281.3300,2310628.0400,100,100
2026-10-06 18:32:34+00:00,1000.0000,11.8800,11.8700,11.8800,11.8520,11.8660,0.2359,1055941.3200,2297252.8200,100,100
2026-10-06 18:33:34+00:00,1000.0000,11.8800,11.8700,11.8800,11.8509,11.8655,0.2450,887379.0300,2032495.6500,100,100
2026-10-06 18:34:34+00:00,1000.0000,11.8700,11.8700,11.8777,11.8509,11.8643,0.2257,773616.7500,2215927.2100,100,100
2026-10-06 18:35:34+00:00,1000.0000,11.8700,11.8700,11.8700,11.8393,11.8546,0.2593,753990.9800,2223690.6800,100,100
2026-10-06 18:36:34+00:00,1000.0000,11.8700,11.8700,11.8700,11.8502,11.8601,0.1667,890968.3700,2318330.1300,100,100
2026-10-06 18:37:34+00:00,1000.0000,11.8700,11.8400,11.8700,11.8400,11.8550,0.2531,923291.2100,2282799.3000,100,100
2026-10-06 18:38:34+00:00,1000.0000,11.8600,11.8400,11.8678,11.8340,11.8509,0.2846,1050188.7000,2316017.4300,100,100
2026-10-06 18:39:34+00:00,1000.0000,11.8700,11.8400,11.8700,11.8400,11.8550,0.2531,1061377.6700,2337300.5800,100,100
2026-10-06 18:40:34+00:00,1000.0000,11.8700,11.8700,11.8700,11.8700,11.8700,0.0000,999748.2800,2438256.6300,100,100
2026-10-06 18:41:34+00:00,1000.0000,11.8700,11.8700,11.8700,11.8700,11.8700,0.0000,1034997.7300,2605440.1900,100,100
2026-10-06 18:42:34+00:00,1000.0000,11.8700,11.8700,11.8700,11.8700,11.8700,0.0000,780532.5400,2409723.3300,100,100
2026-10-06 18:43:34+00:00,1000.0000,11.8600,11.8400,11.8670,11.8325,11.8497,0.2906,767000.3600,2137474.8000,100,100
2026-10-06 18:44:34+00:00,1000.0000,11.8600,11.8400,11.8630,11.8400,11.8515,0.1944,868817.7200,2851396.8800,100,100
2026-10-06 18:45:34+00:00,1000.0000,11.8600,11.8400,11.8654,11.8400,11.8527,0.2139,604360.7200,3291782.3300,100,100
2026-10-06 18:46:34+00:00,1000.0000,11.8600,11.8500,11.8732,11.8500,11.8616,0.1955,607080.5300,3521415.8700,100,100
2026-10-06 18:47:34+00:00,1000.0000,11.8800,11.8500,11.8800,11.8500,11.8650,0.2528,706065.8100,3604853.8600,100,100
2026-10-06 18:48:34+00:00,1000.0000,11.8700,11.8500,11.8700,11.8500,11.8600,0.1686,685872.5100,3557800.3700,100,100
2026-10-06 18:49:34+00:00,1000.0000,11.8700,11.8500,11.8791,11.8500,11.8645,0.2451,485224.9100,3196548.7400,100,100
2026-10-06 18:50:34+00:00,1000.0000,11.8800,11.8500,11.8800,11.8500,11.8650,0.2528,489996.0800,3013881.8000,100,100
2026-10-06 18:51:34+00:00,1000.0000,11.8800,11.8500,11.8800,11.8500,11.8650,0.2528,413016.8700,3219650.8900,100,100
2026-10-06 18:52:34+00:00,1000.0000,11.8800,11.8500,11.8800,11.8500,11.8650,0.2528,520262.8000,3113754.2300,100,100
2026-10-06 18:53:34+00:00,1000.0000,11.8600,11.8500,11.8719,11.8500,11.8610,0.1850,522440.2400,3107807.4400,100,100
2026-10-06 18:54:34+00:00,1000.0000,11.8700,11.8500,11.8749,11.8500,11.8625,0.2103,527137.0000,3243512.8100,100,100
2026-10-06 18:55:34+00:00,1000.0000,11.8700,11.8500,11.8749,11.8500,11.8625,0.2103,527772.5300,3231611.8100,100,100
2026-10-06 18:56:34+00:00,1000.0000,11.8700,11.8500,11.8749,11.8500,11.8625,0.2103,625072.3300,3467471.8500,100,100
2026-10-06 18:57:34+00:00,1000.0000,11.8700,11.8500,11.8752,11.8500,11.8626,0.2124,648690.2700,3439036.2500,100,100
2026-10-06 18:58:34+00:00,1000.0000,11.8700,11.8500,11.8738,11.8500,11.8619,0.2002,635075.4700,3458104.4100,100,100
2026-10-06 18:59:34+00:00,1000.0000,11.8700,11.8500,11.8738,11.8500,11.8619,0.2002,680884.9000,3419854.6000,100,100
2026-10-06 19:00:34+00:00,1000.0000,11.8700,11.8500,11.8738,11.8500,11.8619,0.2002,614242.5100,3440325.9300,100,100
2026-10-06 19:01:34+00:00,1000.0000,11.8800,11.8500,11.8805,11.8500,11.8653,0.2572,610178.1100,3396664.8800,100,100
2026-10-06 19:02:34+00:00,1000.0000,11.8800,11.8500,11.8800,11.8500,11.8650,0.2528,623085.3700,3499856.6400,100,100
2026-10-06 19:03:34+00:00,1000.0000,11.8800,11.8500,11.8800,11.8500,11.8650,0.2528,591773.7800,3389172.8600,100,100
2026-10-06 19:04:34+00:00,1000.0000,11.8800,11.8500,11.8800,11.8500,11.8650,0.2528,639955.4800,3344330.8400,100,100
2026-10-06 19:05:34+00:00,1000.0000,11.8800,11.8500,11.8800,11.8500,11.8650,0.2528,663254.1100,3419828.6300,100,100
2026-10-06 19:06:34+00:00,1000.0000,11.8900,11.8500,11.8900,11.8500,11.8700,0.3370,659823.1900,3352757.0000,100,100
2026-10-06 19:07:34+00:00,1000.0000,11.8900,11.8500,11.8900,11.8500,11.8700,0.3370,668686.9100,3351335.4500,100,100
2026-10-06 19:08:34+00:00,1000.0000,11.8900,11.8500,11.8900,11.8500,11.8700,0.3370,669706.9000,3330109.3300,100,100
2026-10-06 19:09:34+00:00,1000.0000,11.8800,11.8500,11.8800,11.8500,11.8650,0.2528,678702.7600,3371196.7900,100,100
2026-10-06 19:10:34+00:00,1000.0000,11.8800,11.8500,11.8800,11.8500,11.8650,0.2528,678778.2300,3370222.8100,100,100
2026-10-06 19:11:34+00:00,1000.0000,11.8800,11.8500,11.8800,11.8500,11.8650,0.2528,678543.4800,3362875.3700,100,100
2026-10-06 19:12:34+00:00,1000.0000,11.8800,11.8500,11.8800,11.8400,11.8600,0.3373,794705.3300,3188055.5800,100,100
2026-10-06 19:13:34+00:00,1000.0000,11.8700,11.8500,11.8784,11.8500,11.8642,0.2392,771225.7300,3247988.9300,100,100
2026-10-06 19:14:34+00:00,1000.0000,11.8700,11.8500,11.8774,11.8500,11.8637,0.2308,733254.1600,3069882.2600,100,100
2026-10-06 19:15:34+00:00,1000.0000,11.8700,11.8500,11.8790,11.8500,11.8645,0.2445,756828.7600,3351783.5300,100,100
2026-10-06 19:16:34+00:00,1000.0000,11.8700,11.8500,11.8790,11.8500,11.8645,0.2445,814123.5500,3134023.8300,100,100
2026-10-06 19:17:34+00:00,1000.0000,11.8700,11.8400,11.8790,11.8400,11.8595,0.3289,796062.9500,2887528.6000,100,100
2026-10-06 19:18:34+00:00,1000.0000,11.8700,11.8800,11.8790,11.8782,11.8786,0.0064,826387.7200,2961748.5900,100,100
2026-10-06 19:19:34+00:00,1000.0000,11.8700,11.8400,11.8790,11.8327,11.8558,0.3907,970405.7100,3226202.6700,100,100
2026-10-06 19:20:34+00:00,1000.0000,11.8700,11.8500,11.8700,11.8500,11.8600,0.1686,982948.4500,3016306.2400,100,100
2026-10-06 19:21:34+00:00,1000.0000,11.8600,11.8500,11.8600,11.8500,11.8550,0.0844,864754.9700,2514028.5800,100,100
2026-10-06 19:22:34+00:00,1000.0000,11.8600,11.8500,11.8600,11.8500,11.8550,0.0844,820844.5800,2447888.1300,100,100
2026-10-06 19:23:34+00:00,1000.0000,11.8600,11.8400,11.8600,11.8312,11.8456,0.2433,823437.1700,2375500.4900,100,100
2026-10-06 19:24:34+00:00,1000.0000,11.8600,11.8400,11.8600,11.8312,11.8456,0.2433,857980.7500,2311872.3900,100,100
2026-10-06 19:25:34+00:00,1000.0000,11.8600,11.8400,11.8600,11.8312,11.8456,0.2433,859835.1200,2157420.4500,100,100
2026-10-06 19:26:34+00:00,1000.0000,11.8600,11.8400,11.8600,11.8312,11.8456,0.2433,876527.2600,2222894.8600,100,100
2026-10-06 19:27:34+00:00,1000.0000,11.8600,11.8400,11.8600,11.8303,11.8452,0.2504,890827.2700,2337423.9500,100,100
2026-10-06 19:28:34+00:00,1000.0000,11.8600,11.8400,11.8600,11.8303,11.8452,0.2504,894701.2800,2307386.7700,100,100
2026-10-06 19:29:34+00:00,1000.0000,11.8600,11.8400,11.8600,11.8303,11.8452,0.2504,838567.1700,2226466.5600,100,100
2026-10-06 19:30:34+00:00,1000.0000,11.8500,11.8300,11.8550,11.8300,11.8425,0.2114,900479.7300,2315048.7900,100,100
2026-10-06 19:31:34+00:00,1000.0000,11.8500,11.8300,11.8550,11.8300,11.8425,0.2114,898760.9400,2266729.1600,100,100
2026-10-06 19:32:34+00:00,1000.0000,11.8500,11.8300,11.8550,11.8300,11.8425,0.2114,747624.6700,2385807.9700,100,100
2026-10-06 19:33:34+00:00,1000.0000,11.8500,11.8200,11.8582,11.8200,11.8391,0.3224,847553.4500,2440216.2600,100,100
2026-10-06 19:34:34+00:00,1000.0000,11.8500,11.8200,11.8500,11.8200,11.8350,0.2535,745675.1500,2491974.5200,100,100
2026-10-06 19:35:34+00:00,1000.0000,11.8500,11.8200,11.8590,11.8200,11.8395,0.3295,787115.6200,2532612.5400,100,100
2026-10-06 19:36:34+00:00,1000.0000,11.8500,11.8200,11.8590,11.8200,11.8395,0.3295,774017.2200,2535878.2100,100,100
2026-10-06 19:37:34+00:00,1000.0000,11.8500,11.8200,11.8500,11.8200,11.8350,0.2535,605333.3700,2513259.4500,100,100
2026-10-06 19:38:34+00:00,1000.0000,11.8500,11.8200,11.8500,11.8200,11.8350,0.2535,986963.1800,2443865.1000,100,100
2026-10-06 19:39:34+00:00,1000.0000,11.8500,11.8200,11.8500,11.8200,11.8350,0.2535,874302.8400,2353767.0600,100,100
2026-10-06 19:40:34+00:00,1000.0000,11.8500,11.8200,11.8500,11.8110,11.8305,0.3300,1056462.9200,2194119.0200,100,100
2026-10-06 19:41:34+00:00,1000.0000,11.8500,11.9700,11.8500,11.8119,11.8309,0.3220,1084921.8900,2174690.0500,100,100
2026-10-06 19:42:34+00:00,1000.0000,11.8400,11.9700,11.8400,11.8079,11.8240,0.2713,824775.3600,2156388.0700,100,100
2026-10-06 19:43:34+00:00,1000.0000,11.8400,11.9700,11.8400,11.8109,11.8255,0.2458,823012.7500,2253419.7400,100,100
2026-10-06 19:44:34+00:00,1000.0000,11.8400,11.9700,11.8400,11.8109,11.8255,0.2458,928732.1700,2467656.4600,100,100
2026-10-06 19:45:34+00:00,1000.0000,11.8400,11.9700,11.8400,11.8109,11.8255,0.2458,901751.0900,2421272.2300,100,100
2026-10-06 19:46:34+00:00,1000.0000,11.8400,11.9700,11.8400,11.8209,11.8304,0.1616,1115590.9900,2488686.2600,100,100
2026-10-06 19:47:34+00:00,1000.0000,11.8400,11.9700,11.8400,11.8109,11.8255,0.2458,786436.3700,2401698.2700,100,100
2026-10-06 19:48:34+00:00,1000.0000,11.8400,11.9700,11.8456,11.8308,11.8382,0.1249,706406.8100,2421562.2000,100,100
2026-10-06 19:49:34+00:00,1000.0000,11.8400,11.8100,11.8486,11.8100,11.8293,0.3261,744797.7800,2613277.3900,100,100
2026-10-06 19:50:34+00:00,1000.0000,11.8400,11.8100,11.8486,11.8100,11.8293,0.3261,774148.4600,2665380.3200,100,100
2026-10-06 19:51:34+00:00,1000.0000,11.8500,11.8200,11.8500,11.8200,11.8350,0.2535,800616.5600,2761598.5600,100,100
2026-10-06 19:52:34+00:00,1000.0000,11.8500,11.8200,11.8500,11.8200,11.8350,0.2535,635820.1100,2815908.9200,100,100
2026-10-06 19:53:34+00:00,1000.0000,11.8500,11.8200,11.8500,11.8200,11.8350,0.2535,474045.1400,2819164.3600,100,100
2026-10-06 19:54:34+00:00,1000.0000,11.8500,11.8200,11.8500,11.8200,11.8350,0.2535,702045.9000,2895807.4500,100,100
2026-10-06 19:55:34+00:00,1000.0000,11.8500,11.8200,11.8500,11.8200,11.8350,0.2535,676836.9400,3066938.6600,100,100
2026-10-06 19:56:34+00:00,1000.0000,11.8500,11.8200,11.8560,11.8200,11.8380,0.3037,666214.3600,3141859.4900,100,100
2026-10-06 19:57:34+00:00,1000.0000,11.8500,11.8200,11.8560,11.8200,11.8380,0.3037,678947.8600,3040047.2600,100,100
2026-10-06 19:58:34+00:00,1000.0000,11.8500,11.8200,11.8500,11.8200,11.8350,0.2535,824435.8200,3239292.5700,100,100
2026-10-06 19:59:34+00:00,1000.0000,11.8500,11.8200,11.8500,11.8200,11.8350,0.2535,835573.6000,3234618.3200,100,100
2026-10-06 20:00:34+00:00,1000.0000,11.8500,11.8200,11.8500,11.8200,11.8350,0.2535,846203.0300,3385710.1400,100,100
2026-10-06 20:01:34+00:00,1000.0000,11.8500,11.8200,11.8500,11.8200,11.8350,0.2535,928107.5800,3307251.9300,100,100
2026-10-06 20:02:34+00:00,1000.0000,11.8500,11.8200,11.8500,11.8200,11.8350,0.2535,761415.5200,3317360.1900,100,100
2026-10-06 20:03:34+00:00,1000.0000,11.8500,11.8200,11.8500,11.8200,11.8350,0.2535,708716.0500,3233635.8800,100,100
2026-10-06 20:04:34+00:00,1000.0000,11.8400,11.8200,11.8498,11.8200,11.8349,0.2519,533566.5600,3347736.1000,100,100
2026-10-06 20:05:34+00:00,1000.0000,11.8500,11.8300,11.8500,11.8300,11.8400,0.1689,632141.2400,3694445.8600,100,100
2026-10-06 20:06:34+00:00,1000.0000,11.8500,11.8300,11.8600,11.8300,11.8450,0.2533,841455.3800,3584690.6600,100,100
2026-10-06 20:07:34+00:00,1000.0000,11.8600,11.8300,11.8600,11.8300,11.8450,0.2533,798531.7500,3302888.8600,100,100
2026-10-06 20:08:34+00:00,1000.0000,11.8600,11.8300,11.8600,11.8300,11.8450,0.2533,791721.9100,3351338.6900,100,100
2026-10-06 20:09:34+00:00,1000.0000,11.8600,11.8300,11.8600,11.8300,11.8450,0.2533,787906.0600,3047690.6000,100,100
2026-10-06 20:10:34+00:00,1000.0000,11.8600,11.8300,11.8600,11.8300,11.8450,0.2533,839149.6100,3175470.4200,100,100
2026-10-06 20:11:34+00:00,1000.0000,11.8600,11.8300,11.8600,11.8300,11.8450,0.2533,812844.8400,3204710.5300,100,100
2026-10-06 20:12:34+00:00,1000.0000,11.8600,11.8400,11.8605,11.8300,11.8453,0.2577,816213.4400,3596745.0000,100,100
2026-10-06 20:13:34+00:00,1000.0000,11.8600,11.8400,11.8611,11.8400,11.8505,0.1776,853762.3200,3174184.0200,100,100
2026-10-06 20:14:34+00:00,1000.0000,11.8600,11.8300,11.8611,11.8300,11.8455,0.2621,796080.8100,3036268.8500,100,100
2026-10-06 20:15:34+00:00,1000.0000,11.8600,11.8300,,11.8300,,,790264.8300,3010664.9900,100,100
2026-10-06 20:16:34+00:00,1000.0000,11.8600,11.8300,11.8615,11.8300,11.8457,0.2658,837853.1700,3158953.0000,100,100
2026-10-06 20:17:34+00:00,1000.0000,11.8600,11.8300,11.8616,11.8300,11.8458,0.2665,819889.5000,3169062.5800,100,100
2026-10-06 20:18:34+00:00,1000.0000,11.8600,11.8300,11.8616,11.8300,11.8458,0.2665,698997.1400,3177543.2500,100,100
2026-10-06 20:19:34+00:00,1000.0000,11.8600,11.8400,11.8616,11.8400,11.8508,0.1820,693639.5400,3055699.9000,100,100
2026-10-06 20:20:34+00:00,1000.0000,11.8600,11.8400,11.8613,11.8385,11.8499,0.1921,676262.8900,3279066.7900,100,100
2026-10-06 20:21:34+00:00,1000.0000,11.8600,11.8400,11.8614,11.8400,11.8507,0.1808,681188.5100,3522566.0100,100,100
2026-10-06 20:22:34+00:00,1000.0000,11.8600,11.8400,11.8614,11.8400,11.8507,0.1808,623042.1700,3398197.4000,100,100
2026-10-06 20:23:34+00:00,1000.0000,11.8600,11.8400,11.8699,11.8400,11.8550,0.2526,709899.2000,3406885.4900,100,100
2026-10-06 20:24:34+00:00,1000.0000,11.8600,11.8400,11.8652,11.8400,11.8526,0.2124,715883.9400,3384127.5500,100,100
2026-10-06 20:25:34+00:00,1000.0000,11.8500,11.8400,11.8500,11.8400,11.8450,0.0844,754598.8900,3457254.1500,100,100
2026-10-06 20:26:34+00:00,1000.0000,11.8600,11.8400,11.8683,11.8400,11.8542,0.2388,652052.9300,3385727.2800,100,100
2026-10-06 20:27:34+00:00,1000.0000,11.8600,11.8400,11.8693,11.8400,11.8547,0.2472,651499.4000,3347585.5900,100,100
2026-10-06 20:28:34+00:00,1000.0000,11.8600,11.8400,11.8689,11.8400,11.8545,0.2440,691083.4200,3499273.0300,100,100
2026-10-06 20:29:34+00:00,1000.0000,11.8600,11.8400,11.8691,11.8400,11.8546,0.2458,543196.6500,3497928.6300,100,100
2026-10-06 20:30:34+00:00,1000.0000,11.8600,11.9000,11.8702,11.8414,11.8558,0.2431,531284.8200,3547303.3600,100,100
2026-10-06 20:31:34+00:00,1000.0000,11.8600,11.8400,11.8704,11.8400,11.8552,0.2562,735248.5700,3545756.4100,100,100
2026-10-06 20:32:34+00:00,1000.0000,11.8600,11.8400,11.8700,11.8400,11.8550,0.2531,606071.7600,3274608.5900,100,100
2026-10-06 20:33:34+00:00,1000.0000,11.8700,11.8400,11.8700,11.8400,11.8550,0.2531,562258.9100,2926704.0800,100,100
2026-10-06 20:34:34+00:00,1000.0000,11.8700,11.8400,11.8700,11.8400,11.8550,0.2531,888814.8000,2702980.4600,100,100
2026-10-06 20:35:34+00:00,1000.0000,11.8700,11.8400,11.8700,11.8400,11.8550,0.2531,865353.5000,2572860.1300,100,100
2026-10-06 20:36:34+00:00,1000.0000,11.8600,11.8400,11.8640,11.8400,11.8520,0.2022,856605.9300,2615059.1700,100,100
2026-10-06 20:37:34+00:00,1000.0000,11.8700,11.8400,11.8700,11.8400,11.8550,0.2531,873642.8600,2946735.2200,100,100
2026-10-06 20:38:34+00:00,1000.0000,11.8600,11.8400,11.8699,11.8400,11.8550,0.2523,801511.7500,2699309.0400,100,100
2026-10-06 20:39:34+00:00,1000.0000,11.8600,11.8400,11.8699,11.8400,11.8550,0.2523,786135.5500,2910183.6900,100,100
2026-10-06 20:40:34+00:00,1000.0000,11.8700,11.8400,11.8700,11.8400,11.8550,0.2531,571697.0400,2889945.1900,100,100
2026-10-06 20:41:34+00:00,1000.0000,11.8600,11.8400,11.8690,11.8400,11.8545,0.2445,553377.1600,3171725.7000,100,100
2026-10-06 20:42:34+00:00,1000.0000,11.8700,11.8400,11.8700,11.8400,11.8550,0.2531,663863.1400,3166793.8000,100,100
2026-10-06 20:43:34+00:00,1000.0000,11.8700,11.8400,11.8700,11.8400,11.8550,0.2531,849187.8100,3216544.1400,100,100
2026-10-06 20:44:34+00:00,1000.0000,11.8700,11.8400,11.8700,11.8400,11.8550,0.2531,718107.3300,3064574.4400,100,100
2026-10-06 20:45:34+00:00,1000.0000,11.8700,11.8400,11.8700,11.8400,11.8550,0.2531,733190.2900,3010978.6400,100,100
2026-10-06 20:46:34+00:00,1000.0000,11.8700,11.8500,11.8700,11.8500,11.8600,0.1686,725541.8900,3177300.2800,100,100
2026-10-06 20:47:34+00:00,1000.0000,11.8700,11.8400,11.8700,11.8400,11.8550,0.2531,827283.3300,3190448.8200,100,100
2026-10-06 20:48:34+00:00,1000.0000,11.8700,11.8400,11.8700,11.8400,11.8550,0.2531,860648.0300,3247847.1000,100,100
2026-10-06 20:49:34+00:00,1000.0000,11.8700,11.8400,11.8700,11.8400,11.8550,0.2531,797950.7200,3319818.6700,100,100
2026-10-06 20:50:34+00:00,1000.0000,11.8700,11.8400,11.8700,11.8400,11.8550,0.2531,1016531.0600,3339175.1600,100,100
2026-10-06 20:51:34+00:00,1000.0000,11.8700,11.8400,11.8700,11.8400,11.8550,0.2531,930957.6500,3282158.9400,100,100
2026-10-06 20:52:34+00:00,1000.0000,11.8700,11.8400,11.8700,11.8400,11.8550,0.2531,1085294.3800,3350832.4900,100,100
2026-10-06 20:53:34+00:00,1000.0000,11.8700,11.8400,11.8700,11.8384,11.8542,0.2662,890246.7600,3017675.7900,100,100
2026-10-06 20:54:34+00:00,1000.0000,11.8700,11.8400,11.8700,11.8384,11.8542,0.2662,1049956.2000,2931361.6100,100,100
2026-10-06 20:55:34+00:00,1000.0000,11.8700,11.8400,11.8700,11.8384,11.8542,0.2662,1022924.1000,3082912.6800,100,100
2026-10-06 20:56:34+00:00,1000.0000,11.8700,11.8400,11.8700,11.8384,11.8542,0.2662,1004941.8300,3011802.9900,100,100
2026-10-06 20:57:34+00:00,1000.0000,11.8600,11.8400,11.8627,11.8384,11.8506,0.2043,1085592.6500,3180887.3900,100,100
2026-10-06 20:58:34+00:00,1000.0000,11.8600,11.8400,11.8600,11.8384,11.8492,0.1819,1055010.6500,3306712.8900,100,100
2026-10-06 20:59:34+00:00,1000.0000,11.8600,11.8400,11.8600,11.8364,11.8482,0.1990,1104776.8500,3253528.9500,100,100
2026-10-06 21:00:34+00:00,1000.0000,11.8600,11.8400,11.8600,11.8400,11.8500,0.1688,1097810.9800,3213766.7900,100,100
2026-10-06 21:01:34+00:00,1000.0000,11.8500,11.8400,11.8546,11.8321,11.8434,0.1894,1200627.6100,3239726.3900,100,100
2026-10-06 21:02:34+00:00,1000.0000,11.8500,11.8400,11.8546,11.8284,11.8415,0.2211,1198981.1300,3242073.6000,100,100
2026-10-06 21:03:34+00:00,1000.0000,11.8600,11.8300,11.8600,11.8300,11.8450,0.2533,1186119.7000,3162810.9200,100,100
2026-10-06 21:04:34+00:00,1000.0000,11.8500,11.8300,11.8500,11.8300,11.8400,0.1689,976895.0500,2886775.1600,100,100
2026-10-06 21:05:34+00:00,1000.0000,11.8500,11.8400,11.8500,11.8298,11.8399,0.1709,976320.2700,2866949.1100,100,100
2026-10-06 21:06:34+00:00,1000.0000,11.8500,11.8400,11.8642,11.8298,11.8470,0.2910,1048140.2800,3170914.0700,100,100
2026-10-06 21:07:34+00:00,1000.0000,11.8500,11.8400,11.8593,11.8400,11.8496,0.1627,792178.1000,3422095.4700,100,100
2026-10-06 21:08:34+00:00,1000.0000,11.8600,11.8300,11.8686,11.8220,11.8453,0.3936,664689.0900,3022169.8800,100,100
2026-10-06 21:09:34+00:00,1000.0000,11.8700,11.8300,11.8700,11.8220,11.8460,0.4051,664655.1200,3094458.4700,100,100
2026-10-06 21:10:34+00:00,1000.0000,11.8700,11.8300,11.8700,11.8300,11.8500,0.3376,692469.2700,3133328.5400,100,100
2026-10-06 21:11:34+00:00,1000.0000,11.8700,11.8300,11.8700,11.8300,11.8500,0.3376,648316.0700,3084359.4900,100,100
2026-10-06 21:12:34+00:00,1000.0000,11.8700,11.8300,11.8700,11.8300,11.8500,0.3376,586147.1200,3056816.0600,100,100
2026-10-06 21:13:34+00:00,1000.0000,11.8700,11.8300,11.8700,11.8300,11.8500,0.3376,580253.9300,3016517.6300,100,100
2026-10-06 21:14:34+00:00,1000.0000,11.8700,11.8300,11.8700,11.8300,11.8500,0.3376,641761.9200,3038027.1400,100,100
2026-10-06 21:15:34+00:00,1000.0000,11.8700,11.8300,11.8700,11.8300,11.8500,0.3376,634158.5900,3109973.7800,100,100
2026-10-06 21:16:34+00:00,1000.0000,11.8600,11.8300,11.8600,11.8300,11.8450,0.2533,649098.9400,3105426.6500,100,100
2026-10-06 21:17:34+00:00,1000.0000,11.8600,11.8300,11.8600,11.8300,11.8450,0.2533,670182.7000,3038243.0600,100,100
2026-10-06 21:18:34+00:00,1000.0000,11.8600,11.8300,11.8600,11.8300,11.8450,0.2533,824225.3700,3079937.9900,100,100
2026-10-06 21:19:34+00:00,1000.0000,11.8400,11.8300,11.8400,11.8300,11.8350,0.0845,823108.1900,2922090.3700,100,100
2026-10-06 21:20:34+00:00,1000.0000,11.8400,11.8300,11.8400,11.8300,11.8350,0.0845,667075.2300,2416500.0900,100,100
2026-10-06 21:21:34+00:00,1000.0000,11.8700,11.8300,11.8700,11.8300,11.8500,0.3376,674504.8900,2475674.1000,100,100
2026-10-06 21:22:34+00:00,1000.0000,11.8700,11.8300,11.8700,11.8300,11.8500,0.3376,667590.4300,2474679.4400,100,100
2026-10-06 21:23:34+00:00,1000.0000,11.8700,11.8500,11.8700,11.8320,11.8510,0.3206,585496.4700,2471439.2500,100,100
2026-10-06 21:24:34+00:00,1000.0000,11.8700,11.8300,11.8700,11.8300,11.8500,0.3376,663990.6100,2503285.3100,100,100
2026-10-06 21:25:34+00:00,1000.0000,11.8600,11.8400,11.8600,11.8300,11.8450,0.2533,691718.5300,2693467.3300,100,100
2026-10-06 21:26:34+00:00,1000.0000,11.8600,11.8400,11.8600,11.8400,11.8500,0.1688,580857.5000,2819452.3800,100,100
2026-10-06 21:27:34+00:00,1000.0000,11.8600,11.8400,11.8600,11.8400,11.8500,0.1688,522879.1800,2979574.0900,100,100
2026-10-06 21:28:34+00:00,1000.0000,11.8600,11.8500,11.8600,11.8500,11.8550,0.0844,510721.9000,3026002.6600,100,100
2026-10-06 21:29:34+00:00,1000.0000,11.8600,11.8500,11.8600,11.8500,11.8550,0.0844,549118.0500,2944246.5000,100,100
2026-10-06 21:30:34+00:00,1000.0000,11.8600,11.8500,11.8600,11.8425,11.8513,0.1474,557483.7100,3024969.2900,100,100
2026-10-06 21:31:34+00:00,1000.0000,11.8600,11.8500,11.8600,11.8425,11.8513,0.1474,548910.6800,3115829.7700,100,100
2026-10-06 21:32:34+00:00,1000.0000,11.8600,11.8400,11.8600,11.8400,11.8500,0.1688,480282.7400,2976092.1700,100,100
2026-10-06 21:33:34+00:00,1000.0000,11.8600,11.8400,11.8659,11.8400,11.8529,0.2184,613934.8100,3041508.8700,100,100
2026-10-06 21:34:34+00:00,1000.0000,11.8600,11.8400,11.8659,11.8400,11.8529,0.2184,564662.0000,2956363.5300,100,100
2026-10-06 21:35:34+00:00,1000.0000,11.8600,11.8400,11.8659,11.8400,11.8529,0.2184,403772.9700,2992547.0300,100,100
2026-10-06 21:36:34+00:00,1000.0000,11.8600,11.8400,11.8659,11.8400,11.8529,0.2184,402754.4700,2917827.5700,100,100
2026-10-06 21:37:34+00:00,1000.0000,11.8600,11.8400,11.8659,11.8400,11.8529,0.2184,369640.5600,2743495.6900,100,100
2026-10-06 21:38:34+00:00,1000.0000,11.8600,11.8400,11.8659,11.8400,11.8529,0.2184,452253.0400,3050098.8700,100,100
2026-10-06 21:39:34+00:00,1000.0000,11.8600,11.8400,11.8659,11.8400,11.8529,0.2184,376856.7800,3054714.4000,100,100
2026-10-06 21:40:34+00:00,1000.0000,11.8700,11.8400,11.8708,11.8400,11.8554,0.2598,458888.6900,3089052.4300,100,100
2026-10-06 21:41:34+00:00,1000.0000,11.8700,11.8400,11.8708,11.8400,11.8554,0.2598,503400.7000,3085146.0400,100,100
2026-10-06 21:42:34+00:00,1000.0000,11.8600,11.8400,11.8659,11.8400,11.8529,0.2184,502431.3600,2761256.5400,100,100
2026-10-06 21:43:34+00:00,1000.0000,11.8600,11.8400,11.8659,11.8400,11.8529,0.2184,543748.8500,2624333.2200,100,100
2026-10-06 21:44:34+00:00,1000.0000,11.8600,11.8400,11.8659,11.8400,11.8529,0.2184,539395.5500,2620902.0200,100,100
2026-10-06 21:45:34+00:00,1000.0000,11.8600,11.8400,11.8659,11.8400,11.8529,0.2184,526696.9200,2732282.7000,100,100
2026-10-06 21:46:34+00:00,1000.0000,11.8600,11.8400,11.8659,11.8400,11.8529,0.2184,490450.9200,2668056.8800,100,100
2026-10-06 21:47:34+00:00,1000.0000,11.8600,11.8400,11.8668,11.8400,11.8534,0.2262,539684.2700,2664937.6200,100,100
2026-10-06 21:48:34+00:00,1000.0000,11.8600,11.8400,11.8677,11.8400,11.8538,0.2337,545639.3800,2716167.2800,100,100
2026-10-06 21:49:34+00:00,1000.0000,11.8600,11.8400,11.8677,11.8400,11.8538,0.2337,547231.4300,2722998.1400,100,100
2026-10-06 21:50:34+00:00,1000.0000,11.8600,11.8400,11.8677,11.8400,11.8538,0.2337,538794.0800,2722362.0400,100,100
2026-10-06 21:51:34+00:00,1000.0000,11.8600,11.8400,11.8677,11.8400,11.8538,0.2337,558344.3300,2819953.9900,100,100
2026-10-06 21:52:34+00:00,1000.0000,11.8600,11.8400,11.8677,11.8400,11.8538,0.2337,585900.7200,2791149.1200,100,100
2026-10-06 21:53:34+00:00,1000.0000,11.8600,11.8400,11.8677,11.8400,11.8538,0.2337,645546.0000,2918329.3700,100,100
2026-10-06 21:54:34+00:00,1000.0000,11.8700,11.8400,11.8700,11.8400,11.8550,0.2531,848891.1700,3101519.3600,100,100
2026-10-06 21:55:34+00:00,1000.0000,11.8700,11.8400,11.8703,11.8400,11.8551,0.2553,864662.4300,3165080.0200,100,100
2026-10-06 21:56:34+00:00,1000.0000,11.8700,11.8400,11.8718,11.8400,11.8559,0.2681,859004.3800,3319836.4400,100,100
2026-10-06 21:57:34+00:00,1000.0000,11.8700,11.8400,11.8724,11.8400,11.8562,0.2730,868031.6500,3316596.7200,100,100
2026-10-06 21:58:34+00:00,1000.0000,11.8700,11.8400,11.8741,11.8400,11.8570,0.2872,850587.6200,3332993.2500,100,100
2026-10-06 21:59:34+00:00,1000.0000,11.8700,11.8400,11.8741,11.8400,11.8570,0.2872,850408.5900,3303695.2700,100,100
2026-10-06 22:00:34+00:00,1000.0000,11.8700,11.8400,11.8741,11.8400,11.8570,0.2872,862965.5900,3306882.5300,100,100
2026-10-06 22:01:34+00:00,1000.0000,11.8700,11.8400,11.8741,11.8400,11.8570,0.2872,939130.4700,3226033.9500,100,100
2026-10-06 22:02:34+00:00,1000.0000,11.8700,11.8400,11.8741,11.8400,11.8570,0.2872,933652.3400,3121243.4300,100,100
2026-10-06 22:03:34+00:00,1000.0000,11.8700,11.8400,11.8741,11.8400,11.8570,0.2872,852739.6500,3111858.9100,100,100
2026-10-06 22:04:34+00:00,1000.0000,11.8700,11.8400,11.8741,11.8400,11.8570,0.2872,841839.0400,3105060.2200,100,100
2026-10-06 22:05:34+00:00,1000.0000,11.8700,11.8400,11.8741,11.8400,11.8570,0.2872,679196.0500,2891238.7200,100,100
2026-10-06 22:06:34+00:00,1000.0000,11.8700,11.8400,11.8700,11.8400,11.8550,0.2531,693437.2800,2957720.9000,100,100
2026-10-06 22:07:34+00:00,1000.0000,11.8700,11.8400,11.8700,11.8400,11.8550,0.2531,690757.0600,3098299.7500,100,100
2026-10-06 22:08:34+00:00,1000.0000,11.8700,11.8400,11.8700,11.8400,11.8550,0.2531,581046.6300,2479585.6600,100,100
2026-10-06 22:09:34+00:00,1000.0000,11.8700,11.8500,11.8700,11.8408,11.8554,0.2467,582851.5400,2447315.6500,100,100
2026-10-06 22:10:34+00:00,1000.0000,11.8700,11.8400,11.8700,11.8400,11.8550,0.2531,588693.4700,2296397.1100,100,100
2026-10-06 22:11:34+00:00,1000.0000,11.8700,11.8400,11.8700,11.8400,11.8550,0.2531,670509.2000,2349035.9000,100,100
2026-10-06 22:12:34+00:00,1000.0000,11.8700,11.8500,11.8700,11.8500,11.8600,0.1686,836618.7900,2716056.0400,100,100
2026-10-06 22:13:34+00:00,1000.0000,11.8700,11.8500,11.8700,11.8426,11.8563,0.2310,812176.6200,2630992.5100,100,100
2026-10-06 22:14:34+00:00,1000.0000,11.8700,11.8500,11.8700,11.8426,11.8563,0.2310,643815.2100,2478005.0100,100,100
2026-10-06 22:15:34+00:00,1000.0000,11.8700,11.8500,11.8700,11.8426,11.8563,0.2310,649375.4900,2398266.4600,100,100
2026-10-06 22:16:34+00:00,1000.0000,11.8700,11.8500,11.8700,11.8426,11.8563,0.2310,645587.0800,2397063.1600,100,100
2026-10-06 22:17:34+00:00,1000.0000,11.8700,11.8500,11.8700,11.8405,11.8552,0.2490,565636.8100,2341555.1900,100,100
2026-10-06 22:18:34+00:00,1000.0000,11.8700,11.8500,11.8700,11.8405,11.8552,0.2490,641266.7400,2378903.8300,100,100
2026-10-06 22:19:34+00:00,1000.0000,11.8600,11.8500,11.8679,11.8405,11.8542,0.2317,588613.5800,2398469.4200,100,100
2026-10-06 22:20:34+00:00,1000.0000,11.8600,11.8500,11.8682,11.8400,11.8541,0.2379,585594.0800,2355013.9200,100,100
2026-10-06 22:21:34+00:00,1000.0000,11.8600,11.8500,11.8682,11.8400,11.8541,0.2379,575493.3900,2269724.0200,100,100
2026-10-06 22:22:34+00:00,1000.0000,11.8600,11.8500,11.8682,11.8500,11.8591,0.1534,552471.8300,2285822.8700,100,100
2026-10-06 22:23:34+00:00,1000.0000,11.8600,11.8500,11.8682,11.8500,11.8591,0.1534,547031.0000,2079673.0000,100,100
2026-10-06 22:24:34+00:00,1000.0000,11.8600,11.8500,11.8682,11.8500,11.8591,0.1534,540622.2100,2250121.7200,100,100
2026-10-06 22:25:34+00:00,1000.0000,11.8500,11.8500,11.8578,11.8403,11.8491,0.1475,548735.7600,2238096.1200,100,100
2026-10-06 22:26:34+00:00,1000.0000,11.8500,11.8400,11.8578,11.8400,11.8489,0.1502,622578.1800,2093003.5700,100,100
2026-10-06 22:27:34+00:00,1000.0000,11.8500,11.8400,11.8586,11.8400,11.8493,0.1570,618161.3500,2179993.9900,100,100
2026-10-06 22:28:34+00:00,1000.0000,11.8500,11.8600,11.8565,11.8470,11.8517,0.0802,642798.2200,2211356.4000,100,100
2026-10-06 22:29:34+00:00,1000.0000,11.8500,11.8400,11.8565,11.8400,11.8482,0.1391,781331.3500,2438748.4200,100,100
2026-10-06 22:30:34+00:00,1000.0000,11.8500,11.8400,11.8565,11.8400,11.8482,0.1391,781103.3400,2529249.9000,100,100
2026-10-06 22:31:34+00:00,1000.0000,11.8500,11.8400,11.8573,11.8346,11.8460,0.1915,772428.1800,2454680.4900,100,100
2026-10-06 22:32:34+00:00,1000.0000,11.8500,11.8400,11.8584,11.8300,11.8442,0.2396,788747.5700,2461121.1500,100,100
2026-10-06 22:33:34+00:00,1000.0000,11.8500,11.8400,11.8584,11.8300,11.8442,0.2396,765469.6900,2412848.9200,100,100
2026-10-06 22:34:34+00:00,1000.0000,11.8500,11.8600,11.8594,11.8360,11.8477,0.1974,788738.4400,2284855.9600,100,100
2026-10-06 22:35:34+00:00,1000.0000,11.8500,11.8600,11.8594,11.8360,11.8477,0.1974,780682.1300,2514074.9300,100,100
2026-10-06 22:36:34+00:00,1000.0000,11.8500,11.8400,11.8594,11.8300,11.8447,0.2481,780660.2300,2588599.2700,100,100
2026-10-06 22:37:34+00:00,1000.0000,11.8500,11.8400,11.8594,11.8300,11.8447,0.2481,773008.3700,2584069.7800,100,100
2026-10-06 22:38:34+00:00,1000.0000,11.8500,11.8400,11.8594,11.8300,11.8447,0.2481,637211.2500,2704104.6200,100,100
2026-10-06 22:39:34+00:00,1000.0000,11.8600,11.8400,11.8679,11.8300,11.8490,0.3201,636796.2900,2901749.6200,100,100
2026-10-06 22:40:34+00:00,1000.0000,11.8600,11.8400,11.8679,11.8361,11.8520,0.2686,634434.9100,2886929.8900,100,100
2026-10-06 22:41:34+00:00,1000.0000,11.8600,11.8400,11.8603,11.8300,11.8452,0.2562,628211.7500,2884684.7900,100,100
2026-10-06 22:42:34+00:00,1000.0000,11.8600,11.8400,11.8600,11.8300,11.8450,0.2533,629553.8400,2738161.9000,100,100
2026-10-06 22:43:34+00:00,1000.0000,11.8600,11.8400,11.8685,11.8300,11.8492,0.3246,622797.7500,2888729.3000,100,100
2026-10-06 22:44:34+00:00,1000.0000,11.8600,11.8400,11.8685,11.8400,11.8542,0.2401,663145.0900,2671254.7400,100,100
2026-10-06 22:45:34+00:00,1000.0000,11.8600,11.8400,11.8685,11.8400,11.8542,0.2401,639934.5100,2693684.9800,100,100
2026-10-06 22:46:34+00:00,1000.0000,11.8600,11.8500,11.8646,11.8372,11.8509,0.2313,639853.4100,2836746.5300,100,100
2026-10-06 22:47:34+00:00,1000.0000,11.8600,11.8400,11.8600,11.8300,11.8450,0.2533,647729.5900,2822571.8400,100,100
2026-10-06 22:48:34+00:00,1000.0000,11.8600,12.0000,11.8600,11.8470,11.8535,0.1097,729449.3700,2821311.1800,100,100
2026-10-06 22:49:34+00:00,1000.0000,11.8600,11.8400,11.8600,11.8300,11.8450,0.2533,935988.1600,2900882.7900,100,100
2026-10-06 22:50:34+00:00,1000.0000,11.8600,11.8400,11.8691,11.8300,11.8495,0.3296,954995.5000,2904425.2300,100,100
2026-10-06 22:51:34+00:00,1000.0000,11.8600,11.8300,11.8691,11.8300,11.8495,0.3296,789959.0800,2609533.1800,100,100
2026-10-06 22:52:34+00:00,1000.0000,11.8600,11.8300,11.8693,11.8300,11.8496,0.3314,1025851.0700,2986772.6500,100,100
2026-10-06 22:53:34+00:00,1000.0000,11.8600,11.8300,11.8600,11.8300,11.8450,0.2533,946546.4400,2433421.7500,100,100
2026-10-06 22:54:34+00:00,1000.0000,11.8600,11.8300,11.8670,11.8300,11.8485,0.3122,880713.7600,2685580.7500,100,100
2026-10-06 22:55:34+00:00,1000.0000,11.8600,11.8300,11.8610,11.8204,11.8407,0.3425,907956.7600,2470755.2400,100,100
2026-10-06 22:56:34+00:00,1000.0000,11.8600,11.8200,11.8600,11.8200,11.8400,0.3378,939579.2000,2590225.4200,100,100
2026-10-06 22:57:34+00:00,1000.0000,11.8600,11.8200,11.8600,11.8200,11.8400,0.3378,1107724.0300,3000454.7400,100,100
2026-10-06 22:58:34+00:00,1000.0000,11.8600,11.8200,11.8600,11.8200,11.8400,0.3378,1050657.8800,2988723.0100,100,100
2026-10-06 22:59:34+00:00,1000.0000,11.8600,11.8200,11.8600,11.8200,11.8400,0.3378,1050983.1400,2892693.3000,100,100
2026-10-06 23:00:34+00:00,1000.0000,11.8600,11.8200,11.8600,11.8200,11.8400,0.3378,1117034.4900,3011778.6800,100,100
2026-10-06 23:01:34+00:00,1000.0000,11.8600,11.8200,11.8600,11.8200,11.8400,0.3378,1104869.8100,3032591.5800,100,100
2026-10-06 23:02:34+00:00,1000.0000,11.8600,11.8200,11.8600,11.8200,11.8400,0.3378,1078858.0900,2928101.3800,100,100
2026-10-06 23:03:34+00:00,1000.0000,11.8600,11.8300,11.8600,11.8225,11.8413,0.3164,1066527.6700,2796182.3900,100,100
2026-10-06 23:04:34+00:00,1000.0000,11.8600,11.8300,11.8600,11.8225,11.8413,0.3164,1067341.6500,2793626.8500,100,100
2026-10-06 23:05:34+00:00,1000.0000,11.8600,11.8300,11.8600,11.8225,11.8413,0.3164,1064686.0800,2798556.1100,100,100
2026-10-06 23:06:34+00:00,1000.0000,11.8500,11.8200,11.8595,11.8200,11.8397,0.3336,911049.2000,2548805.0600,100,100
2026-10-06 23:07:34+00:00,1000.0000,11.8500,11.8300,11.8500,11.8208,11.8354,0.2463,906335.9900,2813319.3100,100,100
2026-10-06 23:08:34+00:00,1000.0000,11.8500,11.8300,11.8500,11.8208,11.8354,0.2463,864659.3600,2711928.3300,100,100
2026-10-06 23:09:34+00:00,1000.0000,11.8500,11.8300,11.8500,11.8208,11.8354,0.2463,890731.6700,2717697.2400,100,100
2026-10-06 23:10:34+00:00,1000.0000,11.8500,11.8300,11.8500,11.8208,11.8354,0.2463,871736.2000,2744623.9900,100,100
2026-10-06 23:11:34+00:00,1000.0000,11.8500,11.8300,11.8500,11.8208,11.8354,0.2463,872848.5400,2803785.2500,100,100
2026-10-06 23:12:34+00:00,1000.0000,11.8500,11.8300,11.8500,11.8300,11.8400,0.1689,872082.5000,2802527.8500,100,100
2026-10-06 23:13:34+00:00,1000.0000,11.8500,11.8300,11.8500,11.8251,11.8375,0.2105,809139.6500,2929972.6600,100,100
2026-10-06 23:14:34+00:00,1000.0000,11.8500,11.8300,11.8500,11.8250,11.8375,0.2109,825608.3700,2717155.2700,100,100
2026-10-06 23:15:34+00:00,1000.0000,11.8500,11.8300,11.8500,11.8250,11.8375,0.2109,824010.9200,2610493.2100,100,100
2026-10-06 23:16:34+00:00,1000.0000,11.8500,11.8300,11.8500,11.8250,11.8375,0.2109,829700.3600,2550815.3000,100,100
2026-10-06 23:17:34+00:00,1000.0000,11.8500,11.8300,11.8500,11.8250,11.8375,0.2109,858150.1100,2588614.4200,100,100
2026-10-06 23:18:34+00:00,1000.0000,11.8500,11.8300,11.8500,11.8208,11.8354,0.2467,881834.5200,2586715.8400,100,100
2026-10-06 23:19:34+00:00,1000.0000,11.8500,11.8300,11.8500,11.8208,11.8354,0.2467,903120.3600,2690924.1000,100,100
2026-10-06 23:20:34+00:00,1000.0000,11.8500,11.8300,11.8500,11.8208,11.8354,0.2467,866272.8200,2679656.0200,100,100
2026-10-06 23:21:34+00:00,1000.0000,11.8500,11.8300,11.8517,11.8203,11.8360,0.2656,874160.4400,2388486.5600,100,100
2026-10-06 23:22:34+00:00,1000.0000,11.8500,11.8200,11.8517,11.8200,11.8359,0.2680,864540.4400,2395093.7400,100,100
2026-10-06 23:23:34+00:00,1000.0000,11.8500,11.8200,11.8500,11.8200,11.8350,0.2535,914092.0800,2445407.9300,100,100
2026-10-06 23:24:34+00:00,1000.0000,11.8500,11.8200,11.8500,11.8200,11.8350,0.2535,724594.3500,2308476.2000,100,100
2026-10-06 23:25:34+00:00,1000.0000,11.8400,11.8200,11.8477,11.8200,11.8338,0.2337,702939.9500,2381003.3600,100,100
2026-10-06 23:26:34+00:00,1000.0000,11.8400,11.8200,11.8477,11.8200,11.8338,0.2337,705788.0300,2365704.0500,100,100
2026-10-06 23:27:34+00:00,1000.0000,11.8500,11.8200,11.8500,11.8200,11.8350,0.2535,710390.1100,2250244.6800,100,100
2026-10-06 23:28:34+00:00,1000.0000,11.8400,11.8200,11.8465,11.8200,11.8332,0.2238,698791.6900,2255052.1700,100,100
2026-10-06 23:29:34+00:00,1000.0000,11.8400,11.8200,11.8432,11.8200,11.8316,0.1964,712281.8200,2271956.1000,100,100
2026-10-06 23:30:34+00:00,1000.0000,11.8500,11.8200,11.8500,11.8200,11.8350,0.2535,712693.5200,2263171.5100,100,100
2026-10-06 23:31:34+00:00,1000.0000,11.8500,11.8200,11.8500,11.8200,11.8350,0.2535,715418.0800,2351735.4700,100,100
2026-10-06 23:32:34+00:00,1000.0000,11.8500,11.8200,11.8500,11.8200,11.8350,0.2535,739259.7800,2516096.8900,100,100
2026-10-06 23:33:34+00:00,1000.0000,11.8500,11.8200,11.8500,11.8100,11.8300,0.3381,607379.4700,2027995.7600,100,100
2026-10-06 23:34:34+00:00,1000.0000,11.8500,11.8200,11.8500,11.8100,11.8300,0.3381,772959.8200,2079137.3400,100,100
2026-10-06 23:35:34+00:00,1000.0000,11.8500,11.8200,11.8500,11.8100,11.8300,0.3381,695632.8900,2116078.1700,100,100
2026-10-06 23:36:34+00:00,1000.0000,11.8500,11.8200,11.8500,11.8100,11.8300,0.3381,733266.7800,2028511.9600,100,100
2026-10-06 23:37:34+00:00,1000.0000,11.8500,11.8200,11.8500,11.8100,11.8300,0.3381,783583.6100,1860487.3900,100,100
2026-10-06 23:38:34+00:00,1000.0000,11.8400,11.8200,11.8415,11.8100,11.8258,0.2664,749212.9900,1912839.8500,100,100
2026-10-06 23:39:34+00:00,1000.0000,11.8400,11.8200,11.8400,11.8100,11.8250,0.2537,733600.1600,2287679.7100,100,100
2026-10-06 23:40:34+00:00,1000.0000,11.8400,11.8200,11.8400,11.8100,11.8250,0.2537,738367.4900,2201734.6000,100,100
2026-10-06 23:41:34+00:00,1000.0000,11.8400,11.8200,11.8400,11.8100,11.8250,0.2537,754363.3700,2141374.0300,100,100
2026-10-06 23:42:34+00:00,1000.0000,11.8400,11.8200,11.8400,11.8100,11.8250,0.2537,813647.9800,2095773.2300,100,100
2026-10-06 23:43:34+00:00,1000.0000,11.8400,11.8200,11.8400,11.8100,11.8250,0.2537,807831.3600,2251076.2800,100,100
2026-10-06 23:44:34+00:00,1000.0000,11.8400,11.8200,11.8400,11.8105,11.8253,0.2494,759771.6200,2082235.1600,100,100
2026-10-06 23:45:34+00:00,1000.0000,11.8400,11.8200,11.8400,11.8105,11.8253,0.2494,732209.3200,2156925.7100,100,100
2026-10-06 23:46:34+00:00,1000.0000,11.8400,11.8200,11.8400,11.8105,11.8253,0.2494,726545.5200,2085293.1400,100,100
2026-10-06 23:47:34+00:00,1000.0000,11.8400,11.8200,11.8400,11.8105,11.8253,0.2494,757582.2600,2287442.4700,100,100
2026-10-06 23:48:34+00:00,1000.0000,11.8400,11.8200,11.8400,11.8105,11.8252,0.2495,782606.7100,2272091.8500,100,100
2026-10-06 23:49:34+00:00,1000.0000,11.8400,11.8200,11.8400,11.8105,11.8252,0.2495,777613.8200,2293304.5700,100,100
2026-10-06 23:50:34+00:00,1000.0000,11.8300,11.8200,11.8300,11.8100,11.8200,0.1692,745908.2200,2239461.2000,100,100
2026-10-06 23:51:34+00:00,1000.0000,11.8300,11.8200,11.8300,11.8100,11.8200,0.1692,736873.5100,2271936.9700,100,100
2026-10-06 23:52:34+00:00,1000.0000,11.8300,11.8200,11.8300,11.8100,11.8200,0.1692,785095.2200,2344663.5400,100,100
2026-10-06 23:53:34+00:00,1000.0000,11.8300,11.8200,11.8300,11.8100,11.8200,0.1692,764171.6800,2323258.0400,100,100
2026-10-06 23:54:34+00:00,1000.0000,11.8300,11.8200,11.8300,11.8003,11.8151,0.2518,797145.1000,2387295.8400,100,100
2026-10-06 23:55:34+00:00,1000.0000,11.8300,11.9600,11.8300,11.8671,11.8486,-0.3135,779249.0700,2192664.8600,100,100
2026-10-06 23:56:34+00:00,1000.0000,11.8300,11.9600,11.8300,11.8407,11.8353,-0.0904,667565.7400,2018744.1800,100,100
2026-10-06 23:57:34+00:00,1000.0000,11.8300,11.9600,11.8317,11.8247,11.8282,0.0594,668221.3100,2144581.1100,100,100
2026-10-06 23:58:34+00:00,1000.0000,11.8300,11.8200,11.8317,11.8100,11.8209,0.1838,667889.6300,2053871.8700,100,100
2026-10-06 23:59:34+00:00,1000.0000,11.8300,11.8200,11.8317,11.8100,11.8209,0.1838,704750.1500,2122839.5200,100,100
