fecha_corte,vigencia,vigencia_hasta,banco,tc,n_ops,monto_usd
2026-06-26,2026-06-27,2026-06-29,BANCO GANADERO,7.0,5,5743.0
2026-06-26,2026-06-27,2026-06-29,BANCO GANADERO,7.01,1,197.0
2026-06-26,2026-06-27,2026-06-29,BANCO ECONÓMICO,7.2,4,10107.0
2026-06-26,2026-06-27,2026-06-29,BANCO MERCANTIL SANTA CRUZ,7.2,2,2901.0
2026-06-26,2026-06-27,2026-06-29,BANCO MERCANTIL SANTA CRUZ,7.5,7,13240.0
2026-06-26,2026-06-27,2026-06-29,BANCO SOLIDARIO,7.5,2,5300.0
2026-06-26,2026-06-27,2026-06-29,BANCO GANADERO,8.0,1,5000.0
2026-06-26,2026-06-27,2026-06-29,BANCO MERCANTIL SANTA CRUZ,8.0,1,2000.0
2026-06-26,2026-06-27,2026-06-29,BANCO NACIONAL DE BOLIVIA,8.2,1,469.0
2026-06-26,2026-06-27,2026-06-29,BANCO MERCANTIL SANTA CRUZ,8.4,3,1000.0
2026-06-26,2026-06-27,2026-06-29,BANCO BISA,8.5,12,22524.0
2026-06-26,2026-06-27,2026-06-29,BANCO MERCANTIL SANTA CRUZ,8.7,1,4834.0
2026-06-26,2026-06-27,2026-06-29,BANCO MERCANTIL SANTA CRUZ,8.85,2,478750.0
2026-06-26,2026-06-27,2026-06-29,BANCO BISA,9.0,37,82783.0
2026-06-26,2026-06-27,2026-06-29,BANCO UNION,9.05,2,650.0
2026-06-26,2026-06-27,2026-06-29,BANCO DE CRÉDITO,9.1,2,2379.0
2026-06-26,2026-06-27,2026-06-29,BANCO BISA,9.15,1,14965.0
2026-06-26,2026-06-27,2026-06-29,BANCO BISA,9.2,1,249965.0
2026-06-26,2026-06-27,2026-06-29,BANCO GANADERO,9.32,1,107.0
2026-06-26,2026-06-27,2026-06-29,BANCO BISA,9.5,5,43654.0
2026-06-26,2026-06-27,2026-06-29,BANCO DE CRÉDITO,9.5,13,19102.0
2026-06-26,2026-06-27,2026-06-29,BANCO GANADERO,9.5,1,5005.0
2026-06-26,2026-06-27,2026-06-29,BANCO BISA,9.6,3,220425.0
2026-06-26,2026-06-27,2026-06-29,BANCO GANADERO,9.6,63,32733.0
2026-06-26,2026-06-27,2026-06-29,BANCO GANADERO,9.63,1,30465.0
2026-06-26,2026-06-27,2026-06-29,BANCO BISA,9.65,1,5507.0
2026-06-26,2026-06-27,2026-06-29,BANCO MERCANTIL SANTA CRUZ,9.65,2,93295.0
2026-06-26,2026-06-27,2026-06-29,BANCO BISA,9.7,7,14864.0
2026-06-26,2026-06-27,2026-06-29,BANCO DE LA NACIÓN ARGENTINA,9.7,1,7425.0
2026-06-26,2026-06-27,2026-06-29,BANCO GANADERO,9.7,71,214200.0
2026-06-26,2026-06-27,2026-06-29,BANCO BISA,9.715,1,60000.0
2026-06-26,2026-06-27,2026-06-29,BANCO ECONÓMICO,9.73,1,2000000.0
2026-06-26,2026-06-27,2026-06-29,BANCO GANADERO,9.73,2,752803.0
2026-06-26,2026-06-27,2026-06-29,BANCO MERCANTIL SANTA CRUZ,9.74,1,54792.0
2026-06-26,2026-06-27,2026-06-29,BANCO SOLIDARIO,9.74,2,100000.0
2026-06-26,2026-06-27,2026-06-29,BANCO BISA,9.75,8,146317.0
2026-06-26,2026-06-27,2026-06-29,BANCO NACIONAL DE BOLIVIA,9.75,1,1440000.0
2026-06-26,2026-06-27,2026-06-29,BANCO BISA,9.76,1,1054.0
2026-06-26,2026-06-27,2026-06-29,BANCO ECONÓMICO,9.76,1,40000.0
2026-06-26,2026-06-27,2026-06-29,BANCO BISA,9.78,3,591315.0
2026-06-26,2026-06-27,2026-06-29,BANCO BISA,9.8,3,3717.0
2026-06-26,2026-06-27,2026-06-29,BANCO ECONÓMICO,9.8,4,1144025.0
2026-06-26,2026-06-27,2026-06-29,BANCO MERCANTIL SANTA CRUZ,9.8,2,999857.0
2026-06-26,2026-06-27,2026-06-29,BANCO BISA,9.81,1,500000.0
2026-06-26,2026-06-27,2026-06-29,BANCO ECONÓMICO,9.81,1,2000000.0
2026-06-26,2026-06-27,2026-06-29,BANCO MERCANTIL SANTA CRUZ,9.81,1,1500000.0
2026-06-26,2026-06-27,2026-06-29,BANCO BISA,9.812,1,2000000.0
2026-06-26,2026-06-27,2026-06-29,BANCO FORTALEZA,9.82,1,400000.0
2026-06-26,2026-06-27,2026-06-29,BANCO GANADERO,9.82,1,2000000.0
2026-06-29,2026-06-30,2026-06-30,BANCO NACIONAL DE BOLIVIA,8.0,1,34975.0
2026-06-29,2026-06-30,2026-06-30,BANCO NACIONAL DE BOLIVIA,8.3,1,49204.0
2026-06-29,2026-06-30,2026-06-30,BANCO NACIONAL DE BOLIVIA,8.5,2,92667.0
2026-06-29,2026-06-30,2026-06-30,BANCO NACIONAL DE BOLIVIA,9.1,1,30000.0
2026-06-29,2026-06-30,2026-06-30,BANCO PYME DE LA COMUNIDAD,9.23,1,2.0
2026-06-29,2026-06-30,2026-06-30,BANCO SOLIDARIO,9.24,20,5589.0
2026-06-29,2026-06-30,2026-06-30,BANCO DE CRÉDITO,9.63,11,88037.0
2026-06-29,2026-06-30,2026-06-30,BANCO DE LA NACIÓN ARGENTINA,9.63,23,8870.0
2026-06-29,2026-06-30,2026-06-30,BANCO GANADERO,9.63,253,438730.0
2026-06-29,2026-06-30,2026-06-30,BANCO PRODEM,9.63,21,10687.0
2026-06-29,2026-06-30,2026-06-30,BANCO SOLIDARIO,9.66,1,11538.0
2026-06-29,2026-06-30,2026-06-30,BANCO MERCANTIL SANTA CRUZ,9.67,1,0.0
2026-06-29,2026-06-30,2026-06-30,BANCO MERCANTIL SANTA CRUZ,9.68,232,445169.0
2026-06-29,2026-06-30,2026-06-30,BANCO MERCANTIL SANTA CRUZ,9.69,1,1.0
2026-06-29,2026-06-30,2026-06-30,BANCO BISA,9.7,2,410.0
2026-06-29,2026-06-30,2026-06-30,BANCO GANADERO,9.7,73,300885.0
2026-06-29,2026-06-30,2026-06-30,BANCO NACIONAL DE BOLIVIA,9.7,1,21410.0
2026-06-29,2026-06-30,2026-06-30,BANCO SOLIDARIO,9.7,2,115.0
2026-06-29,2026-06-30,2026-06-30,BANCO BISA,9.72,1,507000.0
2026-06-29,2026-06-30,2026-06-30,BANCO GANADERO,9.72,16,13752.0
2026-06-29,2026-06-30,2026-06-30,BANCO MERCANTIL SANTA CRUZ,9.72,1,49000.0
2026-06-29,2026-06-30,2026-06-30,BANCO SOLIDARIO,9.72,1,19095.0
2026-06-29,2026-06-30,2026-06-30,BANCO NACIONAL DE BOLIVIA,9.725,1,1.0
2026-06-29,2026-06-30,2026-06-30,BANCO BISA,9.73,1,1500000.0
2026-06-29,2026-06-30,2026-06-30,BANCO ECONÓMICO,9.73,46,86920.0
2026-06-29,2026-06-30,2026-06-30,BANCO FIE,9.73,21,105419.0
2026-06-29,2026-06-30,2026-06-30,BANCO FORTALEZA,9.73,9,123435.0
2026-06-29,2026-06-30,2026-06-30,BANCO GANADERO,9.73,483,966621.0
2026-06-29,2026-06-30,2026-06-30,BANCO NACIONAL DE BOLIVIA,9.73,286,193334.0
2026-06-29,2026-06-30,2026-06-30,BANCO PYME DE LA COMUNIDAD,9.73,7,7542.0
2026-06-29,2026-06-30,2026-06-30,BANCO PYME ECOFUTURO,9.73,1,730.0
2026-06-29,2026-06-30,2026-06-30,BANCO UNION,9.73,116,676658.0
2026-06-29,2026-06-30,2026-06-30,BANCO BISA,9.731,1,700000.0
2026-06-29,2026-06-30,2026-06-30,BANCO NACIONAL DE BOLIVIA,9.732,2,5.0
2026-06-29,2026-06-30,2026-06-30,BANCO NACIONAL DE BOLIVIA,9.741,1,0.0
2026-06-29,2026-06-30,2026-06-30,BANCO SOLIDARIO,9.75,3,209935.0
2026-06-29,2026-06-30,2026-06-30,BANCO MERCANTIL SANTA CRUZ,9.78,2,3885.0
2026-06-29,2026-06-30,2026-06-30,BANCO NACIONAL DE BOLIVIA,9.79,1,1000000.0
2026-06-29,2026-06-30,2026-06-30,BANCO ECONÓMICO,9.8,1,330174.0
2026-06-29,2026-06-30,2026-06-30,BANCO MERCANTIL SANTA CRUZ,9.805,1,7655708.0
2026-06-29,2026-06-30,2026-06-30,BANCO MERCANTIL SANTA CRUZ,9.81,1,1678212.0
2026-06-29,2026-06-30,2026-06-30,BANCO GANADERO,9.82,1,1382.0
2026-06-29,2026-06-30,2026-06-30,BANCO DE CRÉDITO,9.9,1,700.0
2026-06-29,2026-06-30,2026-06-30,BANCO ECONÓMICO,9.91,4,1010.0
2026-06-29,2026-06-30,2026-06-30,BANCO DE CRÉDITO,9.99,1,9000.0
2026-06-29,2026-06-30,2026-06-30,BANCO DE CRÉDITO,10.07,1,1664.0
2026-06-29,2026-06-30,2026-06-30,BANCO DE CRÉDITO,10.11,1,296.0
2026-06-30,2026-07-01,2026-07-01,BANCO NACIONAL DE BOLIVIA,8.3,1,961.0
2026-06-30,2026-07-01,2026-07-01,BANCO NACIONAL DE BOLIVIA,9.0,1,126000.0
2026-06-30,2026-07-01,2026-07-01,BANCO SOLIDARIO,9.27,24,3584.0
2026-06-30,2026-07-01,2026-07-01,BANCO MERCANTIL SANTA CRUZ,9.55,1,1.0
2026-06-30,2026-07-01,2026-07-01,BANCO MERCANTIL SANTA CRUZ,9.56,168,257401.0
2026-06-30,2026-07-01,2026-07-01,BANCO PRODEM,9.56,9,3759.0
2026-06-30,2026-07-01,2026-07-01,BANCO GANADERO,9.63,6,62823.0
2026-06-30,2026-07-01,2026-07-01,BANCO BISA,9.66,43,87397.0
2026-06-30,2026-07-01,2026-07-01,BANCO DE CRÉDITO,9.66,17,37197.0
2026-06-30,2026-07-01,2026-07-01,BANCO DE LA NACIÓN ARGENTINA,9.66,26,6332.0
2026-06-30,2026-07-01,2026-07-01,BANCO ECONÓMICO,9.66,31,9356.0
2026-06-30,2026-07-01,2026-07-01,BANCO FIE,9.66,12,11564.0
2026-06-30,2026-07-01,2026-07-01,BANCO GANADERO,9.66,163,161961.0
2026-06-30,2026-07-01,2026-07-01,BANCO BISA,9.7,1,100000.0
2026-06-30,2026-07-01,2026-07-01,BANCO GANADERO,9.7,278,304112.0
2026-06-30,2026-07-01,2026-07-01,BANCO SOLIDARIO,9.7,2,24275.0
2026-06-30,2026-07-01,2026-07-01,BANCO FORTALEZA,9.71,1,167387.0
2026-06-30,2026-07-01,2026-07-01,BANCO ECONÓMICO,9.72,1,105560.0
2026-06-30,2026-07-01,2026-07-01,BANCO SOLIDARIO,9.72,3,144498.0
2026-06-30,2026-07-01,2026-07-01,BANCO BISA,9.73,1,200000.0
2026-06-30,2026-07-01,2026-07-01,BANCO FORTALEZA,9.73,1,2445.0
2026-06-30,2026-07-01,2026-07-01,BANCO GANADERO,9.73,114,1250413.0
2026-06-30,2026-07-01,2026-07-01,BANCO SOLIDARIO,9.73,1,112990.0
2026-06-30,2026-07-01,2026-07-01,BANCO GANADERO,9.7301,1,600000.0
2026-06-30,2026-07-01,2026-07-01,BANCO BISA,9.75,9,129806.0
2026-06-30,2026-07-01,2026-07-01,BANCO SOLIDARIO,9.75,1,22763.0
2026-06-30,2026-07-01,2026-07-01,BANCO DE CRÉDITO,9.76,1,10000.0
2026-06-30,2026-07-01,2026-07-01,BANCO FORTALEZA,9.76,1,1.0
2026-06-30,2026-07-01,2026-07-01,BANCO GANADERO,9.76,68,14269.0
2026-06-30,2026-07-01,2026-07-01,BANCO NACIONAL DE BOLIVIA,9.76,184,256505.0
2026-06-30,2026-07-01,2026-07-01,BANCO PYME DE LA COMUNIDAD,9.76,3,244.0
2026-06-30,2026-07-01,2026-07-01,BANCO PYME ECOFUTURO,9.76,6,602.0
2026-06-30,2026-07-01,2026-07-01,BANCO UNION,9.76,100,96187.0
2026-06-30,2026-07-01,2026-07-01,BANCO NACIONAL DE BOLIVIA,9.761,1,1.0
2026-06-30,2026-07-01,2026-07-01,BANCO DE CRÉDITO,9.78,2,1977718.0
2026-06-30,2026-07-01,2026-07-01,BANCO NACIONAL DE BOLIVIA,9.785,1,109456.0
2026-06-30,2026-07-01,2026-07-01,BANCO BISA,9.8,4,2342.0
2026-06-30,2026-07-01,2026-07-01,BANCO NACIONAL DE BOLIVIA,9.8,1,0.0
2026-06-30,2026-07-01,2026-07-01,BANCO SOLIDARIO,9.8,1,1599905.0
2026-06-30,2026-07-01,2026-07-01,BANCO GANADERO,9.81,1,399975.0
2026-06-30,2026-07-01,2026-07-01,BANCO MERCANTIL SANTA CRUZ,9.82,1,900000.0
2026-06-30,2026-07-01,2026-07-01,BANCO BISA,9.83,1,1001797.0
2026-06-30,2026-07-01,2026-07-01,BANCO GANADERO,9.83,5,9.0
2026-06-30,2026-07-01,2026-07-01,BANCO ECONÓMICO,9.84,2,26.0
2026-06-30,2026-07-01,2026-07-01,BANCO MERCANTIL SANTA CRUZ,9.86,3,83334.0
2026-06-30,2026-07-01,2026-07-01,BANCO MERCANTIL SANTA CRUZ,10.21,3,9354.0
2026-06-30,2026-07-01,2026-07-01,BANCO MERCANTIL SANTA CRUZ,11.76,1,850.0
2026-07-01,2026-07-02,2026-07-02,BANCO SOLIDARIO,9.27,17,26102.0
2026-07-01,2026-07-02,2026-07-02,BANCO PRODEM,9.36,13,5846.0
2026-07-01,2026-07-02,2026-07-02,BANCO PYME ECOFUTURO,9.36,3,3620.0
2026-07-01,2026-07-02,2026-07-02,BANCO MERCANTIL SANTA CRUZ,9.56,360,406827.0
2026-07-01,2026-07-02,2026-07-02,BANCO GANADERO,9.63,1,65822.0
2026-07-01,2026-07-02,2026-07-02,BANCO DE CRÉDITO,9.6599,1,43.0
2026-07-01,2026-07-02,2026-07-02,BANCO BISA,9.66,33,139166.0
2026-07-01,2026-07-02,2026-07-02,BANCO DE CRÉDITO,9.66,31,72182.0
2026-07-01,2026-07-02,2026-07-02,BANCO DE LA NACIÓN ARGENTINA,9.66,26,16886.0
2026-07-01,2026-07-02,2026-07-02,BANCO ECONÓMICO,9.66,29,37026.0
2026-07-01,2026-07-02,2026-07-02,BANCO FIE,9.66,15,8284.0
2026-07-01,2026-07-02,2026-07-02,BANCO GANADERO,9.66,164,124592.0
2026-07-01,2026-07-02,2026-07-02,BANCO BISA,9.68,1,50000.0
2026-07-01,2026-07-02,2026-07-02,BANCO BISA,9.7,3,404965.0
2026-07-01,2026-07-02,2026-07-02,BANCO DE CRÉDITO,9.7,2,220502.0
2026-07-01,2026-07-02,2026-07-02,BANCO GANADERO,9.7,356,357648.0
2026-07-01,2026-07-02,2026-07-02,BANCO SOLIDARIO,9.7,2,3345.0
2026-07-01,2026-07-02,2026-07-02,BANCO BISA,9.71,1,2781.0
2026-07-01,2026-07-02,2026-07-02,BANCO BISA,9.73,1,50000.0
2026-07-01,2026-07-02,2026-07-02,BANCO FORTALEZA,9.73,1,29975.0
2026-07-01,2026-07-02,2026-07-02,BANCO GANADERO,9.73,38,1105936.0
2026-07-01,2026-07-02,2026-07-02,BANCO BISA,9.75,10,129840.0
2026-07-01,2026-07-02,2026-07-02,BANCO NACIONAL DE BOLIVIA,9.75,24,1684458.0
2026-07-01,2026-07-02,2026-07-02,BANCO SOLIDARIO,9.75,2,1854436.0
2026-07-01,2026-07-02,2026-07-02,BANCO BISA,9.755,1,91000.0
2026-07-01,2026-07-02,2026-07-02,BANCO NACIONAL DE BOLIVIA,9.757,17,1.0
2026-07-01,2026-07-02,2026-07-02,BANCO BISA,9.76,3,196804.0
2026-07-01,2026-07-02,2026-07-02,BANCO DE CRÉDITO,9.76,1,1000.0
2026-07-01,2026-07-02,2026-07-02,BANCO FORTALEZA,9.76,3,66896.0
2026-07-01,2026-07-02,2026-07-02,BANCO GANADERO,9.76,23,1539.0
2026-07-01,2026-07-02,2026-07-02,BANCO NACIONAL DE BOLIVIA,9.76,1949,1296200.0
2026-07-01,2026-07-02,2026-07-02,BANCO PYME DE LA COMUNIDAD,9.76,3,216.0
2026-07-01,2026-07-02,2026-07-02,BANCO SOLIDARIO,9.76,1,249835.0
2026-07-01,2026-07-02,2026-07-02,BANCO UNION,9.76,73,119022.0
2026-07-01,2026-07-02,2026-07-02,BANCO BISA,9.765,1,70000.0
2026-07-01,2026-07-02,2026-07-02,BANCO BISA,9.77,1,1484555.0
2026-07-01,2026-07-02,2026-07-02,BANCO BISA,9.78,4,534140.0
2026-07-01,2026-07-02,2026-07-02,BANCO ECONÓMICO,9.78,1,174440.0
2026-07-01,2026-07-02,2026-07-02,BANCO GANADERO,9.78,2,446478.0
2026-07-01,2026-07-02,2026-07-02,BANCO BISA,9.795,1,10000000.0
2026-07-01,2026-07-02,2026-07-02,BANCO BISA,9.8,10,1823250.0
2026-07-01,2026-07-02,2026-07-02,BANCO DE CRÉDITO,9.8,1,699930.0
2026-07-01,2026-07-02,2026-07-02,BANCO GANADERO,9.8,1,612982.0
2026-07-01,2026-07-02,2026-07-02,BANCO NACIONAL DE BOLIVIA,9.8,18,0.0
2026-07-01,2026-07-02,2026-07-02,BANCO SOLIDARIO,9.8,1,499955.0
2026-07-01,2026-07-02,2026-07-02,BANCO GANADERO,9.805,1,499980.0
2026-07-01,2026-07-02,2026-07-02,BANCO GANADERO,9.81,1,2000000.0
2026-07-01,2026-07-02,2026-07-02,BANCO GANADERO,9.85,1,700000.0
2026-07-01,2026-07-02,2026-07-02,BANCO GANADERO,9.86,4,7.0
2026-07-01,2026-07-02,2026-07-02,BANCO UNION,9.9,1,1504313.0
2026-07-02,2026-07-03,2026-07-03,BANCO SOLIDARIO,9.29,27,19191.0
2026-07-02,2026-07-03,2026-07-03,BANCO PYME ECOFUTURO,9.38,2,2640.0
2026-07-02,2026-07-03,2026-07-03,BANCO PRODEM,9.48,8,4502.0
2026-07-02,2026-07-03,2026-07-03,BANCO MERCANTIL SANTA CRUZ,9.56,1,190740.0
2026-07-02,2026-07-03,2026-07-03,BANCO GANADERO,9.58,152,190091.0
2026-07-02,2026-07-03,2026-07-03,BANCO MERCANTIL SANTA CRUZ,9.58,187,171363.0
2026-07-02,2026-07-03,2026-07-03,BANCO GANADERO,9.6,121,29727.0
2026-07-02,2026-07-03,2026-07-03,BANCO GANADERO,9.63,3,31045.0
2026-07-02,2026-07-03,2026-07-03,BANCO BISA,9.66,3,1973.0
2026-07-02,2026-07-03,2026-07-03,BANCO GANADERO,9.66,2,8.0
2026-07-02,2026-07-03,2026-07-03,BANCO BISA,9.68,28,130934.0
2026-07-02,2026-07-03,2026-07-03,BANCO DE CRÉDITO,9.68,33,24304.0
2026-07-02,2026-07-03,2026-07-03,BANCO DE LA NACIÓN ARGENTINA,9.68,15,2149.0
2026-07-02,2026-07-03,2026-07-03,BANCO ECONÓMICO,9.68,33,280180.0
2026-07-02,2026-07-03,2026-07-03,BANCO FIE,9.68,12,40169.0
2026-07-02,2026-07-03,2026-07-03,BANCO GANADERO,9.7,176,280051.0
2026-07-02,2026-07-03,2026-07-03,BANCO MERCANTIL SANTA CRUZ,9.7,1,6940.0
2026-07-02,2026-07-03,2026-07-03,BANCO SOLIDARIO,9.7,1,19780.0
2026-07-02,2026-07-03,2026-07-03,BANCO GANADERO,9.73,63,1338543.0
2026-07-02,2026-07-03,2026-07-03,BANCO BISA,9.75,4,6471.0
2026-07-02,2026-07-03,2026-07-03,BANCO NACIONAL DE BOLIVIA,9.75,1,0.0
2026-07-02,2026-07-03,2026-07-03,BANCO SOLIDARIO,9.75,1,12651.0
2026-07-02,2026-07-03,2026-07-03,BANCO BISA,9.76,3,178860.0
2026-07-02,2026-07-03,2026-07-03,BANCO NACIONAL DE BOLIVIA,9.77,2,44000.0
2026-07-02,2026-07-03,2026-07-03,BANCO SOLIDARIO,9.77,1,5576.0
2026-07-02,2026-07-03,2026-07-03,BANCO NACIONAL DE BOLIVIA,9.776,1,1.0
2026-07-02,2026-07-03,2026-07-03,BANCO BISA,9.78,5,383854.0
2026-07-02,2026-07-03,2026-07-03,BANCO DE CRÉDITO,9.78,1,112383.0
2026-07-02,2026-07-03,2026-07-03,BANCO DE LA NACIÓN ARGENTINA,9.78,9,25562.0
2026-07-02,2026-07-03,2026-07-03,BANCO FORTALEZA,9.78,2,16.0
2026-07-02,2026-07-03,2026-07-03,BANCO GANADERO,9.78,18,101353.0
2026-07-02,2026-07-03,2026-07-03,BANCO MERCANTIL SANTA CRUZ,9.78,1,114000.0
2026-07-02,2026-07-03,2026-07-03,BANCO NACIONAL DE BOLIVIA,9.78,1062,1523349.0
2026-07-02,2026-07-03,2026-07-03,BANCO PYME DE LA COMUNIDAD,9.78,3,2262.0
2026-07-02,2026-07-03,2026-07-03,BANCO SOLIDARIO,9.78,3,23434.0
2026-07-02,2026-07-03,2026-07-03,BANCO UNION,9.78,75,209115.0
2026-07-02,2026-07-03,2026-07-03,BANCO GANADERO,9.781,1,382982.0
2026-07-02,2026-07-03,2026-07-03,BANCO BISA,9.785,2,430000.0
2026-07-02,2026-07-03,2026-07-03,BANCO ECONÓMICO,9.79,1,500000.0
2026-07-02,2026-07-03,2026-07-03,BANCO GANADERO,9.79,1,447982.0
2026-07-02,2026-07-03,2026-07-03,BANCO NACIONAL DE BOLIVIA,9.79,1,999960.0
2026-07-02,2026-07-03,2026-07-03,BANCO SOLIDARIO,9.79,1,133518.0
2026-07-02,2026-07-03,2026-07-03,BANCO BISA,9.8,3,100039.0
2026-07-02,2026-07-03,2026-07-03,BANCO ECONÓMICO,9.8,1,700000.0
2026-07-02,2026-07-03,2026-07-03,BANCO SOLIDARIO,9.8,2,89818.0
2026-07-02,2026-07-03,2026-07-03,BANCO BISA,9.805,1,1020800.0
2026-07-02,2026-07-03,2026-07-03,BANCO BISA,9.81,1,49970.0
2026-07-02,2026-07-03,2026-07-03,BANCO ECONÓMICO,9.81,1,139983.0
2026-07-02,2026-07-03,2026-07-03,BANCO MERCANTIL SANTA CRUZ,9.81,1,187600.0
2026-07-02,2026-07-03,2026-07-03,BANCO SOLIDARIO,9.81,1,127405.0
2026-07-02,2026-07-03,2026-07-03,BANCO BISA,9.815,1,3000000.0
2026-07-02,2026-07-03,2026-07-03,BANCO BISA,9.82,1,1000000.0
2026-07-02,2026-07-03,2026-07-03,BANCO GANADERO,9.82,2,300000.0
2026-07-02,2026-07-03,2026-07-03,BANCO GANADERO,9.8299,1,344.0
2026-07-02,2026-07-03,2026-07-03,BANCO GANADERO,9.83,1,800000.0
2026-07-02,2026-07-03,2026-07-03,BANCO MERCANTIL SANTA CRUZ,9.83,1,249907.0
2026-07-02,2026-07-03,2026-07-03,BANCO GANADERO,9.835,1,699982.0
2026-07-02,2026-07-03,2026-07-03,BANCO BISA,9.84,2,2149500.0
2026-07-02,2026-07-03,2026-07-03,BANCO GANADERO,9.84,1,959982.0
2026-07-02,2026-07-03,2026-07-03,BANCO DE CRÉDITO,9.85,1,699940.0
2026-07-02,2026-07-03,2026-07-03,BANCO GANADERO,9.85,1,1400.0
2026-07-02,2026-07-03,2026-07-03,BANCO MERCANTIL SANTA CRUZ,9.85,1,17983.0
2026-07-02,2026-07-03,2026-07-03,BANCO GANADERO,9.86,7,1874.0
2026-07-02,2026-07-03,2026-07-03,BANCO DE CRÉDITO,9.9,1,402892.0
2026-07-02,2026-07-03,2026-07-03,BANCO NACIONAL DE BOLIVIA,10.0,34,0.0
2026-07-03,2026-07-04,2026-07-06,BANCO SOLIDARIO,9.29,1,29001.0
2026-07-03,2026-07-04,2026-07-06,BANCO SOLIDARIO,9.31,16,1974.0
2026-07-03,2026-07-04,2026-07-06,BANCO PYME ECOFUTURO,9.4,5,3815.0
2026-07-03,2026-07-04,2026-07-06,BANCO GANADERO,9.58,1,2.0
2026-07-03,2026-07-04,2026-07-06,BANCO MERCANTIL SANTA CRUZ,9.59,2,9.0
2026-07-03,2026-07-04,2026-07-06,BANCO GANADERO,9.6,191,105083.0
2026-07-03,2026-07-04,2026-07-06,BANCO MERCANTIL SANTA CRUZ,9.6,136,757251.0
2026-07-03,2026-07-04,2026-07-06,BANCO MERCANTIL SANTA CRUZ,9.62,2,4.0
2026-07-03,2026-07-04,2026-07-06,BANCO GANADERO,9.63,2,45083.0
2026-07-03,2026-07-04,2026-07-06,BANCO BISA,9.7,38,136637.0
2026-07-03,2026-07-04,2026-07-06,BANCO DE CRÉDITO,9.7,6,8585.0
2026-07-03,2026-07-04,2026-07-06,BANCO DE LA NACIÓN ARGENTINA,9.7,10,11336.0
2026-07-03,2026-07-04,2026-07-06,BANCO ECONÓMICO,9.7,31,159927.0
2026-07-03,2026-07-04,2026-07-06,BANCO FIE,9.7,8,761.0
2026-07-03,2026-07-04,2026-07-06,BANCO GANADERO,9.7,294,323549.0
2026-07-03,2026-07-04,2026-07-06,BANCO PRODEM,9.7,7,18491.0
2026-07-03,2026-07-04,2026-07-06,BANCO BISA,9.72,3,35460.0
2026-07-03,2026-07-04,2026-07-06,BANCO GANADERO,9.73,33,1391657.0
2026-07-03,2026-07-04,2026-07-06,BANCO BISA,9.75,1,402.0
2026-07-03,2026-07-04,2026-07-06,BANCO BISA,9.76,1,56455.0
2026-07-03,2026-07-04,2026-07-06,BANCO MERCANTIL SANTA CRUZ,9.76,1,92572.0
2026-07-03,2026-07-04,2026-07-06,BANCO BISA,9.78,1,386417.0
2026-07-03,2026-07-04,2026-07-06,BANCO FORTALEZA,9.78,1,28000.0
2026-07-03,2026-07-04,2026-07-06,BANCO GANADERO,9.79,1,450000.0
2026-07-03,2026-07-04,2026-07-06,BANCO NACIONAL DE BOLIVIA,9.79,3,10085.0
2026-07-03,2026-07-04,2026-07-06,BANCO BISA,9.8,3,95005.0
2026-07-03,2026-07-04,2026-07-06,BANCO DE CRÉDITO,9.8,6,223547.0
2026-07-03,2026-07-04,2026-07-06,BANCO ECONÓMICO,9.8,1,53397.0
2026-07-03,2026-07-04,2026-07-06,BANCO FORTALEZA,9.8,1,200000.0
2026-07-03,2026-07-04,2026-07-06,BANCO GANADERO,9.8,39,2304.0
2026-07-03,2026-07-04,2026-07-06,BANCO MERCANTIL SANTA CRUZ,9.8,3,29594.0
2026-07-03,2026-07-04,2026-07-06,BANCO NACIONAL DE BOLIVIA,9.8,1071,1855909.0
2026-07-03,2026-07-04,2026-07-06,BANCO PYME DE LA COMUNIDAD,9.8,3,64.0
2026-07-03,2026-07-04,2026-07-06,BANCO SOLIDARIO,9.8,3,74276.0
2026-07-03,2026-07-04,2026-07-06,BANCO UNION,9.8,83,318733.0
2026-07-03,2026-07-04,2026-07-06,BANCO DE CRÉDITO,9.81,4,14676.0
2026-07-03,2026-07-04,2026-07-06,BANCO FORTALEZA,9.81,1,905622.0
2026-07-03,2026-07-04,2026-07-06,BANCO GANADERO,9.81,1,1374111.0
2026-07-03,2026-07-04,2026-07-06,BANCO NACIONAL DE BOLIVIA,9.81,1,300000.0
2026-07-03,2026-07-04,2026-07-06,BANCO BISA,9.82,1,129115.0
2026-07-03,2026-07-04,2026-07-06,BANCO DE CRÉDITO,9.82,4,14640.0
2026-07-03,2026-07-04,2026-07-06,BANCO MERCANTIL SANTA CRUZ,9.82,1,1051501.0
2026-07-03,2026-07-04,2026-07-06,BANCO BISA,9.83,1,177123.0
2026-07-03,2026-07-04,2026-07-06,BANCO MERCANTIL SANTA CRUZ,9.83,1,187022.0
2026-07-03,2026-07-04,2026-07-06,BANCO ECONÓMICO,9.84,1,300000.0
2026-07-03,2026-07-04,2026-07-06,BANCO GANADERO,9.84,1,400000.0
2026-07-03,2026-07-04,2026-07-06,BANCO BISA,9.85,1,633862.0
2026-07-03,2026-07-04,2026-07-06,BANCO GANADERO,9.85,3,4354619.0
2026-07-03,2026-07-04,2026-07-06,BANCO ECONÓMICO,9.87,2,186474.0
2026-07-03,2026-07-04,2026-07-06,BANCO GANADERO,9.88,3,17.0
2026-07-03,2026-07-04,2026-07-06,BANCO SOLIDARIO,9.88,1,97200.0
2026-07-03,2026-07-04,2026-07-06,BANCO SOLIDARIO,9.885,1,599962.0
2026-07-03,2026-07-04,2026-07-06,BANCO DE CRÉDITO,9.9,4,1204340.0
2026-07-03,2026-07-04,2026-07-06,BANCO ECONÓMICO,9.9,2,306318.0
2026-07-03,2026-07-04,2026-07-06,BANCO BISA,9.95,1,500000.0
2026-07-03,2026-07-04,2026-07-06,BANCO ECONÓMICO,9.95,1,748804.0
2026-07-03,2026-07-04,2026-07-06,BANCO MERCANTIL SANTA CRUZ,9.96,1,199845.0
2026-07-03,2026-07-04,2026-07-06,BANCO MERCANTIL SANTA CRUZ,9.965,1,1500000.0
2026-07-03,2026-07-04,2026-07-06,BANCO MERCANTIL SANTA CRUZ,10.0,1,0.0
2026-07-03,2026-07-04,2026-07-06,BANCO MERCANTIL SANTA CRUZ,10.25,1,59.0
2026-07-06,2026-07-07,2026-07-07,BANCO SOLIDARIO,9.34,21,1608.0
2026-07-06,2026-07-07,2026-07-07,BANCO ECONÓMICO,9.43,22,21372.0
2026-07-06,2026-07-07,2026-07-07,BANCO PYME ECOFUTURO,9.43,3,47414.0
2026-07-06,2026-07-07,2026-07-07,BANCO GANADERO,9.6,1,42440.0
2026-07-06,2026-07-07,2026-07-07,BANCO MERCANTIL SANTA CRUZ,9.6,1,6.0
2026-07-06,2026-07-07,2026-07-07,BANCO GANADERO,9.63,199,129283.0
2026-07-06,2026-07-07,2026-07-07,BANCO MERCANTIL SANTA CRUZ,9.63,201,260082.0
2026-07-06,2026-07-07,2026-07-07,BANCO BISA,9.7,3,2704.0
2026-07-06,2026-07-07,2026-07-07,BANCO DE CRÉDITO,9.7,3,2500.0
2026-07-06,2026-07-07,2026-07-07,BANCO GANADERO,9.7,227,393939.0
2026-07-06,2026-07-07,2026-07-07,BANCO NACIONAL DE BOLIVIA,9.7,1,2000.0
2026-07-06,2026-07-07,2026-07-07,BANCO BISA,9.73,39,105731.0
2026-07-06,2026-07-07,2026-07-07,BANCO DE CRÉDITO,9.73,7,35701.0
2026-07-06,2026-07-07,2026-07-07,BANCO DE LA NACIÓN ARGENTINA,9.73,29,5134.0
2026-07-06,2026-07-07,2026-07-07,BANCO FIE,9.73,17,15603.0
2026-07-06,2026-07-07,2026-07-07,BANCO FORTALEZA,9.73,2,2674.0
2026-07-06,2026-07-07,2026-07-07,BANCO GANADERO,9.73,12,1124923.0
2026-07-06,2026-07-07,2026-07-07,BANCO NACIONAL DE BOLIVIA,9.73,9,36096.0
2026-07-06,2026-07-07,2026-07-07,BANCO PRODEM,9.73,9,4406.0
2026-07-06,2026-07-07,2026-07-07,BANCO BISA,9.74,1,25962.0
2026-07-06,2026-07-07,2026-07-07,BANCO FORTALEZA,9.75,1,8880.0
2026-07-06,2026-07-07,2026-07-07,BANCO BISA,9.78,1,144935.0
2026-07-06,2026-07-07,2026-07-07,BANCO MERCANTIL SANTA CRUZ,9.78,1,21455.0
2026-07-06,2026-07-07,2026-07-07,BANCO BISA,9.8,1,22000.0
2026-07-06,2026-07-07,2026-07-07,BANCO GANADERO,9.8299,1,69.0
2026-07-06,2026-07-07,2026-07-07,BANCO BISA,9.83,2,18700.0
2026-07-06,2026-07-07,2026-07-07,BANCO DE LA NACIÓN ARGENTINA,9.83,1,12475.0
2026-07-06,2026-07-07,2026-07-07,BANCO FORTALEZA,9.83,6,1745.0
2026-07-06,2026-07-07,2026-07-07,BANCO GANADERO,9.83,117,4441.0
2026-07-06,2026-07-07,2026-07-07,BANCO MERCANTIL SANTA CRUZ,9.83,3,49488.0
2026-07-06,2026-07-07,2026-07-07,BANCO NACIONAL DE BOLIVIA,9.83,161,115500.0
2026-07-06,2026-07-07,2026-07-07,BANCO PYME DE LA COMUNIDAD,9.83,4,7049.0
2026-07-06,2026-07-07,2026-07-07,BANCO UNION,9.83,64,180125.0
2026-07-06,2026-07-07,2026-07-07,BANCO GANADERO,9.8302,1,16.0
2026-07-06,2026-07-07,2026-07-07,BANCO NACIONAL DE BOLIVIA,9.84,1,1.0
2026-07-06,2026-07-07,2026-07-07,BANCO BISA,9.85,2,821090.0
2026-07-06,2026-07-07,2026-07-07,BANCO SOLIDARIO,9.85,2,45445.0
2026-07-06,2026-07-07,2026-07-07,BANCO SOLIDARIO,9.862,2,500000.0
2026-07-06,2026-07-07,2026-07-07,BANCO ECONÓMICO,9.87,1,181531.0
2026-07-06,2026-07-07,2026-07-07,BANCO BISA,9.88,1,292281.0
2026-07-06,2026-07-07,2026-07-07,BANCO BISA,9.89,1,199965.0
2026-07-06,2026-07-07,2026-07-07,BANCO BISA,9.9,3,1313120.0
2026-07-06,2026-07-07,2026-07-07,BANCO ECONÓMICO,9.9,4,695604.0
2026-07-06,2026-07-07,2026-07-07,BANCO GANADERO,9.9,1,985.0
2026-07-06,2026-07-07,2026-07-07,BANCO MERCANTIL SANTA CRUZ,9.9,2,109876.0
2026-07-06,2026-07-07,2026-07-07,BANCO SOLIDARIO,9.9,2,10243.0
2026-07-06,2026-07-07,2026-07-07,BANCO ECONÓMICO,9.92,1,300000.0
2026-07-06,2026-07-07,2026-07-07,BANCO GANADERO,9.9296,1,71.0
2026-07-06,2026-07-07,2026-07-07,BANCO DE CRÉDITO,9.93,1,849700.0
2026-07-06,2026-07-07,2026-07-07,BANCO GANADERO,9.93,2,5.0
2026-07-06,2026-07-07,2026-07-07,BANCO BISA,9.95,1,700000.0
2026-07-06,2026-07-07,2026-07-07,BANCO DE CRÉDITO,9.95,1,505643.0
2026-07-06,2026-07-07,2026-07-07,BANCO SOLIDARIO,9.95,3,311275.0
2026-07-06,2026-07-07,2026-07-07,BANCO SOLIDARIO,9.97,4,93599.0
2026-07-06,2026-07-07,2026-07-07,BANCO MERCANTIL SANTA CRUZ,10.0,2,1100040.0
2026-07-06,2026-07-07,2026-07-07,BANCO MERCANTIL SANTA CRUZ,10.085,1,600000.0
2026-07-06,2026-07-07,2026-07-07,BANCO MERCANTIL SANTA CRUZ,10.15,1,399915.0
2026-07-07,2026-07-08,2026-07-08,BANCO SOLIDARIO,9.4,11,20294.0
2026-07-07,2026-07-08,2026-07-08,BANCO ECONÓMICO,9.49,25,33885.0
2026-07-07,2026-07-08,2026-07-08,BANCO PYME ECOFUTURO,9.49,3,107.0
2026-07-07,2026-07-08,2026-07-08,BANCO GANADERO,9.6,1,43754.0
2026-07-07,2026-07-08,2026-07-08,BANCO GANADERO,9.63,5,43290.0
2026-07-07,2026-07-08,2026-07-08,BANCO MERCANTIL SANTA CRUZ,9.68,1,0.0
2026-07-07,2026-07-08,2026-07-08,BANCO GANADERO,9.69,137,44202.0
2026-07-07,2026-07-08,2026-07-08,BANCO MERCANTIL SANTA CRUZ,9.69,138,39464.0
2026-07-07,2026-07-08,2026-07-08,BANCO GANADERO,9.6934,1,4.0
2026-07-07,2026-07-08,2026-07-08,BANCO GANADERO,9.7,248,296354.0
2026-07-07,2026-07-08,2026-07-08,BANCO BISA,9.73,2,4771.0
2026-07-07,2026-07-08,2026-07-08,BANCO GANADERO,9.73,76,1173281.0
2026-07-07,2026-07-08,2026-07-08,BANCO NACIONAL DE BOLIVIA,9.73,1,20.0
2026-07-07,2026-07-08,2026-07-08,BANCO PRODEM,9.73,1,1.0
2026-07-07,2026-07-08,2026-07-08,BANCO BISA,9.75,2,1524.0
2026-07-07,2026-07-08,2026-07-08,BANCO NACIONAL DE BOLIVIA,9.75,2,1750.0
2026-07-07,2026-07-08,2026-07-08,BANCO BISA,9.79,37,56928.0
2026-07-07,2026-07-08,2026-07-08,BANCO DE CRÉDITO,9.79,15,28166.0
2026-07-07,2026-07-08,2026-07-08,BANCO DE LA NACIÓN ARGENTINA,9.79,10,23805.0
2026-07-07,2026-07-08,2026-07-08,BANCO ECONÓMICO,9.79,1,3915.0
2026-07-07,2026-07-08,2026-07-08,BANCO FIE,9.79,25,14763.0
2026-07-07,2026-07-08,2026-07-08,BANCO NACIONAL DE BOLIVIA,9.79,2,10616.0
2026-07-07,2026-07-08,2026-07-08,BANCO PRODEM,9.79,8,13866.0
2026-07-07,2026-07-08,2026-07-08,BANCO BISA,9.8,3,24851.0
2026-07-07,2026-07-08,2026-07-08,BANCO NACIONAL DE BOLIVIA,9.8,1,939.0
2026-07-07,2026-07-08,2026-07-08,BANCO DE CRÉDITO,9.85,1,148543.0
2026-07-07,2026-07-08,2026-07-08,BANCO BISA,9.87,1,62538.0
2026-07-07,2026-07-08,2026-07-08,BANCO NACIONAL DE BOLIVIA,9.88,1,14947.0
2026-07-07,2026-07-08,2026-07-08,BANCO BISA,9.89,10,305472.0
2026-07-07,2026-07-08,2026-07-08,BANCO DE LA NACIÓN ARGENTINA,9.89,1,9659.0
2026-07-07,2026-07-08,2026-07-08,BANCO FORTALEZA,9.89,2,200.0
2026-07-07,2026-07-08,2026-07-08,BANCO GANADERO,9.89,59,250063.0
2026-07-07,2026-07-08,2026-07-08,BANCO MERCANTIL SANTA CRUZ,9.89,1,292.0
2026-07-07,2026-07-08,2026-07-08,BANCO NACIONAL DE BOLIVIA,9.89,148,421862.0
2026-07-07,2026-07-08,2026-07-08,BANCO PYME DE LA COMUNIDAD,9.89,1,2000.0
2026-07-07,2026-07-08,2026-07-08,BANCO UNION,9.89,79,159336.0
2026-07-07,2026-07-08,2026-07-08,BANCO DE CRÉDITO,9.899,1,58615.0
2026-07-07,2026-07-08,2026-07-08,BANCO DE CRÉDITO,9.9,1,303030.0
2026-07-07,2026-07-08,2026-07-08,BANCO NACIONAL DE BOLIVIA,9.9,1,2999975.0
2026-07-07,2026-07-08,2026-07-08,BANCO GANADERO,9.9001,1,391.0
2026-07-07,2026-07-08,2026-07-08,BANCO GANADERO,9.9296,1,68.0
2026-07-07,2026-07-08,2026-07-08,BANCO GANADERO,9.93,5,301552.0
2026-07-07,2026-07-08,2026-07-08,BANCO NACIONAL DE BOLIVIA,9.93,1,99975.0
2026-07-07,2026-07-08,2026-07-08,BANCO BISA,9.94,1,493713.0
2026-07-07,2026-07-08,2026-07-08,BANCO GANADERO,9.94,1,299982.0
2026-07-07,2026-07-08,2026-07-08,BANCO NACIONAL DE BOLIVIA,9.94,1,1108125.0
2026-07-07,2026-07-08,2026-07-08,BANCO BISA,9.95,4,1672238.0
2026-07-07,2026-07-08,2026-07-08,BANCO DE CRÉDITO,9.95,1,180000.0
2026-07-07,2026-07-08,2026-07-08,BANCO ECONÓMICO,9.95,1,299120.0
2026-07-07,2026-07-08,2026-07-08,BANCO SOLIDARIO,9.95,2,109900.0
2026-07-07,2026-07-08,2026-07-08,BANCO SOLIDARIO,9.962,1,499905.0
2026-07-07,2026-07-08,2026-07-08,BANCO DE CRÉDITO,9.97,1,99945.0
2026-07-07,2026-07-08,2026-07-08,BANCO SOLIDARIO,9.97,1,6116.0
2026-07-07,2026-07-08,2026-07-08,BANCO BISA,9.98,1,1020000.0
2026-07-07,2026-07-08,2026-07-08,BANCO ECONÓMICO,9.98,1,500000.0
2026-07-07,2026-07-08,2026-07-08,BANCO GANADERO,9.98,2,494208.0
2026-07-07,2026-07-08,2026-07-08,BANCO SOLIDARIO,9.98,3,1579970.0
2026-07-07,2026-07-08,2026-07-08,BANCO BISA,10.0,2,649900.0
2026-07-07,2026-07-08,2026-07-08,BANCO GANADERO,10.0,3,1646671.0
2026-07-07,2026-07-08,2026-07-08,BANCO SOLIDARIO,10.0,1,199983.0
2026-07-07,2026-07-08,2026-07-08,BANCO BISA,10.02,1,999960.0
2026-07-07,2026-07-08,2026-07-08,BANCO MERCANTIL SANTA CRUZ,10.02,1,1001429.0
2026-07-07,2026-07-08,2026-07-08,BANCO BISA,10.05,1,500000.0
2026-07-07,2026-07-08,2026-07-08,BANCO ECONÓMICO,10.05,1,500000.0
2026-07-07,2026-07-08,2026-07-08,BANCO SOLIDARIO,10.05,1,97105.0
2026-07-07,2026-07-08,2026-07-08,BANCO GANADERO,10.06,1,431808.0
2026-07-07,2026-07-08,2026-07-08,BANCO GANADERO,10.11,3,600000.0
2026-07-07,2026-07-08,2026-07-08,BANCO NACIONAL DE BOLIVIA,10.13,1,1199975.0
2026-07-07,2026-07-08,2026-07-08,BANCO GANADERO,10.16,1,649975.0
2026-07-08,2026-07-09,2026-07-09,BANCO SOLIDARIO,9.27,1,150000.0
2026-07-08,2026-07-09,2026-07-09,BANCO SOLIDARIO,9.46,22,8026.0
2026-07-08,2026-07-09,2026-07-09,BANCO NACIONAL DE BOLIVIA,9.5,1,150000.0
2026-07-08,2026-07-09,2026-07-09,BANCO ECONÓMICO,9.56,15,3236.0
2026-07-08,2026-07-09,2026-07-09,BANCO PYME ECOFUTURO,9.56,3,422.0
2026-07-08,2026-07-09,2026-07-09,BANCO GANADERO,9.6,1,16886.0
2026-07-08,2026-07-09,2026-07-09,BANCO GANADERO,9.63,1,27213.0
2026-07-08,2026-07-09,2026-07-09,BANCO GANADERO,9.66,1,36855.0
2026-07-08,2026-07-09,2026-07-09,BANCO GANADERO,9.69,4,20.0
2026-07-08,2026-07-09,2026-07-09,BANCO GANADERO,9.7,34,27902.0
2026-07-08,2026-07-09,2026-07-09,BANCO GANADERO,9.73,2,250203.0
2026-07-08,2026-07-09,2026-07-09,BANCO GANADERO,9.76,232,1510509.0
2026-07-08,2026-07-09,2026-07-09,BANCO MERCANTIL SANTA CRUZ,9.76,145,278412.0
2026-07-08,2026-07-09,2026-07-09,BANCO NACIONAL DE BOLIVIA,9.76,1,51.0
2026-07-08,2026-07-09,2026-07-09,BANCO BISA,9.79,1,242.0
2026-07-08,2026-07-09,2026-07-09,BANCO NACIONAL DE BOLIVIA,9.8,4,2990.0
2026-07-08,2026-07-09,2026-07-09,BANCO SOLIDARIO,9.8,6,4752.0
2026-07-08,2026-07-09,2026-07-09,BANCO BISA,9.86,55,224706.0
2026-07-08,2026-07-09,2026-07-09,BANCO DE CRÉDITO,9.86,12,7752.0
2026-07-08,2026-07-09,2026-07-09,BANCO DE LA NACIÓN ARGENTINA,9.86,10,3320.0
2026-07-08,2026-07-09,2026-07-09,BANCO FIE,9.86,22,12445.0
2026-07-08,2026-07-09,2026-07-09,BANCO NACIONAL DE BOLIVIA,9.86,87,258331.0
2026-07-08,2026-07-09,2026-07-09,BANCO PRODEM,9.86,13,57246.0
2026-07-08,2026-07-09,2026-07-09,BANCO BISA,9.87,1,34660.0
2026-07-08,2026-07-09,2026-07-09,BANCO BISA,9.88,2,2288.0
2026-07-08,2026-07-09,2026-07-09,BANCO BISA,9.89,1,39620.0
2026-07-08,2026-07-09,2026-07-09,BANCO FORTALEZA,9.89,1,125000.0
2026-07-08,2026-07-09,2026-07-09,BANCO BISA,9.9,2,108822.0
2026-07-08,2026-07-09,2026-07-09,BANCO BISA,9.91,1,70000.0
2026-07-08,2026-07-09,2026-07-09,BANCO NACIONAL DE BOLIVIA,9.95,105,2812505.0
2026-07-08,2026-07-09,2026-07-09,BANCO BISA,9.96,10,354128.0
2026-07-08,2026-07-09,2026-07-09,BANCO DE CRÉDITO,9.96,2,362603.0
2026-07-08,2026-07-09,2026-07-09,BANCO ECONÓMICO,9.96,2,32097.0
2026-07-08,2026-07-09,2026-07-09,BANCO GANADERO,9.96,2,17.0
2026-07-08,2026-07-09,2026-07-09,BANCO MERCANTIL SANTA CRUZ,9.96,2,7042.0
2026-07-08,2026-07-09,2026-07-09,BANCO NACIONAL DE BOLIVIA,9.96,3,6501.0
2026-07-08,2026-07-09,2026-07-09,BANCO PYME DE LA COMUNIDAD,9.96,3,1101.0
2026-07-08,2026-07-09,2026-07-09,BANCO SOLIDARIO,9.96,1,29900.0
2026-07-08,2026-07-09,2026-07-09,BANCO UNION,9.96,68,47994.0
2026-07-08,2026-07-09,2026-07-09,BANCO GANADERO,9.9603,2,37.0
2026-07-08,2026-07-09,2026-07-09,BANCO GANADERO,9.9649,1,1.0
2026-07-08,2026-07-09,2026-07-09,BANCO MERCANTIL SANTA CRUZ,9.97,1,41340.0
2026-07-08,2026-07-09,2026-07-09,BANCO SOLIDARIO,9.98,2,150000.0
2026-07-08,2026-07-09,2026-07-09,BANCO GANADERO,9.99,3,94.0
2026-07-08,2026-07-09,2026-07-09,BANCO BISA,10.0,3,767287.0
2026-07-08,2026-07-09,2026-07-09,BANCO GANADERO,10.0,1,150000.0
2026-07-08,2026-07-09,2026-07-09,BANCO NACIONAL DE BOLIVIA,10.0,2,0.0
2026-07-08,2026-07-09,2026-07-09,BANCO MERCANTIL SANTA CRUZ,10.02,3,3093065.0
2026-07-08,2026-07-09,2026-07-09,BANCO GANADERO,10.03,1,184529.0
2026-07-08,2026-07-09,2026-07-09,BANCO GANADERO,10.05,1,400000.0
2026-07-08,2026-07-09,2026-07-09,BANCO SOLIDARIO,10.05,1,13905.0
2026-07-08,2026-07-09,2026-07-09,BANCO BISA,10.06,2,207875.0
2026-07-08,2026-07-09,2026-07-09,BANCO MERCANTIL SANTA CRUZ,10.06,4,560000.0
2026-07-08,2026-07-09,2026-07-09,BANCO NACIONAL DE BOLIVIA,10.07,1,375918.0
2026-07-08,2026-07-09,2026-07-09,BANCO SOLIDARIO,10.07,1,113600.0
2026-07-08,2026-07-09,2026-07-09,BANCO BISA,10.1,3,246999.0
2026-07-08,2026-07-09,2026-07-09,BANCO DE CRÉDITO,10.1,3,499444.0
2026-07-08,2026-07-09,2026-07-09,BANCO GANADERO,10.1,2,1977845.0
2026-07-08,2026-07-09,2026-07-09,BANCO DE CRÉDITO,10.15,6,394967.0
2026-07-08,2026-07-09,2026-07-09,BANCO FORTALEZA,10.15,1,300000.0
2026-07-08,2026-07-09,2026-07-09,BANCO BISA,10.16,2,523491.0
2026-07-08,2026-07-09,2026-07-09,BANCO SOLIDARIO,10.175,1,129288.0
2026-07-08,2026-07-09,2026-07-09,BANCO BISA,10.185,1,100000.0
2026-07-08,2026-07-09,2026-07-09,BANCO GANADERO,10.241,1,1500000.0
2026-07-08,2026-07-09,2026-07-09,BANCO GANADERO,10.25,1,500000.0
2026-07-08,2026-07-09,2026-07-09,BANCO MERCANTIL SANTA CRUZ,10.25,1,1000000.0
2026-07-08,2026-07-09,2026-07-09,BANCO BISA,10.255,1,1000000.0
2026-07-08,2026-07-09,2026-07-09,BANCO MERCANTIL SANTA CRUZ,10.265,3,1659895.0
2026-07-08,2026-07-09,2026-07-09,BANCO SOLIDARIO,10.305,1,499880.0
2026-07-08,2026-07-09,2026-07-09,BANCO MERCANTIL SANTA CRUZ,10.349,3,5000000.0
2026-07-09,2026-07-10,2026-07-10,BANCO FORTALEZA,7.5,2,1814.0
2026-07-09,2026-07-10,2026-07-10,BANCO GANADERO,9.6,1,3003.0
2026-07-09,2026-07-10,2026-07-10,BANCO SOLIDARIO,9.6,24,9897.0
2026-07-09,2026-07-10,2026-07-10,BANCO GANADERO,9.63,1,15301.0
2026-07-09,2026-07-10,2026-07-10,BANCO GANADERO,9.7,1,10209.0
2026-07-09,2026-07-10,2026-07-10,BANCO PYME ECOFUTURO,9.7,1,10.0
2026-07-09,2026-07-10,2026-07-10,BANCO GANADERO,9.73,4,270172.0
2026-07-09,2026-07-10,2026-07-10,BANCO GANADERO,9.76,4,168.0
2026-07-09,2026-07-10,2026-07-10,BANCO GANADERO,9.84,41,823895.0
2026-07-09,2026-07-10,2026-07-10,BANCO DE CRÉDITO,9.86,1,166.0
2026-07-09,2026-07-10,2026-07-10,BANCO BISA,9.9,5,14540.0
2026-07-09,2026-07-10,2026-07-10,BANCO GANADERO,9.9,132,70774.0
2026-07-09,2026-07-10,2026-07-10,BANCO MERCANTIL SANTA CRUZ,9.9,103,64353.0
2026-07-09,2026-07-10,2026-07-10,BANCO SOLIDARIO,9.93,1,13333.0
2026-07-09,2026-07-10,2026-07-10,BANCO BISA,9.95,6,12440.0
2026-07-09,2026-07-10,2026-07-10,BANCO BISA,9.965,2,120000.0
2026-07-09,2026-07-10,2026-07-10,BANCO GANADERO,9.985,1,50000.0
2026-07-09,2026-07-10,2026-07-10,BANCO GANADERO,9.99,1,49280.0
2026-07-09,2026-07-10,2026-07-10,BANCO BISA,10.0,24,29036.0
2026-07-09,2026-07-10,2026-07-10,BANCO DE CRÉDITO,10.0,33,178225.0
2026-07-09,2026-07-10,2026-07-10,BANCO DE LA NACIÓN ARGENTINA,10.0,8,2932.0
2026-07-09,2026-07-10,2026-07-10,BANCO ECONÓMICO,10.0,31,14520.0
2026-07-09,2026-07-10,2026-07-10,BANCO FIE,10.0,14,31651.0
2026-07-09,2026-07-10,2026-07-10,BANCO NACIONAL DE BOLIVIA,10.0,90,430494.0
2026-07-09,2026-07-10,2026-07-10,BANCO PRODEM,10.0,15,70219.0
2026-07-09,2026-07-10,2026-07-10,BANCO SOLIDARIO,10.0,1,36061.0
2026-07-09,2026-07-10,2026-07-10,BANCO DE CRÉDITO,10.05,3,239883.0
2026-07-09,2026-07-10,2026-07-10,BANCO SOLIDARIO,10.05,4,39182.0
2026-07-09,2026-07-10,2026-07-10,BANCO GANADERO,10.06,2,4.0
2026-07-09,2026-07-10,2026-07-10,BANCO MERCANTIL SANTA CRUZ,10.06,2,500000.0
2026-07-09,2026-07-10,2026-07-10,BANCO NACIONAL DE BOLIVIA,10.09,119,136505.0
2026-07-09,2026-07-10,2026-07-10,BANCO BISA,10.1,4,174304.0
2026-07-09,2026-07-10,2026-07-10,BANCO DE CRÉDITO,10.1,3,527840.0
2026-07-09,2026-07-10,2026-07-10,BANCO ECONÓMICO,10.1,1,36232.0
2026-07-09,2026-07-10,2026-07-10,BANCO GANADERO,10.1,84,405809.0
2026-07-09,2026-07-10,2026-07-10,BANCO MERCANTIL SANTA CRUZ,10.1,1,100000.0
2026-07-09,2026-07-10,2026-07-10,BANCO NACIONAL DE BOLIVIA,10.1,4,1600660.0
2026-07-09,2026-07-10,2026-07-10,BANCO PYME DE LA COMUNIDAD,10.1,4,570.0
2026-07-09,2026-07-10,2026-07-10,BANCO SOLIDARIO,10.1,2,41743.0
2026-07-09,2026-07-10,2026-07-10,BANCO UNION,10.1,80,59816.0
2026-07-09,2026-07-10,2026-07-10,BANCO BISA,10.15,4,566740.0
2026-07-09,2026-07-10,2026-07-10,BANCO MERCANTIL SANTA CRUZ,10.15,2,252327.0
2026-07-09,2026-07-10,2026-07-10,BANCO DE CRÉDITO,10.16,2,251336.0
2026-07-09,2026-07-10,2026-07-10,BANCO ECONÓMICO,10.17,1,100000.0
2026-07-09,2026-07-10,2026-07-10,BANCO SOLIDARIO,10.18,1,299905.0
2026-07-09,2026-07-10,2026-07-10,BANCO SOLIDARIO,10.181,1,300000.0
2026-07-09,2026-07-10,2026-07-10,BANCO DE CRÉDITO,10.19,1,5000.0
2026-07-09,2026-07-10,2026-07-10,BANCO DE CRÉDITO,10.2,1,15850.0
2026-07-09,2026-07-10,2026-07-10,BANCO ECONÓMICO,10.2,1,70000.0
2026-07-09,2026-07-10,2026-07-10,BANCO GANADERO,10.2,2,200000.0
2026-07-09,2026-07-10,2026-07-10,BANCO SOLIDARIO,10.2,1,11429.0
2026-07-09,2026-07-10,2026-07-10,BANCO BISA,10.22,1,189280.0
2026-07-09,2026-07-10,2026-07-10,BANCO NACIONAL DE BOLIVIA,10.23,1,1499975.0
2026-07-09,2026-07-10,2026-07-10,BANCO BISA,10.25,2,1195675.0
2026-07-09,2026-07-10,2026-07-10,BANCO DE CRÉDITO,10.25,1,200000.0
2026-07-09,2026-07-10,2026-07-10,BANCO ECONÓMICO,10.25,1,74000.0
2026-07-09,2026-07-10,2026-07-10,BANCO MERCANTIL SANTA CRUZ,10.25,20,459053.0
2026-07-09,2026-07-10,2026-07-10,BANCO GANADERO,10.253,1,1500000.0
2026-07-09,2026-07-10,2026-07-10,BANCO DE CRÉDITO,10.255,1,1000000.0
2026-07-09,2026-07-10,2026-07-10,BANCO MERCANTIL SANTA CRUZ,10.26,1,3008543.0
2026-07-09,2026-07-10,2026-07-10,BANCO DE CRÉDITO,10.27,4,480000.0
2026-07-09,2026-07-10,2026-07-10,BANCO ECONÓMICO,10.27,1,30000.0
2026-07-09,2026-07-10,2026-07-10,BANCO BISA,10.28,1,600000.0
2026-07-09,2026-07-10,2026-07-10,BANCO ECONÓMICO,10.28,1,400000.0
2026-07-09,2026-07-10,2026-07-10,BANCO BISA,10.3,1,1000000.0
2026-07-09,2026-07-10,2026-07-10,BANCO DE CRÉDITO,10.3,2,1000619.0
2026-07-09,2026-07-10,2026-07-10,BANCO GANADERO,10.3,1,200000.0
2026-07-09,2026-07-10,2026-07-10,BANCO MERCANTIL SANTA CRUZ,10.33,1,3000128.0
2026-07-09,2026-07-10,2026-07-10,BANCO MERCANTIL SANTA CRUZ,10.34,2,2500000.0
2026-07-09,2026-07-10,2026-07-10,BANCO DE CRÉDITO,10.38,1,938394.0
2026-07-09,2026-07-10,2026-07-10,BANCO DE CRÉDITO,10.4,1,350000.0
2026-07-09,2026-07-10,2026-07-10,BANCO GANADERO,10.45,1,505669.0
2026-07-09,2026-07-10,2026-07-10,BANCO SOLIDARIO,10.47,2,479810.0
2026-07-09,2026-07-10,2026-07-10,BANCO SOLIDARIO,10.49,2,300000.0
2026-07-09,2026-07-10,2026-07-10,BANCO SOLIDARIO,10.5,1,99880.0
2026-07-09,2026-07-10,2026-07-10,BANCO MERCANTIL SANTA CRUZ,10.55,1,47.0
2026-07-09,2026-07-10,2026-07-10,BANCO SOLIDARIO,10.55,1,499905.0
2026-07-10,2026-07-11,2026-07-13,BANCO GANADERO,9.6,1,1652.0
2026-07-10,2026-07-11,2026-07-13,BANCO GANADERO,9.63,1,22232.0
2026-07-10,2026-07-11,2026-07-13,BANCO GANADERO,9.7,2,5547.0
2026-07-10,2026-07-11,2026-07-13,BANCO GANADERO,9.73,2,274449.0
2026-07-10,2026-07-11,2026-07-13,BANCO SOLIDARIO,9.73,21,2398.0
2026-07-10,2026-07-11,2026-07-13,BANCO PYME ECOFUTURO,9.84,2,112.0
2026-07-10,2026-07-11,2026-07-13,BANCO SOLIDARIO,9.85,1,400.0
2026-07-10,2026-07-11,2026-07-13,BANCO BISA,9.9,10,56371.0
2026-07-10,2026-07-11,2026-07-13,BANCO GANADERO,9.9,3,13.0
2026-07-10,2026-07-11,2026-07-13,BANCO BISA,9.95,4,4686.0
2026-07-10,2026-07-11,2026-07-13,BANCO GANADERO,9.96,1,56285.0
2026-07-10,2026-07-11,2026-07-13,BANCO GANADERO,10.04,162,92859.0
2026-07-10,2026-07-11,2026-07-13,BANCO MERCANTIL SANTA CRUZ,10.04,190,57504.0
2026-07-10,2026-07-11,2026-07-13,BANCO NACIONAL DE BOLIVIA,10.1,2,9500.0
2026-07-10,2026-07-11,2026-07-13,BANCO BISA,10.14,44,207611.0
2026-07-10,2026-07-11,2026-07-13,BANCO DE CRÉDITO,10.14,22,28888.0
2026-07-10,2026-07-11,2026-07-13,BANCO DE LA NACIÓN ARGENTINA,10.14,12,3349.0
2026-07-10,2026-07-11,2026-07-13,BANCO ECONÓMICO,10.14,25,6394.0
2026-07-10,2026-07-11,2026-07-13,BANCO FIE,10.14,10,718.0
2026-07-10,2026-07-11,2026-07-13,BANCO NACIONAL DE BOLIVIA,10.14,93,585250.0
2026-07-10,2026-07-11,2026-07-13,BANCO PRODEM,10.14,9,3750.0
2026-07-10,2026-07-11,2026-07-13,BANCO DE CRÉDITO,10.15,1,29950.0
2026-07-10,2026-07-11,2026-07-13,BANCO ECONÓMICO,10.15,1,500000.0
2026-07-10,2026-07-11,2026-07-13,BANCO GANADERO,10.15,1,199948.0
2026-07-10,2026-07-11,2026-07-13,BANCO BISA,10.19,2,3114.0
2026-07-10,2026-07-11,2026-07-13,BANCO DE CRÉDITO,10.2,1,50000.0
2026-07-10,2026-07-11,2026-07-13,BANCO FIE,10.2,1,4267.0
2026-07-10,2026-07-11,2026-07-13,BANCO GANADERO,10.2,29,979049.0
2026-07-10,2026-07-11,2026-07-13,BANCO NACIONAL DE BOLIVIA,10.2,1,3499955.0
2026-07-10,2026-07-11,2026-07-13,BANCO SOLIDARIO,10.2,3,59904.0
2026-07-10,2026-07-11,2026-07-13,BANCO BISA,10.23,1,100000.0
2026-07-10,2026-07-11,2026-07-13,BANCO NACIONAL DE BOLIVIA,10.23,125,24871.0
2026-07-10,2026-07-11,2026-07-13,BANCO BISA,10.24,4,48871.0
2026-07-10,2026-07-11,2026-07-13,BANCO DE CRÉDITO,10.24,2,47498.0
2026-07-10,2026-07-11,2026-07-13,BANCO DE LA NACIÓN ARGENTINA,10.24,4,1841.0
2026-07-10,2026-07-11,2026-07-13,BANCO FORTALEZA,10.24,2,431.0
2026-07-10,2026-07-11,2026-07-13,BANCO GANADERO,10.24,39,401960.0
2026-07-10,2026-07-11,2026-07-13,BANCO MERCANTIL SANTA CRUZ,10.24,13,267274.0
2026-07-10,2026-07-11,2026-07-13,BANCO NACIONAL DE BOLIVIA,10.24,1,450000.0
2026-07-10,2026-07-11,2026-07-13,BANCO PYME DE LA COMUNIDAD,10.24,1,68.0
2026-07-10,2026-07-11,2026-07-13,BANCO SOLIDARIO,10.24,1,25376.0
2026-07-10,2026-07-11,2026-07-13,BANCO UNION,10.24,80,339509.0
2026-07-10,2026-07-11,2026-07-13,BANCO BISA,10.25,4,530416.0
2026-07-10,2026-07-11,2026-07-13,BANCO MERCANTIL SANTA CRUZ,10.25,1,12500.0
2026-07-10,2026-07-11,2026-07-13,BANCO SOLIDARIO,10.25,2,28997.0
2026-07-10,2026-07-11,2026-07-13,BANCO NACIONAL DE BOLIVIA,10.258,2,3107633.0
2026-07-10,2026-07-11,2026-07-13,BANCO FORTALEZA,10.27,1,48440.0
2026-07-10,2026-07-11,2026-07-13,BANCO MERCANTIL SANTA CRUZ,10.28,1,29300.0
2026-07-10,2026-07-11,2026-07-13,BANCO BISA,10.29,3,75000.0
2026-07-10,2026-07-11,2026-07-13,BANCO NACIONAL DE BOLIVIA,10.29,1,2611715.0
2026-07-10,2026-07-11,2026-07-13,BANCO BISA,10.3,4,2257939.0
2026-07-10,2026-07-11,2026-07-13,BANCO GANADERO,10.3,1,150970.0
2026-07-10,2026-07-11,2026-07-13,BANCO DE CRÉDITO,10.32,2,173695.0
2026-07-10,2026-07-11,2026-07-13,BANCO BISA,10.33,2,13000.0
2026-07-10,2026-07-11,2026-07-13,BANCO DE CRÉDITO,10.34,2,25000.0
2026-07-10,2026-07-11,2026-07-13,BANCO MERCANTIL SANTA CRUZ,10.34,2,100000.0
2026-07-10,2026-07-11,2026-07-13,BANCO BISA,10.35,2,176010.0
2026-07-10,2026-07-11,2026-07-13,BANCO SOLIDARIO,10.35,1,13413.0
2026-07-10,2026-07-11,2026-07-13,BANCO SOLIDARIO,10.37,1,99887.0
2026-07-10,2026-07-11,2026-07-13,BANCO BISA,10.38,1,500000.0
2026-07-10,2026-07-11,2026-07-13,BANCO BISA,10.4,4,1379406.0
2026-07-10,2026-07-11,2026-07-13,BANCO DE CRÉDITO,10.4,1,99930.0
2026-07-10,2026-07-11,2026-07-13,BANCO SOLIDARIO,10.4,1,39905.0
2026-07-10,2026-07-11,2026-07-13,BANCO BISA,10.42,1,100000.0
2026-07-10,2026-07-11,2026-07-13,BANCO GANADERO,10.435,3,300000.0
2026-07-10,2026-07-11,2026-07-13,BANCO MERCANTIL SANTA CRUZ,10.45,1,334000.0
2026-07-10,2026-07-11,2026-07-13,BANCO BISA,10.48,1,698000.0
2026-07-10,2026-07-11,2026-07-13,BANCO BISA,10.5,3,1600000.0
2026-07-10,2026-07-11,2026-07-13,BANCO DE CRÉDITO,10.5,1,581244.0
2026-07-10,2026-07-11,2026-07-13,BANCO ECONÓMICO,10.5,1,100000.0
2026-07-10,2026-07-11,2026-07-13,BANCO SOLIDARIO,10.52,1,1000000.0
2026-07-10,2026-07-11,2026-07-13,BANCO BISA,10.55,1,500000.0
2026-07-10,2026-07-11,2026-07-13,BANCO DE CRÉDITO,10.55,1,798448.0
2026-07-10,2026-07-11,2026-07-13,BANCO ECONÓMICO,10.55,1,1000000.0
2026-07-10,2026-07-11,2026-07-13,BANCO SOLIDARIO,10.55,2,1795393.0
2026-07-10,2026-07-11,2026-07-13,BANCO ECONÓMICO,10.6,1,399975.0
2026-07-10,2026-07-11,2026-07-13,BANCO DE CRÉDITO,10.62,1,4000000.0
2026-07-10,2026-07-11,2026-07-13,BANCO GANADERO,10.62,1,1000000.0
2026-07-10,2026-07-11,2026-07-13,BANCO ECONÓMICO,10.64,1,1800000.0
2026-07-10,2026-07-11,2026-07-13,BANCO MERCANTIL SANTA CRUZ,10.69,1,56.0
2026-07-10,2026-07-11,2026-07-13,BANCO SOLIDARIO,10.71,2,499965.0
2026-07-10,2026-07-11,2026-07-13,BANCO SOLIDARIO,10.75,1,449880.0
2026-07-13,2026-07-14,2026-07-14,BANCO GANADERO,9.6,1,440.0
2026-07-13,2026-07-14,2026-07-14,BANCO GANADERO,9.63,1,43924.0
2026-07-13,2026-07-14,2026-07-14,BANCO GANADERO,9.7,1,2755.0
2026-07-13,2026-07-14,2026-07-14,BANCO GANADERO,9.73,1,254257.0
2026-07-13,2026-07-14,2026-07-14,BANCO SOLIDARIO,9.88,15,5520.0
2026-07-13,2026-07-14,2026-07-14,BANCO GANADERO,9.96,1,48988.0
2026-07-13,2026-07-14,2026-07-14,BANCO NACIONAL DE BOLIVIA,9.99,2,582.0
2026-07-13,2026-07-14,2026-07-14,BANCO PYME ECOFUTURO,10.0,2,99.0
2026-07-13,2026-07-14,2026-07-14,BANCO SOLIDARIO,10.0,1,6905.0
2026-07-13,2026-07-14,2026-07-14,BANCO BISA,10.1,3,2367.0
2026-07-13,2026-07-14,2026-07-14,BANCO NACIONAL DE BOLIVIA,10.14,1,41.0
2026-07-13,2026-07-14,2026-07-14,BANCO MERCANTIL SANTA CRUZ,10.19,1,1.0
2026-07-13,2026-07-14,2026-07-14,BANCO GANADERO,10.2,181,1050211.0
2026-07-13,2026-07-14,2026-07-14,BANCO MERCANTIL SANTA CRUZ,10.2,182,291463.0
2026-07-13,2026-07-14,2026-07-14,BANCO NACIONAL DE BOLIVIA,10.2,2,1380.0
2026-07-13,2026-07-14,2026-07-14,BANCO SOLIDARIO,10.2,1,3655.0
2026-07-13,2026-07-14,2026-07-14,BANCO GANADERO,10.24,18,25265.0
2026-07-13,2026-07-14,2026-07-14,BANCO SOLIDARIO,10.24,1,19655.0
2026-07-13,2026-07-14,2026-07-14,BANCO SOLIDARIO,10.25,1,57810.0
2026-07-13,2026-07-14,2026-07-14,BANCO BISA,10.3,37,163823.0
2026-07-13,2026-07-14,2026-07-14,BANCO DE CRÉDITO,10.3,46,129929.0
2026-07-13,2026-07-14,2026-07-14,BANCO DE LA NACIÓN ARGENTINA,10.3,15,1372.0
2026-07-13,2026-07-14,2026-07-14,BANCO ECONÓMICO,10.3,26,28314.0
2026-07-13,2026-07-14,2026-07-14,BANCO FIE,10.3,21,66249.0
2026-07-13,2026-07-14,2026-07-14,BANCO NACIONAL DE BOLIVIA,10.3,105,265942.0
2026-07-13,2026-07-14,2026-07-14,BANCO PRODEM,10.3,14,19587.0
2026-07-13,2026-07-14,2026-07-14,BANCO SOLIDARIO,10.3,1,38343.0
2026-07-13,2026-07-14,2026-07-14,BANCO GANADERO,10.32,1,70000.0
2026-07-13,2026-07-14,2026-07-14,BANCO BISA,10.35,1,14000.0
2026-07-13,2026-07-14,2026-07-14,BANCO GANADERO,10.36,2,13768.0
2026-07-13,2026-07-14,2026-07-14,BANCO NACIONAL DE BOLIVIA,10.39,131,64072.0
2026-07-13,2026-07-14,2026-07-14,BANCO BISA,10.4,2,4765.0
2026-07-13,2026-07-14,2026-07-14,BANCO DE CRÉDITO,10.4,1,53800.0
2026-07-13,2026-07-14,2026-07-14,BANCO DE LA NACIÓN ARGENTINA,10.4,1,1154.0
2026-07-13,2026-07-14,2026-07-14,BANCO ECONÓMICO,10.4,2,103976.0
2026-07-13,2026-07-14,2026-07-14,BANCO FORTALEZA,10.4,6,70.0
2026-07-13,2026-07-14,2026-07-14,BANCO GANADERO,10.4,7,16760.0
2026-07-13,2026-07-14,2026-07-14,BANCO NACIONAL DE BOLIVIA,10.4,1,110554.0
2026-07-13,2026-07-14,2026-07-14,BANCO PYME DE LA COMUNIDAD,10.4,1,252.0
2026-07-13,2026-07-14,2026-07-14,BANCO SOLIDARIO,10.4,1,116601.0
2026-07-13,2026-07-14,2026-07-14,BANCO UNION,10.4,126,254558.0
2026-07-13,2026-07-14,2026-07-14,BANCO GANADERO,10.4001,3,128.0
2026-07-13,2026-07-14,2026-07-14,BANCO SOLIDARIO,10.43,3,110956.0
2026-07-13,2026-07-14,2026-07-14,BANCO BISA,10.45,2,134165.0
2026-07-13,2026-07-14,2026-07-14,BANCO GANADERO,10.45,1,34311.0
2026-07-13,2026-07-14,2026-07-14,BANCO DE CRÉDITO,10.5,35,73100.0
2026-07-13,2026-07-14,2026-07-14,BANCO FIE,10.5,1,32431.0
2026-07-13,2026-07-14,2026-07-14,BANCO GANADERO,10.5,3,8.0
2026-07-13,2026-07-14,2026-07-14,BANCO MERCANTIL SANTA CRUZ,10.5,1,70000.0
2026-07-13,2026-07-14,2026-07-14,BANCO SOLIDARIO,10.5,2,111983.0
2026-07-13,2026-07-14,2026-07-14,BANCO GANADERO,10.51,1,2.0
2026-07-13,2026-07-14,2026-07-14,BANCO FIE,10.525,1,300000.0
2026-07-13,2026-07-14,2026-07-14,BANCO BISA,10.55,2,759965.0
2026-07-13,2026-07-14,2026-07-14,BANCO MERCANTIL SANTA CRUZ,10.55,1,30000.0
2026-07-13,2026-07-14,2026-07-14,BANCO BISA,10.56,1,1210000.0
2026-07-13,2026-07-14,2026-07-14,BANCO ECONÓMICO,10.6,1,300000.0
2026-07-13,2026-07-14,2026-07-14,BANCO MERCANTIL SANTA CRUZ,10.6,3,19942.0
2026-07-13,2026-07-14,2026-07-14,BANCO SOLIDARIO,10.6,1,1779375.0
2026-07-13,2026-07-14,2026-07-14,BANCO MERCANTIL SANTA CRUZ,10.64,1,1000000.0
2026-07-13,2026-07-14,2026-07-14,BANCO MERCANTIL SANTA CRUZ,10.65,1,607651.0
2026-07-13,2026-07-14,2026-07-14,BANCO MERCANTIL SANTA CRUZ,10.71,1,99920.0
2026-07-13,2026-07-14,2026-07-14,BANCO MERCANTIL SANTA CRUZ,10.768,1,1500000.0
2026-07-13,2026-07-14,2026-07-14,BANCO MERCANTIL SANTA CRUZ,10.85,1,900.0
2026-07-14,2026-07-15,2026-07-15,BANCO GANADERO,9.6,1,564.0
2026-07-14,2026-07-15,2026-07-15,BANCO GANADERO,9.63,1,35111.0
2026-07-14,2026-07-15,2026-07-15,BANCO GANADERO,9.73,1,198007.0
2026-07-14,2026-07-15,2026-07-15,BANCO UNION,9.76,4,215.0
2026-07-14,2026-07-15,2026-07-15,BANCO GANADERO,9.96,1,44400.0
2026-07-14,2026-07-15,2026-07-15,BANCO SOLIDARIO,9.98,20,8732.0
2026-07-14,2026-07-15,2026-07-15,BANCO NACIONAL DE BOLIVIA,10.0,5,9950.0
2026-07-14,2026-07-15,2026-07-15,BANCO PYME ECOFUTURO,10.1,6,1146.0
2026-07-14,2026-07-15,2026-07-15,BANCO GANADERO,10.2,4,7.0
2026-07-14,2026-07-15,2026-07-15,BANCO GANADERO,10.24,1,3523.0
2026-07-14,2026-07-15,2026-07-15,BANCO GANADERO,10.3,112,71820.0
2026-07-14,2026-07-15,2026-07-15,BANCO MERCANTIL SANTA CRUZ,10.3,152,220031.0
2026-07-14,2026-07-15,2026-07-15,BANCO GANADERO,10.3093,1,5.0
2026-07-14,2026-07-15,2026-07-15,BANCO GANADERO,10.36,2,95588.0
2026-07-14,2026-07-15,2026-07-15,BANCO BISA,10.4,27,227318.0
2026-07-14,2026-07-15,2026-07-15,BANCO DE CRÉDITO,10.4,44,137237.0
2026-07-14,2026-07-15,2026-07-15,BANCO DE LA NACIÓN ARGENTINA,10.4,5,6320.0
2026-07-14,2026-07-15,2026-07-15,BANCO ECONÓMICO,10.4,34,11605.0
2026-07-14,2026-07-15,2026-07-15,BANCO FIE,10.4,21,72232.0
2026-07-14,2026-07-15,2026-07-15,BANCO NACIONAL DE BOLIVIA,10.4,81,335881.0
2026-07-14,2026-07-15,2026-07-15,BANCO PRODEM,10.4,15,11639.0
2026-07-14,2026-07-15,2026-07-15,BANCO SOLIDARIO,10.4,9,9230.0
2026-07-14,2026-07-15,2026-07-15,BANCO SOLIDARIO,10.45,2,115045.0
2026-07-14,2026-07-15,2026-07-15,BANCO BISA,10.46,1,99980.0
2026-07-14,2026-07-15,2026-07-15,BANCO GANADERO,10.46,27,700257.0
2026-07-14,2026-07-15,2026-07-15,BANCO NACIONAL DE BOLIVIA,10.49,91,46946.0
2026-07-14,2026-07-15,2026-07-15,BANCO BISA,10.5,5,2279357.0
2026-07-14,2026-07-15,2026-07-15,BANCO DE CRÉDITO,10.5,55,400886.0
2026-07-14,2026-07-15,2026-07-15,BANCO DE LA NACIÓN ARGENTINA,10.5,3,3000.0
2026-07-14,2026-07-15,2026-07-15,BANCO ECONÓMICO,10.5,1,51000.0
2026-07-14,2026-07-15,2026-07-15,BANCO FORTALEZA,10.5,2,570.0
2026-07-14,2026-07-15,2026-07-15,BANCO GANADERO,10.5,77,28812.0
2026-07-14,2026-07-15,2026-07-15,BANCO MERCANTIL SANTA CRUZ,10.5,3,290214.0
2026-07-14,2026-07-15,2026-07-15,BANCO PYME DE LA COMUNIDAD,10.5,4,2129.0
2026-07-14,2026-07-15,2026-07-15,BANCO UNION,10.5,133,104667.0
2026-07-14,2026-07-15,2026-07-15,BANCO GANADERO,10.51,2,375294.0
2026-07-14,2026-07-15,2026-07-15,BANCO BISA,10.55,1,85751.0
2026-07-14,2026-07-15,2026-07-15,BANCO GANADERO,10.55,1,500000.0
2026-07-14,2026-07-15,2026-07-15,BANCO SOLIDARIO,10.55,2,28964.0
2026-07-14,2026-07-15,2026-07-15,BANCO BISA,10.58,2,168864.0
2026-07-14,2026-07-15,2026-07-15,BANCO BISA,10.6,2,1199960.0
2026-07-14,2026-07-15,2026-07-15,BANCO DE CRÉDITO,10.6,3,149238.0
2026-07-14,2026-07-15,2026-07-15,BANCO MERCANTIL SANTA CRUZ,10.6,4,222925.0
2026-07-14,2026-07-15,2026-07-15,BANCO SOLIDARIO,10.6,3,154690.0
2026-07-14,2026-07-15,2026-07-15,BANCO BISA,10.61,1,5890000.0
2026-07-14,2026-07-15,2026-07-15,BANCO BISA,10.62,1,1000000.0
2026-07-14,2026-07-15,2026-07-15,BANCO GANADERO,10.62,1,300000.0
2026-07-14,2026-07-15,2026-07-15,BANCO DE CRÉDITO,10.63,1,31930.0
2026-07-14,2026-07-15,2026-07-15,BANCO BISA,10.65,4,1015639.0
2026-07-14,2026-07-15,2026-07-15,BANCO DE CRÉDITO,10.65,3,61271.0
2026-07-14,2026-07-15,2026-07-15,BANCO ECONÓMICO,10.65,3,900000.0
2026-07-14,2026-07-15,2026-07-15,BANCO GANADERO,10.65,1,100000.0
2026-07-14,2026-07-15,2026-07-15,BANCO DE CRÉDITO,10.7,5,1041657.0
2026-07-14,2026-07-15,2026-07-15,BANCO FIE,10.7,1,250000.0
2026-07-14,2026-07-15,2026-07-15,BANCO FORTALEZA,10.7,1,49975.0
2026-07-14,2026-07-15,2026-07-15,BANCO GANADERO,10.7,1,1132250.0
2026-07-14,2026-07-15,2026-07-15,BANCO MERCANTIL SANTA CRUZ,10.705,1,1845791.0
2026-07-14,2026-07-15,2026-07-15,BANCO MERCANTIL SANTA CRUZ,10.72,1,349915.0
2026-07-14,2026-07-15,2026-07-15,BANCO GANADERO,10.73,2,1111325.0
2026-07-14,2026-07-15,2026-07-15,BANCO ECONÓMICO,10.76,1,2000000.0
2026-07-14,2026-07-15,2026-07-15,BANCO FIE,10.76,1,100000.0
2026-07-14,2026-07-15,2026-07-15,BANCO GANADERO,10.77,1,499975.0
2026-07-14,2026-07-15,2026-07-15,BANCO MERCANTIL SANTA CRUZ,10.79,1,2000000.0
2026-07-14,2026-07-15,2026-07-15,BANCO DE CRÉDITO,10.8,1,2999915.0
2026-07-14,2026-07-15,2026-07-15,BANCO FIE,10.82,1,500000.0
2026-07-14,2026-07-15,2026-07-15,BANCO FIE,10.845,2,1300000.0
2026-07-14,2026-07-15,2026-07-15,BANCO MERCANTIL SANTA CRUZ,10.86,1,9999920.0
2026-07-15,2026-07-16,2026-07-17,BANCO GANADERO,9.6,1,1868.0
2026-07-15,2026-07-16,2026-07-17,BANCO GANADERO,9.63,1,33813.0
2026-07-15,2026-07-16,2026-07-17,BANCO GANADERO,9.7,4,2223.0
2026-07-15,2026-07-16,2026-07-17,BANCO GANADERO,9.73,33,241865.0
2026-07-15,2026-07-16,2026-07-17,BANCO GANADERO,9.96,1,25756.0
2026-07-15,2026-07-16,2026-07-17,BANCO UNION,9.96,1,130.0
2026-07-15,2026-07-16,2026-07-17,BANCO NACIONAL DE BOLIVIA,10.0,1,100.0
2026-07-15,2026-07-16,2026-07-17,BANCO UNION,10.1,1,50.0
2026-07-15,2026-07-16,2026-07-17,BANCO SOLIDARIO,10.17,34,1816.0
2026-07-15,2026-07-16,2026-07-17,BANCO UNION,10.24,2,15.0
2026-07-15,2026-07-16,2026-07-17,BANCO BISA,10.3,6,8139.0
2026-07-15,2026-07-16,2026-07-17,BANCO GANADERO,10.3,7,419.0
2026-07-15,2026-07-16,2026-07-17,BANCO PYME ECOFUTURO,10.3,4,600.0
2026-07-15,2026-07-16,2026-07-17,BANCO NACIONAL DE BOLIVIA,10.4,1,35.0
2026-07-15,2026-07-16,2026-07-17,BANCO GANADERO,10.46,1,432688.0
2026-07-15,2026-07-16,2026-07-17,BANCO DE CRÉDITO,10.5,1,39646.0
2026-07-15,2026-07-16,2026-07-17,BANCO GANADERO,10.5,152,150088.0
2026-07-15,2026-07-16,2026-07-17,BANCO MERCANTIL SANTA CRUZ,10.5,199,270256.0
2026-07-15,2026-07-16,2026-07-17,BANCO NACIONAL DE BOLIVIA,10.5,1,1500.0
2026-07-15,2026-07-16,2026-07-17,BANCO SOLIDARIO,10.5,1,35675.0
2026-07-15,2026-07-16,2026-07-17,BANCO MERCANTIL SANTA CRUZ,10.52,2,1.0
2026-07-15,2026-07-16,2026-07-17,BANCO MERCANTIL SANTA CRUZ,10.55,1,0.0
2026-07-15,2026-07-16,2026-07-17,BANCO BISA,10.6,22,62758.0
2026-07-15,2026-07-16,2026-07-17,BANCO DE CRÉDITO,10.6,18,39909.0
2026-07-15,2026-07-16,2026-07-17,BANCO DE LA NACIÓN ARGENTINA,10.6,7,11048.0
2026-07-15,2026-07-16,2026-07-17,BANCO ECONÓMICO,10.6,38,157222.0
2026-07-15,2026-07-16,2026-07-17,BANCO FIE,10.6,31,4732.0
2026-07-15,2026-07-16,2026-07-17,BANCO FORTALEZA,10.6,2,9635.0
2026-07-15,2026-07-16,2026-07-17,BANCO GANADERO,10.6,2,1.0
2026-07-15,2026-07-16,2026-07-17,BANCO MERCANTIL SANTA CRUZ,10.6,1,100000.0
2026-07-15,2026-07-16,2026-07-17,BANCO NACIONAL DE BOLIVIA,10.6,163,318553.0
2026-07-15,2026-07-16,2026-07-17,BANCO PRODEM,10.6,8,13772.0
2026-07-15,2026-07-16,2026-07-17,BANCO NACIONAL DE BOLIVIA,10.65,1,200000.0
2026-07-15,2026-07-16,2026-07-17,BANCO GANADERO,10.66,159,590322.0
2026-07-15,2026-07-16,2026-07-17,BANCO NACIONAL DE BOLIVIA,10.69,130,120316.0
2026-07-15,2026-07-16,2026-07-17,BANCO BISA,10.7,2,1303.0
2026-07-15,2026-07-16,2026-07-17,BANCO DE LA NACIÓN ARGENTINA,10.7,4,78000.0
2026-07-15,2026-07-16,2026-07-17,BANCO FORTALEZA,10.7,2,2541.0
2026-07-15,2026-07-16,2026-07-17,BANCO GANADERO,10.7,75,20527.0
2026-07-15,2026-07-16,2026-07-17,BANCO MERCANTIL SANTA CRUZ,10.7,1,1000.0
2026-07-15,2026-07-16,2026-07-17,BANCO PYME DE LA COMUNIDAD,10.7,4,1025.0
2026-07-15,2026-07-16,2026-07-17,BANCO SOLIDARIO,10.7,4,251708.0
2026-07-15,2026-07-16,2026-07-17,BANCO UNION,10.7,206,543367.0
2026-07-15,2026-07-16,2026-07-17,BANCO ECONÓMICO,10.71,1,300000.0
2026-07-15,2026-07-16,2026-07-17,BANCO DE CRÉDITO,10.72,21,305679.0
2026-07-15,2026-07-16,2026-07-17,BANCO NACIONAL DE BOLIVIA,10.73,1,195350.0
2026-07-15,2026-07-16,2026-07-17,BANCO GANADERO,10.74,1,3000000.0
2026-07-15,2026-07-16,2026-07-17,BANCO BISA,10.75,3,179963.0
2026-07-15,2026-07-16,2026-07-17,BANCO GANADERO,10.75,1,61500.0
2026-07-15,2026-07-16,2026-07-17,BANCO FORTALEZA,10.76,1,341913.0
2026-07-15,2026-07-16,2026-07-17,BANCO BISA,10.77,1,50000.0
2026-07-15,2026-07-16,2026-07-17,BANCO GANADERO,10.77,3,1443347.0
2026-07-15,2026-07-16,2026-07-17,BANCO SOLIDARIO,10.77,1,66063.0
2026-07-15,2026-07-16,2026-07-17,BANCO FORTALEZA,10.78,1,300000.0
2026-07-15,2026-07-16,2026-07-17,BANCO NACIONAL DE BOLIVIA,10.79,1,2000000.0
2026-07-15,2026-07-16,2026-07-17,BANCO DE CRÉDITO,10.8,58,636460.0
2026-07-15,2026-07-16,2026-07-17,BANCO MERCANTIL SANTA CRUZ,10.8,4,562932.0
2026-07-15,2026-07-16,2026-07-17,BANCO PYME DE LA COMUNIDAD,10.8,1,49.0
2026-07-15,2026-07-16,2026-07-17,BANCO SOLIDARIO,10.8,2,119690.0
2026-07-15,2026-07-16,2026-07-17,BANCO SOLIDARIO,10.83,1,99905.0
2026-07-15,2026-07-16,2026-07-17,BANCO GANADERO,10.85,1,184378.0
2026-07-15,2026-07-16,2026-07-17,BANCO DE CRÉDITO,10.86,3,1277202.0
2026-07-15,2026-07-16,2026-07-17,BANCO GANADERO,10.87,1,300000.0
2026-07-15,2026-07-16,2026-07-17,BANCO DE CRÉDITO,10.88,2,100000.0
2026-07-15,2026-07-16,2026-07-17,BANCO GANADERO,10.88,1,599982.0
2026-07-15,2026-07-16,2026-07-17,BANCO DE CRÉDITO,10.9,2,799925.0
2026-07-15,2026-07-16,2026-07-17,BANCO SOLIDARIO,10.91,1,180000.0
2026-07-15,2026-07-16,2026-07-17,BANCO SOLIDARIO,10.95,2,499975.0
2026-07-15,2026-07-16,2026-07-17,BANCO SOLIDARIO,10.995,2,749785.0
2026-07-17,2026-07-18,2026-07-20,BANCO GANADERO,9.6,1,748.0
2026-07-17,2026-07-18,2026-07-20,BANCO GANADERO,9.63,1,21604.0
2026-07-17,2026-07-18,2026-07-20,BANCO GANADERO,9.7,1,294.0
2026-07-17,2026-07-18,2026-07-20,BANCO GANADERO,9.73,1,178322.0
2026-07-17,2026-07-18,2026-07-20,BANCO FORTALEZA,9.8,1,44.0
2026-07-17,2026-07-18,2026-07-20,BANCO GANADERO,9.96,1,14969.0
2026-07-17,2026-07-18,2026-07-20,BANCO SOLIDARIO,10.21,32,9563.0
2026-07-17,2026-07-18,2026-07-20,BANCO GANADERO,10.24,1,1109.0
2026-07-17,2026-07-18,2026-07-20,BANCO PYME ECOFUTURO,10.35,5,15500.0
2026-07-17,2026-07-18,2026-07-20,BANCO UNION,10.4,1,101.0
2026-07-17,2026-07-18,2026-07-20,BANCO GANADERO,10.5,1,1521.0
2026-07-17,2026-07-18,2026-07-20,BANCO MERCANTIL SANTA CRUZ,10.5,1,0.0
2026-07-17,2026-07-18,2026-07-20,BANCO SOLIDARIO,10.5,1,11292.0
2026-07-17,2026-07-18,2026-07-20,BANCO UNION,10.5,1,10.0
2026-07-17,2026-07-18,2026-07-20,BANCO MERCANTIL SANTA CRUZ,10.53,1,0.0
2026-07-17,2026-07-18,2026-07-20,BANCO MERCANTIL SANTA CRUZ,10.54,2,1.0
2026-07-17,2026-07-18,2026-07-20,BANCO GANADERO,10.55,126,132668.0
2026-07-17,2026-07-18,2026-07-20,BANCO MERCANTIL SANTA CRUZ,10.55,153,957274.0
2026-07-17,2026-07-18,2026-07-20,BANCO NACIONAL DE BOLIVIA,10.55,127,318391.0
2026-07-17,2026-07-18,2026-07-20,BANCO MERCANTIL SANTA CRUZ,10.57,1,0.0
2026-07-17,2026-07-18,2026-07-20,BANCO NACIONAL DE BOLIVIA,10.6,1,498500.0
2026-07-17,2026-07-18,2026-07-20,BANCO NACIONAL DE BOLIVIA,10.63,1,100000.0
2026-07-17,2026-07-18,2026-07-20,BANCO BISA,10.65,82,219962.0
2026-07-17,2026-07-18,2026-07-20,BANCO DE CRÉDITO,10.65,31,15128.0
2026-07-17,2026-07-18,2026-07-20,BANCO DE LA NACIÓN ARGENTINA,10.65,10,9840.0
2026-07-17,2026-07-18,2026-07-20,BANCO ECONÓMICO,10.65,33,19890.0
2026-07-17,2026-07-18,2026-07-20,BANCO FIE,10.65,24,5701.0
2026-07-17,2026-07-18,2026-07-20,BANCO FORTALEZA,10.65,2,605.0
2026-07-17,2026-07-18,2026-07-20,BANCO PRODEM,10.65,9,1485.0
2026-07-17,2026-07-18,2026-07-20,BANCO BISA,10.7,1,17100.0
2026-07-17,2026-07-18,2026-07-20,BANCO DE CRÉDITO,10.7,1,10000.0
2026-07-17,2026-07-18,2026-07-20,BANCO GANADERO,10.7,12,5802.0
2026-07-17,2026-07-18,2026-07-20,BANCO MERCANTIL SANTA CRUZ,10.7,1,100000.0
2026-07-17,2026-07-18,2026-07-20,BANCO GANADERO,10.71,12,843289.0
2026-07-17,2026-07-18,2026-07-20,BANCO NACIONAL DE BOLIVIA,10.74,125,63219.0
2026-07-17,2026-07-18,2026-07-20,BANCO BISA,10.75,15,238425.0
2026-07-17,2026-07-18,2026-07-20,BANCO DE CRÉDITO,10.75,6,268783.0
2026-07-17,2026-07-18,2026-07-20,BANCO DE LA NACIÓN ARGENTINA,10.75,7,123325.0
2026-07-17,2026-07-18,2026-07-20,BANCO FORTALEZA,10.75,3,247.0
2026-07-17,2026-07-18,2026-07-20,BANCO GANADERO,10.75,89,24325.0
2026-07-17,2026-07-18,2026-07-20,BANCO MERCANTIL SANTA CRUZ,10.75,4,2702831.0
2026-07-17,2026-07-18,2026-07-20,BANCO NACIONAL DE BOLIVIA,10.75,4,6123264.0
2026-07-17,2026-07-18,2026-07-20,BANCO PYME DE LA COMUNIDAD,10.75,3,1211.0
2026-07-17,2026-07-18,2026-07-20,BANCO UNION,10.75,216,1039948.0
2026-07-17,2026-07-18,2026-07-20,BANCO FORTALEZA,10.77,1,261750.0
2026-07-17,2026-07-18,2026-07-20,BANCO BISA,10.78,1,46255.0
2026-07-17,2026-07-18,2026-07-20,BANCO FORTALEZA,10.78,1,299975.0
2026-07-17,2026-07-18,2026-07-20,BANCO BISA,10.8,7,588860.0
2026-07-17,2026-07-18,2026-07-20,BANCO DE CRÉDITO,10.8,1,54935.0
2026-07-17,2026-07-18,2026-07-20,BANCO GANADERO,10.8,1,489980.0
2026-07-17,2026-07-18,2026-07-20,BANCO NACIONAL DE BOLIVIA,10.8,1,299985.0
2026-07-17,2026-07-18,2026-07-20,BANCO BISA,10.85,1,100000.0
2026-07-17,2026-07-18,2026-07-20,BANCO DE CRÉDITO,10.85,50,756535.0
2026-07-17,2026-07-18,2026-07-20,BANCO ECONÓMICO,10.85,1,20000.0
2026-07-17,2026-07-18,2026-07-20,BANCO GANADERO,10.85,2,599971.0
2026-07-17,2026-07-18,2026-07-20,BANCO MERCANTIL SANTA CRUZ,10.85,2,451290.0
2026-07-17,2026-07-18,2026-07-20,BANCO FORTALEZA,10.86,1,250000.0
2026-07-17,2026-07-18,2026-07-20,BANCO MERCANTIL SANTA CRUZ,10.87,1,153000.0
2026-07-17,2026-07-18,2026-07-20,BANCO BISA,10.9,3,350000.0
2026-07-17,2026-07-18,2026-07-20,BANCO GANADERO,10.9,1,817487.0
2026-07-17,2026-07-18,2026-07-20,BANCO GANADERO,10.92,1,500000.0
2026-07-17,2026-07-18,2026-07-20,BANCO DE CRÉDITO,10.93,2,599885.0
2026-07-17,2026-07-18,2026-07-20,BANCO GANADERO,10.93,4,1343141.0
2026-07-17,2026-07-18,2026-07-20,BANCO BISA,10.95,5,2897473.0
2026-07-17,2026-07-18,2026-07-20,BANCO GANADERO,10.95,1,479388.0
2026-07-17,2026-07-18,2026-07-20,BANCO NACIONAL DE BOLIVIA,10.95,1,500000.0
2026-07-17,2026-07-18,2026-07-20,BANCO GANADERO,10.951,1,559092.0
2026-07-17,2026-07-18,2026-07-20,BANCO MERCANTIL SANTA CRUZ,10.956,1,100000.0
2026-07-17,2026-07-18,2026-07-20,BANCO BISA,10.96,4,1799925.0
2026-07-17,2026-07-18,2026-07-20,BANCO GANADERO,10.96,1,3999921.0
2026-07-17,2026-07-18,2026-07-20,BANCO BISA,10.961,1,1765350.0
2026-07-17,2026-07-18,2026-07-20,BANCO BISA,10.975,1,415887.0
2026-07-17,2026-07-18,2026-07-20,BANCO SOLIDARIO,10.981,3,285.0
2026-07-17,2026-07-18,2026-07-20,BANCO SOLIDARIO,10.995,1,95.0
2026-07-17,2026-07-18,2026-07-20,BANCO SOLIDARIO,11.015,3,649880.0
2026-07-17,2026-07-18,2026-07-20,BANCO MERCANTIL SANTA CRUZ,11.02,2,2000054.0
2026-07-17,2026-07-18,2026-07-20,BANCO PYME ECOFUTURO,11.15,1,569921.0
2026-07-20,2026-07-21,2026-07-21,BANCO NACIONAL DE BOLIVIA,9.0,1,250.0
2026-07-20,2026-07-21,2026-07-21,BANCO GANADERO,9.6,1,49.0
2026-07-20,2026-07-21,2026-07-21,BANCO GANADERO,9.63,1,23139.0
2026-07-20,2026-07-21,2026-07-21,BANCO GANADERO,9.7,1,361.0
2026-07-20,2026-07-21,2026-07-21,BANCO GANADERO,9.73,1,157478.0
2026-07-20,2026-07-21,2026-07-21,BANCO FORTALEZA,9.8,1,2200.0
2026-07-20,2026-07-21,2026-07-21,BANCO GANADERO,9.96,1,12381.0
2026-07-20,2026-07-21,2026-07-21,BANCO SOLIDARIO,10.31,42,8936.0
2026-07-20,2026-07-21,2026-07-21,BANCO PYME ECOFUTURO,10.45,6,6050.0
2026-07-20,2026-07-21,2026-07-21,BANCO NACIONAL DE BOLIVIA,10.5,1,5480.0
2026-07-20,2026-07-21,2026-07-21,BANCO NACIONAL DE BOLIVIA,10.6,1,3000.0
2026-07-20,2026-07-21,2026-07-21,BANCO MERCANTIL SANTA CRUZ,10.64,1,4.0
2026-07-20,2026-07-21,2026-07-21,BANCO DE CRÉDITO,10.65,1,49.0
2026-07-20,2026-07-21,2026-07-21,BANCO GANADERO,10.65,145,66764.0
2026-07-20,2026-07-21,2026-07-21,BANCO MERCANTIL SANTA CRUZ,10.65,145,165752.0
2026-07-20,2026-07-21,2026-07-21,BANCO NACIONAL DE BOLIVIA,10.65,97,78383.0
2026-07-20,2026-07-21,2026-07-21,BANCO MERCANTIL SANTA CRUZ,10.66,3,7.0
2026-07-20,2026-07-21,2026-07-21,BANCO GANADERO,10.7,7,2814.0
2026-07-20,2026-07-21,2026-07-21,BANCO BISA,10.75,32,126606.0
2026-07-20,2026-07-21,2026-07-21,BANCO DE CRÉDITO,10.75,44,36571.0
2026-07-20,2026-07-21,2026-07-21,BANCO DE LA NACIÓN ARGENTINA,10.75,33,2539.0
2026-07-20,2026-07-21,2026-07-21,BANCO ECONÓMICO,10.75,28,9265.0
2026-07-20,2026-07-21,2026-07-21,BANCO FIE,10.75,24,4003.0
2026-07-20,2026-07-21,2026-07-21,BANCO FORTALEZA,10.75,2,627.0
2026-07-20,2026-07-21,2026-07-21,BANCO GANADERO,10.75,10,29064.0
2026-07-20,2026-07-21,2026-07-21,BANCO PRODEM,10.75,8,3923.0
2026-07-20,2026-07-21,2026-07-21,BANCO UNION,10.75,2,95.0
2026-07-20,2026-07-21,2026-07-21,BANCO BISA,10.78,1,90000.0
2026-07-20,2026-07-21,2026-07-21,BANCO BISA,10.8,1,4640.0
2026-07-20,2026-07-21,2026-07-21,BANCO FORTALEZA,10.8,1,6326.0
2026-07-20,2026-07-21,2026-07-21,BANCO GANADERO,10.81,11,855433.0
2026-07-20,2026-07-21,2026-07-21,BANCO FORTALEZA,10.82,1,37700.0
2026-07-20,2026-07-21,2026-07-21,BANCO SOLIDARIO,10.82,1,44905.0
2026-07-20,2026-07-21,2026-07-21,BANCO NACIONAL DE BOLIVIA,10.84,116,67756.0
2026-07-20,2026-07-21,2026-07-21,BANCO BISA,10.85,6,803636.0
2026-07-20,2026-07-21,2026-07-21,BANCO DE CRÉDITO,10.85,7,460607.0
2026-07-20,2026-07-21,2026-07-21,BANCO DE LA NACIÓN ARGENTINA,10.85,2,200.0
2026-07-20,2026-07-21,2026-07-21,BANCO ECONÓMICO,10.85,1,56000.0
2026-07-20,2026-07-21,2026-07-21,BANCO FORTALEZA,10.85,7,16210.0
2026-07-20,2026-07-21,2026-07-21,BANCO GANADERO,10.85,32,50366.0
2026-07-20,2026-07-21,2026-07-21,BANCO MERCANTIL SANTA CRUZ,10.85,1,100000.0
2026-07-20,2026-07-21,2026-07-21,BANCO NACIONAL DE BOLIVIA,10.85,6,108259.0
2026-07-20,2026-07-21,2026-07-21,BANCO PYME DE LA COMUNIDAD,10.85,5,457.0
2026-07-20,2026-07-21,2026-07-21,BANCO SOLIDARIO,10.85,1,9270.0
2026-07-20,2026-07-21,2026-07-21,BANCO UNION,10.85,272,638421.0
2026-07-20,2026-07-21,2026-07-21,BANCO DE CRÉDITO,10.87,1,475458.0
2026-07-20,2026-07-21,2026-07-21,BANCO MERCANTIL SANTA CRUZ,10.87,1,499932.0
2026-07-20,2026-07-21,2026-07-21,BANCO BISA,10.9,4,945377.0
2026-07-20,2026-07-21,2026-07-21,BANCO DE CRÉDITO,10.9,1,196241.0
2026-07-20,2026-07-21,2026-07-21,BANCO GANADERO,10.9,2,499960.0
2026-07-20,2026-07-21,2026-07-21,BANCO GANADERO,10.92,1,109975.0
2026-07-20,2026-07-21,2026-07-21,BANCO MERCANTIL SANTA CRUZ,10.92,1,137935.0
2026-07-20,2026-07-21,2026-07-21,BANCO BISA,10.93,1,323941.0
2026-07-20,2026-07-21,2026-07-21,BANCO DE CRÉDITO,10.95,49,17078.0
2026-07-20,2026-07-21,2026-07-21,BANCO GANADERO,10.95,3,1484507.0
2026-07-20,2026-07-21,2026-07-21,BANCO MERCANTIL SANTA CRUZ,10.95,2,100000.0
2026-07-20,2026-07-21,2026-07-21,BANCO SOLIDARIO,10.95,1,25730.0
2026-07-20,2026-07-21,2026-07-21,BANCO DE CRÉDITO,10.97,1,538577.0
2026-07-20,2026-07-21,2026-07-21,BANCO BISA,10.975,1,4000000.0
2026-07-20,2026-07-21,2026-07-21,BANCO GANADERO,10.98,1,1000000.0
2026-07-20,2026-07-21,2026-07-21,BANCO SOLIDARIO,10.98,3,101315.0
2026-07-20,2026-07-21,2026-07-21,BANCO SOLIDARIO,11.03,2,305241.0
2026-07-20,2026-07-21,2026-07-21,BANCO UNION,11.05,1,199975.0
2026-07-20,2026-07-21,2026-07-21,BANCO SOLIDARIO,11.1,1,200000.0
2026-07-21,2026-07-22,2026-07-22,BANCO GANADERO,9.6,1,651.0
2026-07-21,2026-07-22,2026-07-22,BANCO GANADERO,9.63,1,22380.0
2026-07-21,2026-07-22,2026-07-22,BANCO GANADERO,9.7,1,691.0
2026-07-21,2026-07-22,2026-07-22,BANCO GANADERO,9.73,1,151036.0
2026-07-21,2026-07-22,2026-07-22,BANCO GANADERO,9.96,1,9968.0
2026-07-21,2026-07-22,2026-07-22,BANCO SOLIDARIO,10.36,33,16633.0
2026-07-21,2026-07-22,2026-07-22,BANCO PYME ECOFUTURO,10.5,5,317.0
2026-07-21,2026-07-22,2026-07-22,BANCO GANADERO,10.65,1,5.0
2026-07-21,2026-07-22,2026-07-22,BANCO NACIONAL DE BOLIVIA,10.65,3,1403.0
2026-07-21,2026-07-22,2026-07-22,BANCO GANADERO,10.7,116,223725.0
2026-07-21,2026-07-22,2026-07-22,BANCO MERCANTIL SANTA CRUZ,10.7,132,132846.0
2026-07-21,2026-07-22,2026-07-22,BANCO NACIONAL DE BOLIVIA,10.7,105,464687.0
2026-07-21,2026-07-22,2026-07-22,BANCO BISA,10.75,11,207972.0
2026-07-21,2026-07-22,2026-07-22,BANCO GANADERO,10.75,3,2757.0
2026-07-21,2026-07-22,2026-07-22,BANCO SOLIDARIO,10.75,1,36000.0
2026-07-21,2026-07-22,2026-07-22,BANCO UNION,10.75,1,14.0
2026-07-21,2026-07-22,2026-07-22,BANCO BISA,10.8,51,107349.0
2026-07-21,2026-07-22,2026-07-22,BANCO DE CRÉDITO,10.8,30,63130.0
2026-07-21,2026-07-22,2026-07-22,BANCO DE LA NACIÓN ARGENTINA,10.8,18,4805.0
2026-07-21,2026-07-22,2026-07-22,BANCO ECONÓMICO,10.8,35,10840.0
2026-07-21,2026-07-22,2026-07-22,BANCO FIE,10.8,14,7580.0
2026-07-21,2026-07-22,2026-07-22,BANCO FORTALEZA,10.8,4,1314.0
2026-07-21,2026-07-22,2026-07-22,BANCO PRODEM,10.8,10,6503.0
2026-07-21,2026-07-22,2026-07-22,BANCO SOLIDARIO,10.8,1,205.0
2026-07-21,2026-07-22,2026-07-22,BANCO GANADERO,10.81,2,301253.0
2026-07-21,2026-07-22,2026-07-22,BANCO GANADERO,10.85,24,11581.0
2026-07-21,2026-07-22,2026-07-22,BANCO SOLIDARIO,10.85,2,54910.0
2026-07-21,2026-07-22,2026-07-22,BANCO GANADERO,10.86,18,461488.0
2026-07-21,2026-07-22,2026-07-22,BANCO NACIONAL DE BOLIVIA,10.89,125,41630.0
2026-07-21,2026-07-22,2026-07-22,BANCO BISA,10.9,10,325015.0
2026-07-21,2026-07-22,2026-07-22,BANCO DE CRÉDITO,10.9,4,50647.0
2026-07-21,2026-07-22,2026-07-22,BANCO DE LA NACIÓN ARGENTINA,10.9,1,1000.0
2026-07-21,2026-07-22,2026-07-22,BANCO FIE,10.9,1,420000.0
2026-07-21,2026-07-22,2026-07-22,BANCO FORTALEZA,10.9,3,106.0
2026-07-21,2026-07-22,2026-07-22,BANCO GANADERO,10.9,124,167152.0
2026-07-21,2026-07-22,2026-07-22,BANCO MERCANTIL SANTA CRUZ,10.9,1,5000.0
2026-07-21,2026-07-22,2026-07-22,BANCO NACIONAL DE BOLIVIA,10.9,1,1.0
2026-07-21,2026-07-22,2026-07-22,BANCO PYME DE LA COMUNIDAD,10.9,11,1676.0
2026-07-21,2026-07-22,2026-07-22,BANCO PYME ECOFUTURO,10.9,1,199870.0
2026-07-21,2026-07-22,2026-07-22,BANCO SOLIDARIO,10.9,1,16511.0
2026-07-21,2026-07-22,2026-07-22,BANCO UNION,10.9,157,619759.0
2026-07-21,2026-07-22,2026-07-22,BANCO BISA,10.94,1,1171075.0
2026-07-21,2026-07-22,2026-07-22,BANCO BISA,10.95,2,86145.0
2026-07-21,2026-07-22,2026-07-22,BANCO DE CRÉDITO,10.95,27,10692.0
2026-07-21,2026-07-22,2026-07-22,BANCO GANADERO,10.95,3,100002.0
2026-07-21,2026-07-22,2026-07-22,BANCO MERCANTIL SANTA CRUZ,10.95,1,380000.0
2026-07-21,2026-07-22,2026-07-22,BANCO NACIONAL DE BOLIVIA,10.95,1,150000.0
2026-07-21,2026-07-22,2026-07-22,BANCO SOLIDARIO,10.95,1,21599.0
2026-07-21,2026-07-22,2026-07-22,BANCO FORTALEZA,10.96,1,100000.0
2026-07-21,2026-07-22,2026-07-22,BANCO BISA,10.97,2,53653.0
2026-07-21,2026-07-22,2026-07-22,BANCO BISA,10.977,1,200000.0
2026-07-21,2026-07-22,2026-07-22,BANCO BISA,10.98,1,19281.0
2026-07-21,2026-07-22,2026-07-22,BANCO DE LA NACIÓN ARGENTINA,10.98,1,50000.0
2026-07-21,2026-07-22,2026-07-22,BANCO BISA,11.0,7,2949895.0
2026-07-21,2026-07-22,2026-07-22,BANCO DE CRÉDITO,11.0,2,171290.0
2026-07-21,2026-07-22,2026-07-22,BANCO MERCANTIL SANTA CRUZ,11.0,2,106100.0
2026-07-21,2026-07-22,2026-07-22,BANCO BISA,11.01,1,299458.0
2026-07-21,2026-07-22,2026-07-22,BANCO SOLIDARIO,11.01,1,3825.0
2026-07-21,2026-07-22,2026-07-22,BANCO BISA,11.02,1,100000.0
2026-07-21,2026-07-22,2026-07-22,BANCO MERCANTIL SANTA CRUZ,11.02,1,40350.0
2026-07-21,2026-07-22,2026-07-22,BANCO GANADERO,11.03,1,100000.0
2026-07-21,2026-07-22,2026-07-22,BANCO BISA,11.05,1,3000000.0
2026-07-21,2026-07-22,2026-07-22,BANCO SOLIDARIO,11.05,3,5475580.0
2026-07-21,2026-07-22,2026-07-22,BANCO DE CRÉDITO,11.08,1,245000.0
2026-07-21,2026-07-22,2026-07-22,BANCO NACIONAL DE BOLIVIA,11.085,1,500000.0
2026-07-21,2026-07-22,2026-07-22,BANCO GANADERO,11.1,1,331016.0
2026-07-21,2026-07-22,2026-07-22,BANCO SOLIDARIO,11.1,1,2052703.0
2026-07-21,2026-07-22,2026-07-22,BANCO SOLIDARIO,11.105,1,210000.0
2026-07-21,2026-07-22,2026-07-22,BANCO GANADERO,11.12,1,499975.0
2026-07-21,2026-07-22,2026-07-22,BANCO GANADERO,11.13,1,1000000.0
2026-07-21,2026-07-22,2026-07-22,BANCO DE CRÉDITO,11.15,1,300000.0
2026-07-21,2026-07-22,2026-07-22,BANCO GANADERO,11.15,2,944610.0
2026-07-21,2026-07-22,2026-07-22,BANCO MERCANTIL SANTA CRUZ,11.35,1,189.0
2026-07-22,2026-07-23,2026-07-23,BANCO GANADERO,9.6,1,910.0
2026-07-22,2026-07-23,2026-07-23,BANCO GANADERO,9.63,1,13194.0
2026-07-22,2026-07-23,2026-07-23,BANCO GANADERO,9.7,1,57.0
2026-07-22,2026-07-23,2026-07-23,BANCO GANADERO,9.73,1,127266.0
2026-07-22,2026-07-23,2026-07-23,BANCO DE CRÉDITO,9.92,1,8002.0
2026-07-22,2026-07-23,2026-07-23,BANCO GANADERO,9.96,1,10117.0
2026-07-22,2026-07-23,2026-07-23,BANCO SOLIDARIO,10.45,27,2025.0
2026-07-22,2026-07-23,2026-07-23,BANCO FORTALEZA,10.5,1,106.0
2026-07-22,2026-07-23,2026-07-23,BANCO PYME ECOFUTURO,10.6,5,1520.0
2026-07-22,2026-07-23,2026-07-23,BANCO GANADERO,10.7,4,532.0
2026-07-22,2026-07-23,2026-07-23,BANCO NACIONAL DE BOLIVIA,10.7,1,1120.0
2026-07-22,2026-07-23,2026-07-23,BANCO BISA,10.75,12,150757.0
2026-07-22,2026-07-23,2026-07-23,BANCO DE CRÉDITO,10.75,1,7000.0
2026-07-22,2026-07-23,2026-07-23,BANCO NACIONAL DE BOLIVIA,10.75,1,1600.0
2026-07-22,2026-07-23,2026-07-23,BANCO BISA,10.8,6,5537.0
2026-07-22,2026-07-23,2026-07-23,BANCO GANADERO,10.8,134,220869.0
2026-07-22,2026-07-23,2026-07-23,BANCO MERCANTIL SANTA CRUZ,10.8,294,234448.0
2026-07-22,2026-07-23,2026-07-23,BANCO NACIONAL DE BOLIVIA,10.8,131,467180.0
2026-07-22,2026-07-23,2026-07-23,BANCO MERCANTIL SANTA CRUZ,10.81,2,1.0
2026-07-22,2026-07-23,2026-07-23,BANCO BISA,10.85,6,6644.0
2026-07-22,2026-07-23,2026-07-23,BANCO GANADERO,10.85,12,4263.0
2026-07-22,2026-07-23,2026-07-23,BANCO MERCANTIL SANTA CRUZ,10.85,1,19068.0
2026-07-22,2026-07-23,2026-07-23,BANCO SOLIDARIO,10.85,1,11645.0
2026-07-22,2026-07-23,2026-07-23,BANCO UNION,10.85,1,4.0
2026-07-22,2026-07-23,2026-07-23,BANCO BISA,10.9,33,193952.0
2026-07-22,2026-07-23,2026-07-23,BANCO DE CRÉDITO,10.9,15,45210.0
2026-07-22,2026-07-23,2026-07-23,BANCO DE LA NACIÓN ARGENTINA,10.9,18,4206.0
2026-07-22,2026-07-23,2026-07-23,BANCO ECONÓMICO,10.9,31,45121.0
2026-07-22,2026-07-23,2026-07-23,BANCO FIE,10.9,21,4591.0
2026-07-22,2026-07-23,2026-07-23,BANCO FORTALEZA,10.9,1,30200.0
2026-07-22,2026-07-23,2026-07-23,BANCO GANADERO,10.9,21,6538.0
2026-07-22,2026-07-23,2026-07-23,BANCO MERCANTIL SANTA CRUZ,10.9,1,2000.0
2026-07-22,2026-07-23,2026-07-23,BANCO PRODEM,10.9,8,12127.0
2026-07-22,2026-07-23,2026-07-23,BANCO BISA,10.92,2,34770.0
2026-07-22,2026-07-23,2026-07-23,BANCO SOLIDARIO,10.93,1,9035.0
2026-07-22,2026-07-23,2026-07-23,BANCO MERCANTIL SANTA CRUZ,10.94,1,32000.0
2026-07-22,2026-07-23,2026-07-23,BANCO BISA,10.95,3,141931.0
2026-07-22,2026-07-23,2026-07-23,BANCO GANADERO,10.95,1,349701.0
2026-07-22,2026-07-23,2026-07-23,BANCO SOLIDARIO,10.95,1,112650.0
2026-07-22,2026-07-23,2026-07-23,BANCO GANADERO,10.96,18,722099.0
2026-07-22,2026-07-23,2026-07-23,BANCO MERCANTIL SANTA CRUZ,10.96,1,215605.0
2026-07-22,2026-07-23,2026-07-23,BANCO SOLIDARIO,10.98,1,28930.0
2026-07-22,2026-07-23,2026-07-23,BANCO BISA,10.99,1,882820.0
2026-07-22,2026-07-23,2026-07-23,BANCO NACIONAL DE BOLIVIA,10.99,121,34356.0
2026-07-22,2026-07-23,2026-07-23,BANCO BISA,11.0,16,284716.0
2026-07-22,2026-07-23,2026-07-23,BANCO DE CRÉDITO,11.0,2,56128.0
2026-07-22,2026-07-23,2026-07-23,BANCO DE LA NACIÓN ARGENTINA,11.0,1,900.0
2026-07-22,2026-07-23,2026-07-23,BANCO FORTALEZA,11.0,7,57501.0
2026-07-22,2026-07-23,2026-07-23,BANCO GANADERO,11.0,61,135841.0
2026-07-22,2026-07-23,2026-07-23,BANCO MERCANTIL SANTA CRUZ,11.0,7,45797.0
2026-07-22,2026-07-23,2026-07-23,BANCO NACIONAL DE BOLIVIA,11.0,2,23.0
2026-07-22,2026-07-23,2026-07-23,BANCO PYME DE LA COMUNIDAD,11.0,6,1178.0
2026-07-22,2026-07-23,2026-07-23,BANCO SOLIDARIO,11.0,2,2505.0
2026-07-22,2026-07-23,2026-07-23,BANCO UNION,11.0,80,179795.0
2026-07-22,2026-07-23,2026-07-23,BANCO BISA,11.0039,1,99965.0
2026-07-22,2026-07-23,2026-07-23,BANCO BISA,11.03,1,100000.0
2026-07-22,2026-07-23,2026-07-23,BANCO MERCANTIL SANTA CRUZ,11.03,1,14910.0
2026-07-22,2026-07-23,2026-07-23,BANCO BISA,11.04,1,408322.0
2026-07-22,2026-07-23,2026-07-23,BANCO BISA,11.05,2,1620827.0
2026-07-22,2026-07-23,2026-07-23,BANCO DE CRÉDITO,11.05,1,10000.0
2026-07-22,2026-07-23,2026-07-23,BANCO FORTALEZA,11.05,1,16965.0
2026-07-22,2026-07-23,2026-07-23,BANCO NACIONAL DE BOLIVIA,11.05,1,60000.0
2026-07-22,2026-07-23,2026-07-23,BANCO SOLIDARIO,11.05,3,629924.0
2026-07-22,2026-07-23,2026-07-23,BANCO NACIONAL DE BOLIVIA,11.07,1,1111998.0
2026-07-22,2026-07-23,2026-07-23,BANCO DE CRÉDITO,11.08,1,99988.0
2026-07-22,2026-07-23,2026-07-23,BANCO BISA,11.1,4,441108.0
2026-07-22,2026-07-23,2026-07-23,BANCO DE CRÉDITO,11.1,32,261970.0
2026-07-22,2026-07-23,2026-07-23,BANCO ECONÓMICO,11.1,1,54900.0
2026-07-22,2026-07-23,2026-07-23,BANCO GANADERO,11.1,2,58000.0
2026-07-22,2026-07-23,2026-07-23,BANCO MERCANTIL SANTA CRUZ,11.1,3,50000.0
2026-07-22,2026-07-23,2026-07-23,BANCO NACIONAL DE BOLIVIA,11.1,2,1100000.0
2026-07-22,2026-07-23,2026-07-23,BANCO BISA,11.12,3,619975.0
2026-07-22,2026-07-23,2026-07-23,BANCO DE CRÉDITO,11.12,2,1233021.0
2026-07-22,2026-07-23,2026-07-23,BANCO MERCANTIL SANTA CRUZ,11.12,1,212355.0
2026-07-22,2026-07-23,2026-07-23,BANCO DE CRÉDITO,11.13,1,2000000.0
2026-07-22,2026-07-23,2026-07-23,BANCO NACIONAL DE BOLIVIA,11.13,3,4000000.0
2026-07-22,2026-07-23,2026-07-23,BANCO BISA,11.135,1,1000000.0
2026-07-22,2026-07-23,2026-07-23,BANCO BISA,11.15,4,4200025.0
2026-07-22,2026-07-23,2026-07-23,BANCO ECONÓMICO,11.15,1,64210.0
2026-07-22,2026-07-23,2026-07-23,BANCO GANADERO,11.155,1,689982.0
2026-07-22,2026-07-23,2026-07-23,BANCO MERCANTIL SANTA CRUZ,11.16,1,2308530.0
2026-07-22,2026-07-23,2026-07-23,BANCO DE CRÉDITO,11.17,1,445000.0
2026-07-22,2026-07-23,2026-07-23,BANCO ECONÓMICO,11.2,4,1965712.0
2026-07-22,2026-07-23,2026-07-23,BANCO GANADERO,11.25,1,2999921.0
2026-07-22,2026-07-23,2026-07-23,BANCO GANADERO,11.28,1,4999935.0
2026-07-22,2026-07-23,2026-07-23,BANCO SOLIDARIO,11.3,1,199880.0
2026-07-22,2026-07-23,2026-07-23,BANCO SOLIDARIO,11.4,2,994760.0
2026-07-23,2026-07-24,2026-07-24,BANCO GANADERO,9.63,1,15580.0
2026-07-23,2026-07-24,2026-07-24,BANCO GANADERO,9.7,1,619.0
2026-07-23,2026-07-24,2026-07-24,BANCO GANADERO,9.73,1,138766.0
2026-07-23,2026-07-24,2026-07-24,BANCO GANADERO,9.96,1,12801.0
2026-07-23,2026-07-24,2026-07-24,BANCO SOLIDARIO,10.57,30,13859.0
2026-07-23,2026-07-24,2026-07-24,BANCO FORTALEZA,10.7,1,1650.0
2026-07-23,2026-07-24,2026-07-24,BANCO GANADERO,10.7,1,729.0
2026-07-23,2026-07-24,2026-07-24,BANCO PYME ECOFUTURO,10.73,3,470.0
2026-07-23,2026-07-24,2026-07-24,BANCO GANADERO,10.75,1,268.0
2026-07-23,2026-07-24,2026-07-24,BANCO BISA,10.8,9,36543.0
2026-07-23,2026-07-24,2026-07-24,BANCO GANADERO,10.8,14,40.0
2026-07-23,2026-07-24,2026-07-24,BANCO BISA,10.85,6,3501.0
2026-07-23,2026-07-24,2026-07-24,BANCO GANADERO,10.85,1,856.0
2026-07-23,2026-07-24,2026-07-24,BANCO MERCANTIL SANTA CRUZ,10.89,1,0.0
2026-07-23,2026-07-24,2026-07-24,BANCO GANADERO,10.9,1,867.0
2026-07-23,2026-07-24,2026-07-24,BANCO MERCANTIL SANTA CRUZ,10.9,1,190400.0
2026-07-23,2026-07-24,2026-07-24,BANCO NACIONAL DE BOLIVIA,10.9,2,12700.0
2026-07-23,2026-07-24,2026-07-24,BANCO UNION,10.9,1,10.0
2026-07-23,2026-07-24,2026-07-24,BANCO FORTALEZA,10.92,1,15000.0
2026-07-23,2026-07-24,2026-07-24,BANCO GANADERO,10.93,130,397862.0
2026-07-23,2026-07-24,2026-07-24,BANCO MERCANTIL SANTA CRUZ,10.93,184,170949.0
2026-07-23,2026-07-24,2026-07-24,BANCO NACIONAL DE BOLIVIA,10.93,105,207471.0
2026-07-23,2026-07-24,2026-07-24,BANCO GANADERO,10.96,3,228110.0
2026-07-23,2026-07-24,2026-07-24,BANCO BISA,11.0,1,24919.0
2026-07-23,2026-07-24,2026-07-24,BANCO GANADERO,11.0,12,65596.0
2026-07-23,2026-07-24,2026-07-24,BANCO MERCANTIL SANTA CRUZ,11.0,1,5392.0
2026-07-23,2026-07-24,2026-07-24,BANCO SOLIDARIO,11.0,2,2466.0
2026-07-23,2026-07-24,2026-07-24,BANCO BISA,11.03,53,440090.0
2026-07-23,2026-07-24,2026-07-24,BANCO DE CRÉDITO,11.03,10,73542.0
2026-07-23,2026-07-24,2026-07-24,BANCO DE LA NACIÓN ARGENTINA,11.03,17,20972.0
2026-07-23,2026-07-24,2026-07-24,BANCO ECONÓMICO,11.03,32,15077.0
2026-07-23,2026-07-24,2026-07-24,BANCO FIE,11.03,15,2814.0
2026-07-23,2026-07-24,2026-07-24,BANCO FORTALEZA,11.03,1,1.0
2026-07-23,2026-07-24,2026-07-24,BANCO PRODEM,11.03,10,103793.0
2026-07-23,2026-07-24,2026-07-24,BANCO SOLIDARIO,11.05,1,15522.0
2026-07-23,2026-07-24,2026-07-24,BANCO BISA,11.1,2,1100000.0
2026-07-23,2026-07-24,2026-07-24,BANCO GANADERO,11.1,2,2.0
2026-07-23,2026-07-24,2026-07-24,BANCO MERCANTIL SANTA CRUZ,11.1,1,38400.0
2026-07-23,2026-07-24,2026-07-24,BANCO NACIONAL DE BOLIVIA,11.1,2,900000.0
2026-07-23,2026-07-24,2026-07-24,BANCO NACIONAL DE BOLIVIA,11.12,106,32950.0
2026-07-23,2026-07-24,2026-07-24,BANCO BISA,11.13,8,227790.0
2026-07-23,2026-07-24,2026-07-24,BANCO DE CRÉDITO,11.13,3,36334.0
2026-07-23,2026-07-24,2026-07-24,BANCO ECONÓMICO,11.13,1,100000.0
2026-07-23,2026-07-24,2026-07-24,BANCO FORTALEZA,11.13,2,16.0
2026-07-23,2026-07-24,2026-07-24,BANCO GANADERO,11.13,120,633862.0
2026-07-23,2026-07-24,2026-07-24,BANCO MERCANTIL SANTA CRUZ,11.13,1,19935.0
2026-07-23,2026-07-24,2026-07-24,BANCO NACIONAL DE BOLIVIA,11.13,5,2534690.0
2026-07-23,2026-07-24,2026-07-24,BANCO PYME DE LA COMUNIDAD,11.13,8,6085.0
2026-07-23,2026-07-24,2026-07-24,BANCO UNION,11.13,64,55272.0
2026-07-23,2026-07-24,2026-07-24,BANCO DE CRÉDITO,11.15,2,82860.0
2026-07-23,2026-07-24,2026-07-24,BANCO FORTALEZA,11.15,1,100000.0
2026-07-23,2026-07-24,2026-07-24,BANCO GANADERO,11.15,1,700000.0
2026-07-23,2026-07-24,2026-07-24,BANCO GANADERO,11.17,2,117700.0
2026-07-23,2026-07-24,2026-07-24,BANCO DE CRÉDITO,11.18,1,109620.0
2026-07-23,2026-07-24,2026-07-24,BANCO MERCANTIL SANTA CRUZ,11.18,1,6073.0
2026-07-23,2026-07-24,2026-07-24,BANCO BISA,11.2,2,2162392.0
2026-07-23,2026-07-24,2026-07-24,BANCO DE CRÉDITO,11.2,4,88452.0
2026-07-23,2026-07-24,2026-07-24,BANCO ECONÓMICO,11.2,1,128260.0
2026-07-23,2026-07-24,2026-07-24,BANCO FORTALEZA,11.2,1,30000.0
2026-07-23,2026-07-24,2026-07-24,BANCO SOLIDARIO,11.2,2,120000.0
2026-07-23,2026-07-24,2026-07-24,BANCO BISA,11.21,1,100000.0
2026-07-23,2026-07-24,2026-07-24,BANCO BISA,11.22,1,32649.0
2026-07-23,2026-07-24,2026-07-24,BANCO MERCANTIL SANTA CRUZ,11.22,1,350000.0
2026-07-23,2026-07-24,2026-07-24,BANCO BISA,11.23,6,3159075.0
2026-07-23,2026-07-24,2026-07-24,BANCO DE CRÉDITO,11.23,44,33861.0
2026-07-23,2026-07-24,2026-07-24,BANCO MERCANTIL SANTA CRUZ,11.23,2,479932.0
2026-07-23,2026-07-24,2026-07-24,BANCO DE CRÉDITO,11.25,1,131475.0
2026-07-23,2026-07-24,2026-07-24,BANCO MERCANTIL SANTA CRUZ,11.25,1,34954.0
2026-07-23,2026-07-24,2026-07-24,BANCO BISA,11.2621,1,179965.0
2026-07-23,2026-07-24,2026-07-24,BANCO BISA,11.27,2,500000.0
2026-07-23,2026-07-24,2026-07-24,BANCO SOLIDARIO,11.27,1,800000.0
2026-07-23,2026-07-24,2026-07-24,BANCO GANADERO,11.28,76,3999921.0
2026-07-23,2026-07-24,2026-07-24,BANCO BISA,11.283,1,1657361.0
2026-07-23,2026-07-24,2026-07-24,BANCO BISA,11.3,1,500000.0
2026-07-23,2026-07-24,2026-07-24,BANCO ECONÓMICO,11.32,1,199990.0
2026-07-23,2026-07-24,2026-07-24,BANCO MERCANTIL SANTA CRUZ,11.34,2,2447495.0
2026-07-23,2026-07-24,2026-07-24,BANCO BISA,11.35,1,400000.0
2026-07-23,2026-07-24,2026-07-24,BANCO SOLIDARIO,11.35,1,749905.0
2026-07-23,2026-07-24,2026-07-24,BANCO GANADERO,11.37,1,553246.0
2026-07-23,2026-07-24,2026-07-24,BANCO SOLIDARIO,11.4,5,304931.0
2026-07-23,2026-07-24,2026-07-24,BANCO FORTALEZA,11.45,1,399975.0
2026-07-24,2026-07-25,2026-07-27,BANCO GANADERO,9.63,1,21365.0
2026-07-24,2026-07-25,2026-07-27,BANCO GANADERO,9.73,1,83994.0
2026-07-24,2026-07-25,2026-07-27,BANCO GANADERO,9.96,1,7687.0
2026-07-24,2026-07-25,2026-07-27,BANCO SOLIDARIO,10.65,30,7685.0
2026-07-24,2026-07-25,2026-07-27,BANCO GANADERO,10.7,1,56.0
2026-07-24,2026-07-25,2026-07-27,BANCO GANADERO,10.75,2,316.0
2026-07-24,2026-07-25,2026-07-27,BANCO PYME ECOFUTURO,10.81,7,2980.0
2026-07-24,2026-07-25,2026-07-27,BANCO GANADERO,10.85,1,1116.0
2026-07-24,2026-07-25,2026-07-27,BANCO GANADERO,10.9,1,227.0
2026-07-24,2026-07-25,2026-07-27,BANCO GANADERO,10.93,9,798.0
2026-07-24,2026-07-25,2026-07-27,BANCO NACIONAL DE BOLIVIA,10.95,1,2600.0
2026-07-24,2026-07-25,2026-07-27,BANCO GANADERO,11.0,1,2201.0
2026-07-24,2026-07-25,2026-07-27,BANCO MERCANTIL SANTA CRUZ,11.0,2,1.0
2026-07-24,2026-07-25,2026-07-27,BANCO GANADERO,11.01,124,171362.0
2026-07-24,2026-07-25,2026-07-27,BANCO MERCANTIL SANTA CRUZ,11.01,210,620247.0
2026-07-24,2026-07-25,2026-07-27,BANCO NACIONAL DE BOLIVIA,11.01,112,521881.0
2026-07-24,2026-07-25,2026-07-27,BANCO MERCANTIL SANTA CRUZ,11.02,3,2.0
2026-07-24,2026-07-25,2026-07-27,BANCO BISA,11.03,1,3038.0
2026-07-24,2026-07-25,2026-07-27,BANCO MERCANTIL SANTA CRUZ,11.03,1,1000.0
2026-07-24,2026-07-25,2026-07-27,BANCO SOLIDARIO,11.05,4,5285.0
2026-07-24,2026-07-25,2026-07-27,BANCO BISA,11.1,8,8050.0
2026-07-24,2026-07-25,2026-07-27,BANCO SOLIDARIO,11.1,2,10530.0
2026-07-24,2026-07-25,2026-07-27,BANCO BISA,11.11,64,108031.0
2026-07-24,2026-07-25,2026-07-27,BANCO DE CRÉDITO,11.11,19,20212.0
2026-07-24,2026-07-25,2026-07-27,BANCO DE LA NACIÓN ARGENTINA,11.11,35,7462.0
2026-07-24,2026-07-25,2026-07-27,BANCO ECONÓMICO,11.11,30,30747.0
2026-07-24,2026-07-25,2026-07-27,BANCO FIE,11.11,16,3355.0
2026-07-24,2026-07-25,2026-07-27,BANCO FORTALEZA,11.11,4,250.0
2026-07-24,2026-07-25,2026-07-27,BANCO NACIONAL DE BOLIVIA,11.11,1,2116.0
2026-07-24,2026-07-25,2026-07-27,BANCO PRODEM,11.11,15,2634.0
2026-07-24,2026-07-25,2026-07-27,BANCO GANADERO,11.12,1,100000.0
2026-07-24,2026-07-25,2026-07-27,BANCO GANADERO,11.13,36,266617.0
2026-07-24,2026-07-25,2026-07-27,BANCO GANADERO,11.17,1,60000.0
2026-07-24,2026-07-25,2026-07-27,BANCO DE CRÉDITO,11.18,1,5000.0
2026-07-24,2026-07-25,2026-07-27,BANCO NACIONAL DE BOLIVIA,11.18,1,1139775.0
2026-07-24,2026-07-25,2026-07-27,BANCO BISA,11.2,2,540000.0
2026-07-24,2026-07-25,2026-07-27,BANCO NACIONAL DE BOLIVIA,11.2,138,20821.0
2026-07-24,2026-07-25,2026-07-27,BANCO BISA,11.21,8,553112.0
2026-07-24,2026-07-25,2026-07-27,BANCO DE CRÉDITO,11.21,1,26235.0
2026-07-24,2026-07-25,2026-07-27,BANCO GANADERO,11.21,85,353912.0
2026-07-24,2026-07-25,2026-07-27,BANCO MERCANTIL SANTA CRUZ,11.21,3,112722.0
2026-07-24,2026-07-25,2026-07-27,BANCO NACIONAL DE BOLIVIA,11.21,7,4846758.0
2026-07-24,2026-07-25,2026-07-27,BANCO PYME DE LA COMUNIDAD,11.21,4,142044.0
2026-07-24,2026-07-25,2026-07-27,BANCO UNION,11.21,67,35890.0
2026-07-24,2026-07-25,2026-07-27,BANCO GANADERO,11.23,2,1.0
2026-07-24,2026-07-25,2026-07-27,BANCO MERCANTIL SANTA CRUZ,11.23,1,19955.0
2026-07-24,2026-07-25,2026-07-27,BANCO BISA,11.25,1,64975.0
2026-07-24,2026-07-25,2026-07-27,BANCO DE CRÉDITO,11.25,1,62834.0
2026-07-24,2026-07-25,2026-07-27,BANCO NACIONAL DE BOLIVIA,11.25,2,178925.0
2026-07-24,2026-07-25,2026-07-27,BANCO SOLIDARIO,11.25,1,1896.0
2026-07-24,2026-07-25,2026-07-27,BANCO FORTALEZA,11.255,1,200000.0
2026-07-24,2026-07-25,2026-07-27,BANCO BISA,11.26,1,34149.0
2026-07-24,2026-07-25,2026-07-27,BANCO MERCANTIL SANTA CRUZ,11.26,1,70000.0
2026-07-24,2026-07-25,2026-07-27,BANCO NACIONAL DE BOLIVIA,11.26,1,100000.0
2026-07-24,2026-07-25,2026-07-27,BANCO BISA,11.3,3,354277.0
2026-07-24,2026-07-25,2026-07-27,BANCO GANADERO,11.3,3,925307.0
2026-07-24,2026-07-25,2026-07-27,BANCO DE CRÉDITO,11.31,28,26755.0
2026-07-24,2026-07-25,2026-07-27,BANCO GANADERO,11.31,1,10.0
2026-07-24,2026-07-25,2026-07-27,BANCO NACIONAL DE BOLIVIA,11.31,1,50000.0
2026-07-24,2026-07-25,2026-07-27,BANCO BISA,11.32,2,264000.0
2026-07-24,2026-07-25,2026-07-27,BANCO BISA,11.34,1,775455.0
2026-07-24,2026-07-25,2026-07-27,BANCO BISA,11.35,1,159975.0
2026-07-24,2026-07-25,2026-07-27,BANCO DE CRÉDITO,11.35,1,71677.0
2026-07-24,2026-07-25,2026-07-27,BANCO FORTALEZA,11.35,1,786257.0
2026-07-24,2026-07-25,2026-07-27,BANCO SOLIDARIO,11.35,2,29510.0
2026-07-24,2026-07-25,2026-07-27,BANCO BISA,11.36,1,500000.0
2026-07-24,2026-07-25,2026-07-27,BANCO BISA,11.37,1,172404.0
2026-07-24,2026-07-25,2026-07-27,BANCO GANADERO,11.39,1,358339.0
2026-07-24,2026-07-25,2026-07-27,BANCO BISA,11.4,2,892498.0
2026-07-24,2026-07-25,2026-07-27,BANCO ECONÓMICO,11.4,1,891510.0
2026-07-24,2026-07-25,2026-07-27,BANCO SOLIDARIO,11.4,1,205420.0
2026-07-24,2026-07-25,2026-07-27,BANCO BISA,11.41,1,300000.0
2026-07-24,2026-07-25,2026-07-27,BANCO GANADERO,11.41,1,2768443.0
2026-07-24,2026-07-25,2026-07-27,BANCO BISA,11.411,1,5000000.0
2026-07-24,2026-07-25,2026-07-27,BANCO BISA,11.42,2,2186302.0
2026-07-24,2026-07-25,2026-07-27,BANCO GANADERO,11.42,2,2809895.0
2026-07-24,2026-07-25,2026-07-27,BANCO BISA,11.43,1,300000.0
2026-07-24,2026-07-25,2026-07-27,BANCO GANADERO,11.43,1,399982.0
2026-07-24,2026-07-25,2026-07-27,BANCO BISA,11.45,1,500000.0
2026-07-24,2026-07-25,2026-07-27,BANCO DE CRÉDITO,11.45,3,634502.0
2026-07-24,2026-07-25,2026-07-27,BANCO DE CRÉDITO,11.5,1,1218652.0
2026-07-24,2026-07-25,2026-07-27,BANCO SOLIDARIO,11.5,1,200000.0
2026-07-24,2026-07-25,2026-07-27,BANCO GANADERO,11.55,2,594542.0
2026-07-24,2026-07-25,2026-07-27,BANCO DE CRÉDITO,11.6,1,750000.0
2026-07-24,2026-07-25,2026-07-27,BANCO GANADERO,11.605,1,199975.0
2026-07-24,2026-07-25,2026-07-27,BANCO ECONÓMICO,11.61,1,1000000.0
2026-07-24,2026-07-25,2026-07-27,BANCO GANADERO,11.611,1,489000.0
2026-07-24,2026-07-25,2026-07-27,BANCO DE CRÉDITO,11.64,1,2000000.0
2026-07-27,2026-07-28,2026-07-28,BANCO GANADERO,9.6,1,21.0
2026-07-27,2026-07-28,2026-07-28,BANCO GANADERO,9.63,1,28105.0
2026-07-27,2026-07-28,2026-07-28,BANCO GANADERO,9.7,1,84.0
2026-07-27,2026-07-28,2026-07-28,BANCO GANADERO,9.73,1,142327.0
2026-07-27,2026-07-28,2026-07-28,BANCO GANADERO,9.96,1,15197.0
2026-07-27,2026-07-28,2026-07-28,BANCO NACIONAL DE BOLIVIA,10.0,1,151.0
2026-07-27,2026-07-28,2026-07-28,BANCO NACIONAL DE BOLIVIA,10.6,1,10425.0
2026-07-27,2026-07-28,2026-07-28,BANCO GANADERO,10.7,1,42.0
2026-07-27,2026-07-28,2026-07-28,BANCO SOLIDARIO,10.8,20,12233.0
2026-07-27,2026-07-28,2026-07-28,BANCO PYME ECOFUTURO,10.97,4,350.0
2026-07-27,2026-07-28,2026-07-28,BANCO DE CRÉDITO,10.99,1,1295.0
2026-07-27,2026-07-28,2026-07-28,BANCO GANADERO,11.0,1,109.0
2026-07-27,2026-07-28,2026-07-28,BANCO NACIONAL DE BOLIVIA,11.12,1,3700.0
2026-07-27,2026-07-28,2026-07-28,BANCO GANADERO,11.13,1,229.0
2026-07-27,2026-07-28,2026-07-28,BANCO UNION,11.13,1,6.0
2026-07-27,2026-07-28,2026-07-28,BANCO MERCANTIL SANTA CRUZ,11.15,2,1.0
2026-07-27,2026-07-28,2026-07-28,BANCO NACIONAL DE BOLIVIA,11.15,1,149975.0
2026-07-27,2026-07-28,2026-07-28,BANCO MERCANTIL SANTA CRUZ,11.16,2,1.0
2026-07-27,2026-07-28,2026-07-28,BANCO GANADERO,11.17,139,44019.0
2026-07-27,2026-07-28,2026-07-28,BANCO MERCANTIL SANTA CRUZ,11.17,217,170088.0
2026-07-27,2026-07-28,2026-07-28,BANCO NACIONAL DE BOLIVIA,11.17,116,59450.0
2026-07-27,2026-07-28,2026-07-28,BANCO MERCANTIL SANTA CRUZ,11.18,2,1.0
2026-07-27,2026-07-28,2026-07-28,BANCO GANADERO,11.21,3,2123.0
2026-07-27,2026-07-28,2026-07-28,BANCO FORTALEZA,11.23,1,17798.0
2026-07-27,2026-07-28,2026-07-28,BANCO BISA,11.27,22,211313.0
2026-07-27,2026-07-28,2026-07-28,BANCO DE CRÉDITO,11.27,9,28097.0
2026-07-27,2026-07-28,2026-07-28,BANCO DE LA NACIÓN ARGENTINA,11.27,33,4894.0
2026-07-27,2026-07-28,2026-07-28,BANCO ECONÓMICO,11.27,35,35282.0
2026-07-27,2026-07-28,2026-07-28,BANCO FIE,11.27,18,9465.0
2026-07-27,2026-07-28,2026-07-28,BANCO FORTALEZA,11.27,2,3008.0
2026-07-27,2026-07-28,2026-07-28,BANCO PRODEM,11.27,23,22014.0
2026-07-27,2026-07-28,2026-07-28,BANCO BISA,11.3,1,1266.0
2026-07-27,2026-07-28,2026-07-28,BANCO ECONÓMICO,11.3,1,53231.0
2026-07-27,2026-07-28,2026-07-28,BANCO FORTALEZA,11.3,2,586120.0
2026-07-27,2026-07-28,2026-07-28,BANCO SOLIDARIO,11.3,2,137009.0
2026-07-27,2026-07-28,2026-07-28,BANCO MERCANTIL SANTA CRUZ,11.32,1,268721.0
2026-07-27,2026-07-28,2026-07-28,BANCO BISA,11.35,5,2649.0
2026-07-27,2026-07-28,2026-07-28,BANCO SOLIDARIO,11.35,3,94731.0
2026-07-27,2026-07-28,2026-07-28,BANCO NACIONAL DE BOLIVIA,11.36,133,24307.0
2026-07-27,2026-07-28,2026-07-28,BANCO GANADERO,11.3699,1,35.0
2026-07-27,2026-07-28,2026-07-28,BANCO BISA,11.37,3,26971.0
2026-07-27,2026-07-28,2026-07-28,BANCO DE CRÉDITO,11.37,4,41485.0
2026-07-27,2026-07-28,2026-07-28,BANCO DE LA NACIÓN ARGENTINA,11.37,3,7725.0
2026-07-27,2026-07-28,2026-07-28,BANCO FORTALEZA,11.37,9,30137.0
2026-07-27,2026-07-28,2026-07-28,BANCO GANADERO,11.37,58,1161694.0
2026-07-27,2026-07-28,2026-07-28,BANCO MERCANTIL SANTA CRUZ,11.37,10,758111.0
2026-07-27,2026-07-28,2026-07-28,BANCO PYME DE LA COMUNIDAD,11.37,5,5293.0
2026-07-27,2026-07-28,2026-07-28,BANCO SOLIDARIO,11.37,2,135404.0
2026-07-27,2026-07-28,2026-07-28,BANCO UNION,11.37,58,53375.0
2026-07-27,2026-07-28,2026-07-28,BANCO BISA,11.4,3,142672.0
2026-07-27,2026-07-28,2026-07-28,BANCO DE CRÉDITO,11.4,1,93356.0
2026-07-27,2026-07-28,2026-07-28,BANCO ECONÓMICO,11.4,1,2000000.0
2026-07-27,2026-07-28,2026-07-28,BANCO SOLIDARIO,11.4,2,46460.0
2026-07-27,2026-07-28,2026-07-28,BANCO BISA,11.42,5,170333.0
2026-07-27,2026-07-28,2026-07-28,BANCO GANADERO,11.42,1,1299921.0
2026-07-27,2026-07-28,2026-07-28,BANCO DE CRÉDITO,11.43,1,5125.0
2026-07-27,2026-07-28,2026-07-28,BANCO BISA,11.45,1,10150.0
2026-07-27,2026-07-28,2026-07-28,BANCO DE CRÉDITO,11.45,1,59945.0
2026-07-27,2026-07-28,2026-07-28,BANCO NACIONAL DE BOLIVIA,11.45,1,75000.0
2026-07-27,2026-07-28,2026-07-28,BANCO DE CRÉDITO,11.47,44,25519.0
2026-07-27,2026-07-28,2026-07-28,BANCO GANADERO,11.47,1,1.0
2026-07-27,2026-07-28,2026-07-28,BANCO MERCANTIL SANTA CRUZ,11.47,1,34000.0
2026-07-27,2026-07-28,2026-07-28,BANCO SOLIDARIO,11.47,2,78165.0
2026-07-27,2026-07-28,2026-07-28,BANCO BISA,11.5,6,954422.0
2026-07-27,2026-07-28,2026-07-28,BANCO DE CRÉDITO,11.5,1,700000.0
2026-07-27,2026-07-28,2026-07-28,BANCO GANADERO,11.5,1,250000.0
2026-07-27,2026-07-28,2026-07-28,BANCO NACIONAL DE BOLIVIA,11.5,1,184378.0
2026-07-27,2026-07-28,2026-07-28,BANCO SOLIDARIO,11.5,3,227507.0
2026-07-27,2026-07-28,2026-07-28,BANCO ECONÓMICO,11.52,1,499980.0
2026-07-27,2026-07-28,2026-07-28,BANCO BISA,11.55,1,200000.0
2026-07-27,2026-07-28,2026-07-28,BANCO FIE,11.57,1,36975.0
2026-07-27,2026-07-28,2026-07-28,BANCO BISA,11.58,1,284076.0
2026-07-27,2026-07-28,2026-07-28,BANCO BISA,11.6,3,899331.0
2026-07-27,2026-07-28,2026-07-28,BANCO DE CRÉDITO,11.6,2,31066.0
2026-07-27,2026-07-28,2026-07-28,BANCO ECONÓMICO,11.6,1,500000.0
2026-07-27,2026-07-28,2026-07-28,BANCO MERCANTIL SANTA CRUZ,11.61,1,181540.0
2026-07-27,2026-07-28,2026-07-28,BANCO DE CRÉDITO,11.64,2,4342.0
2026-07-27,2026-07-28,2026-07-28,BANCO BISA,11.65,2,733543.0
2026-07-27,2026-07-28,2026-07-28,BANCO DE CRÉDITO,11.7,2,1106720.0
2026-07-27,2026-07-28,2026-07-28,BANCO GANADERO,11.7,2,1219975.0
2026-07-27,2026-07-28,2026-07-28,BANCO MERCANTIL SANTA CRUZ,11.7,3,1745930.0
2026-07-27,2026-07-28,2026-07-28,BANCO SOLIDARIO,11.7,1,299880.0
2026-07-27,2026-07-28,2026-07-28,BANCO SOLIDARIO,11.75,2,100000.0
2026-07-27,2026-07-28,2026-07-28,BANCO SOLIDARIO,11.76,1,150000.0
2026-07-27,2026-07-28,2026-07-28,BANCO FORTALEZA,11.8,1,130025.0
2026-07-27,2026-07-28,2026-07-28,BANCO FORTALEZA,11.85,1,299975.0
2026-07-27,2026-07-28,2026-07-28,BANCO DE CRÉDITO,11.9,1,2000000.0
2026-07-28,2026-07-29,2026-07-29,BANCO GANADERO,9.63,1,16429.0
2026-07-28,2026-07-29,2026-07-29,BANCO GANADERO,9.7,1,103.0
2026-07-28,2026-07-29,2026-07-29,BANCO GANADERO,9.73,1,124999.0
2026-07-28,2026-07-29,2026-07-29,BANCO GANADERO,9.96,1,9251.0
2026-07-28,2026-07-29,2026-07-29,BANCO GANADERO,10.85,1,92.0
2026-07-28,2026-07-29,2026-07-29,BANCO GANADERO,10.9,1,999.0
2026-07-28,2026-07-29,2026-07-29,BANCO SOLIDARIO,10.96,25,2991.0
2026-07-28,2026-07-29,2026-07-29,BANCO GANADERO,11.0,1,182.0
2026-07-28,2026-07-29,2026-07-29,BANCO SOLIDARIO,11.0,2,2615.0
2026-07-28,2026-07-29,2026-07-29,BANCO GANADERO,11.13,1,175.0
2026-07-28,2026-07-29,2026-07-29,BANCO PYME ECOFUTURO,11.14,6,739.0
2026-07-28,2026-07-29,2026-07-29,BANCO SOLIDARIO,11.15,2,249200.0
2026-07-28,2026-07-29,2026-07-29,BANCO GANADERO,11.17,1,20.0
2026-07-28,2026-07-29,2026-07-29,BANCO NACIONAL DE BOLIVIA,11.17,2,66.0
2026-07-28,2026-07-29,2026-07-29,BANCO GANADERO,11.21,1,183.0
2026-07-28,2026-07-29,2026-07-29,BANCO PYME ECOFUTURO,11.21,1,41728.0
2026-07-28,2026-07-29,2026-07-29,BANCO NACIONAL DE BOLIVIA,11.25,1,1800.0
2026-07-28,2026-07-29,2026-07-29,BANCO MERCANTIL SANTA CRUZ,11.33,2,1.0
2026-07-28,2026-07-29,2026-07-29,BANCO GANADERO,11.34,151,175925.0
2026-07-28,2026-07-29,2026-07-29,BANCO MERCANTIL SANTA CRUZ,11.34,184,182601.0
2026-07-28,2026-07-29,2026-07-29,BANCO NACIONAL DE BOLIVIA,11.34,118,275529.0
2026-07-28,2026-07-29,2026-07-29,BANCO BISA,11.35,9,40346.0
2026-07-28,2026-07-29,2026-07-29,BANCO MERCANTIL SANTA CRUZ,11.35,1,0.0
2026-07-28,2026-07-29,2026-07-29,BANCO MERCANTIL SANTA CRUZ,11.36,1,0.0
2026-07-28,2026-07-29,2026-07-29,BANCO GANADERO,11.37,29,9148.0
2026-07-28,2026-07-29,2026-07-29,BANCO UNION,11.37,1,200.0
2026-07-28,2026-07-29,2026-07-29,BANCO MERCANTIL SANTA CRUZ,11.38,1,0.0
2026-07-28,2026-07-29,2026-07-29,BANCO NACIONAL DE BOLIVIA,11.42,1,13736.0
2026-07-28,2026-07-29,2026-07-29,BANCO PYME ECOFUTURO,11.43,1,200000.0
2026-07-28,2026-07-29,2026-07-29,BANCO BISA,11.44,42,117729.0
2026-07-28,2026-07-29,2026-07-29,BANCO DE CRÉDITO,11.44,22,306175.0
2026-07-28,2026-07-29,2026-07-29,BANCO DE LA NACIÓN ARGENTINA,11.44,25,6737.0
2026-07-28,2026-07-29,2026-07-29,BANCO ECONÓMICO,11.44,33,131937.0
2026-07-28,2026-07-29,2026-07-29,BANCO FIE,11.44,21,3247.0
2026-07-28,2026-07-29,2026-07-29,BANCO FORTALEZA,11.44,2,46.0
2026-07-28,2026-07-29,2026-07-29,BANCO NACIONAL DE BOLIVIA,11.44,1,5000.0
2026-07-28,2026-07-29,2026-07-29,BANCO PRODEM,11.44,16,5435.0
2026-07-28,2026-07-29,2026-07-29,BANCO SOLIDARIO,11.45,1,5000.0
2026-07-28,2026-07-29,2026-07-29,BANCO GANADERO,11.47,4,5.0
2026-07-28,2026-07-29,2026-07-29,BANCO BISA,11.49,1,1300.0
2026-07-28,2026-07-29,2026-07-29,BANCO DE CRÉDITO,11.5,1,14867.0
2026-07-28,2026-07-29,2026-07-29,BANCO ECONÓMICO,11.5,1,32000.0
2026-07-28,2026-07-29,2026-07-29,BANCO SOLIDARIO,11.5,1,27960.0
2026-07-28,2026-07-29,2026-07-29,BANCO NACIONAL DE BOLIVIA,11.53,131,57600.0
2026-07-28,2026-07-29,2026-07-29,BANCO BISA,11.54,7,40407.0
2026-07-28,2026-07-29,2026-07-29,BANCO DE LA NACIÓN ARGENTINA,11.54,1,18070.0
2026-07-28,2026-07-29,2026-07-29,BANCO FORTALEZA,11.54,4,178.0
2026-07-28,2026-07-29,2026-07-29,BANCO GANADERO,11.54,75,977144.0
2026-07-28,2026-07-29,2026-07-29,BANCO MERCANTIL SANTA CRUZ,11.54,3,5213.0
2026-07-28,2026-07-29,2026-07-29,BANCO NACIONAL DE BOLIVIA,11.54,5,530835.0
2026-07-28,2026-07-29,2026-07-29,BANCO PYME DE LA COMUNIDAD,11.54,3,426.0
2026-07-28,2026-07-29,2026-07-29,BANCO UNION,11.54,47,41814.0
2026-07-28,2026-07-29,2026-07-29,BANCO BISA,11.55,1,22040.0
2026-07-28,2026-07-29,2026-07-29,BANCO NACIONAL DE BOLIVIA,11.55,1,100000.0
2026-07-28,2026-07-29,2026-07-29,BANCO NACIONAL DE BOLIVIA,11.576,1,18982.0
2026-07-28,2026-07-29,2026-07-29,BANCO MERCANTIL SANTA CRUZ,11.59,1,150000.0
2026-07-28,2026-07-29,2026-07-29,BANCO BISA,11.6,2,103275.0
2026-07-28,2026-07-29,2026-07-29,BANCO DE CRÉDITO,11.6,6,238321.0
2026-07-28,2026-07-29,2026-07-29,BANCO ECONÓMICO,11.6,1,500000.0
2026-07-28,2026-07-29,2026-07-29,BANCO NACIONAL DE BOLIVIA,11.6,2,1500000.0
2026-07-28,2026-07-29,2026-07-29,BANCO SOLIDARIO,11.6,3,563448.0
2026-07-28,2026-07-29,2026-07-29,BANCO MERCANTIL SANTA CRUZ,11.62,1,35835.0
2026-07-28,2026-07-29,2026-07-29,BANCO BISA,11.64,1,81621.0
2026-07-28,2026-07-29,2026-07-29,BANCO DE CRÉDITO,11.64,36,13949.0
2026-07-28,2026-07-29,2026-07-29,BANCO MERCANTIL SANTA CRUZ,11.64,3,50000.0
2026-07-28,2026-07-29,2026-07-29,BANCO NACIONAL DE BOLIVIA,11.64,1,11280.0
2026-07-28,2026-07-29,2026-07-29,BANCO BISA,11.65,3,301444.0
2026-07-28,2026-07-29,2026-07-29,BANCO SOLIDARIO,11.65,1,60901.0
2026-07-28,2026-07-29,2026-07-29,BANCO GANADERO,11.66,1,112942.0
2026-07-28,2026-07-29,2026-07-29,BANCO MERCANTIL SANTA CRUZ,11.66,2,16575.0
2026-07-28,2026-07-29,2026-07-29,BANCO BISA,11.67,1,915200.0
2026-07-28,2026-07-29,2026-07-29,BANCO BISA,11.69,1,169975.0
2026-07-28,2026-07-29,2026-07-29,BANCO BISA,11.7,2,342550.0
2026-07-28,2026-07-29,2026-07-29,BANCO DE CRÉDITO,11.7,1,15000.0
2026-07-28,2026-07-29,2026-07-29,BANCO GANADERO,11.7,2,4000000.0
2026-07-28,2026-07-29,2026-07-29,BANCO MERCANTIL SANTA CRUZ,11.7,1,724564.0
2026-07-28,2026-07-29,2026-07-29,BANCO FIE,11.74,1,21840.0
2026-07-28,2026-07-29,2026-07-29,BANCO BISA,11.75,7,1238602.0
2026-07-28,2026-07-29,2026-07-29,BANCO SOLIDARIO,11.76,1,150000.0
2026-07-28,2026-07-29,2026-07-29,BANCO BISA,11.78,1,70000.0
2026-07-28,2026-07-29,2026-07-29,BANCO GANADERO,11.78,1,900000.0
2026-07-28,2026-07-29,2026-07-29,BANCO BISA,11.8,1,4000000.0
2026-07-28,2026-07-29,2026-07-29,BANCO GANADERO,11.8,2,3325236.0
2026-07-28,2026-07-29,2026-07-29,BANCO MERCANTIL SANTA CRUZ,11.8,1,0.0
2026-07-28,2026-07-29,2026-07-29,BANCO BISA,11.81,1,300000.0
2026-07-28,2026-07-29,2026-07-29,BANCO MERCANTIL SANTA CRUZ,11.85,1,199895.0
2026-07-28,2026-07-29,2026-07-29,BANCO BISA,11.87,1,999975.0
2026-07-28,2026-07-29,2026-07-29,BANCO SOLIDARIO,11.87,3,799880.0
2026-07-28,2026-07-29,2026-07-29,BANCO BISA,11.9,1,200000.0
2026-07-28,2026-07-29,2026-07-29,BANCO SOLIDARIO,11.9,3,699905.0
2026-07-28,2026-07-29,2026-07-29,BANCO GANADERO,11.93,2,669982.0
2026-07-28,2026-07-29,2026-07-29,BANCO ECONÓMICO,11.95,1,199990.0
2026-07-28,2026-07-29,2026-07-29,BANCO GANADERO,11.95,1,22528.0
2026-07-28,2026-07-29,2026-07-29,BANCO ECONÓMICO,11.98,1,1000000.0
2026-07-28,2026-07-29,2026-07-29,BANCO GANADERO,11.98,1,1000000.0
2026-07-28,2026-07-29,2026-07-29,BANCO DE CRÉDITO,11.99,2,730000.0
2026-07-28,2026-07-29,2026-07-29,BANCO MERCANTIL SANTA CRUZ,12.0,3,1299812.0
2026-07-28,2026-07-29,2026-07-29,BANCO SOLIDARIO,12.0,1,99820.0
2026-07-28,2026-07-29,2026-07-29,BANCO MERCANTIL SANTA CRUZ,12.01,1,999925.0
2026-07-28,2026-07-29,2026-07-29,BANCO MERCANTIL SANTA CRUZ,12.0331,1,1200000.0
2026-07-28,2026-07-29,2026-07-29,BANCO FIE,12.0635,2,3000000.0
2026-07-28,2026-07-29,2026-07-29,BANCO FORTALEZA,12.07,1,2000000.0
2026-07-29,2026-07-30,2026-07-30,BANCO FORTALEZA,9.0,1,75.0
2026-07-29,2026-07-30,2026-07-30,BANCO GANADERO,9.63,1,14993.0
2026-07-29,2026-07-30,2026-07-30,BANCO GANADERO,9.73,1,134116.0
2026-07-29,2026-07-30,2026-07-30,BANCO GANADERO,9.96,1,13743.0
2026-07-29,2026-07-30,2026-07-30,BANCO FORTALEZA,10.3,1,1961.0
2026-07-29,2026-07-30,2026-07-30,BANCO FORTALEZA,11.0,1,5000.0
2026-07-29,2026-07-30,2026-07-30,BANCO SOLIDARIO,11.2,1,14905.0
2026-07-29,2026-07-30,2026-07-30,BANCO SOLIDARIO,11.21,40,11693.0
2026-07-29,2026-07-30,2026-07-30,BANCO GANADERO,11.34,2,10.0
2026-07-29,2026-07-30,2026-07-30,BANCO BISA,11.35,10,88950.0
2026-07-29,2026-07-30,2026-07-30,BANCO GANADERO,11.37,1,9054.0
2026-07-29,2026-07-30,2026-07-30,BANCO DE CRÉDITO,11.39,1,5947.0
2026-07-29,2026-07-30,2026-07-30,BANCO PYME ECOFUTURO,11.4,5,102330.0
2026-07-29,2026-07-30,2026-07-30,BANCO GANADERO,11.54,2,4285.0
2026-07-29,2026-07-30,2026-07-30,BANCO NACIONAL DE BOLIVIA,11.55,1,1700.0
2026-07-29,2026-07-30,2026-07-30,BANCO SOLIDARIO,11.55,1,30000.0
2026-07-29,2026-07-30,2026-07-30,BANCO MERCANTIL SANTA CRUZ,11.59,1,0.0
2026-07-29,2026-07-30,2026-07-30,BANCO GANADERO,11.6,269,156355.0
2026-07-29,2026-07-30,2026-07-30,BANCO MERCANTIL SANTA CRUZ,11.6,224,367680.0
2026-07-29,2026-07-30,2026-07-30,BANCO NACIONAL DE BOLIVIA,11.6,115,516029.0
2026-07-29,2026-07-30,2026-07-30,BANCO MERCANTIL SANTA CRUZ,11.61,1,1.0
2026-07-29,2026-07-30,2026-07-30,BANCO GANADERO,11.64,2,3.0
2026-07-29,2026-07-30,2026-07-30,BANCO BISA,11.7,39,100392.0
2026-07-29,2026-07-30,2026-07-30,BANCO DE CRÉDITO,11.7,29,109156.0
2026-07-29,2026-07-30,2026-07-30,BANCO DE LA NACIÓN ARGENTINA,11.7,13,1291.0
2026-07-29,2026-07-30,2026-07-30,BANCO ECONÓMICO,11.7,46,182946.0
2026-07-29,2026-07-30,2026-07-30,BANCO FIE,11.7,27,3769.0
2026-07-29,2026-07-30,2026-07-30,BANCO FORTALEZA,11.7,1,700.0
2026-07-29,2026-07-30,2026-07-30,BANCO MERCANTIL SANTA CRUZ,11.7,1,279915.0
2026-07-29,2026-07-30,2026-07-30,BANCO NACIONAL DE BOLIVIA,11.7,5,2455872.0
2026-07-29,2026-07-30,2026-07-30,BANCO PRODEM,11.7,16,25950.0
2026-07-29,2026-07-30,2026-07-30,BANCO SOLIDARIO,11.7,1,22905.0
2026-07-29,2026-07-30,2026-07-30,BANCO NACIONAL DE BOLIVIA,11.715,1,149975.0
2026-07-29,2026-07-30,2026-07-30,BANCO FORTALEZA,11.75,1,152559.0
2026-07-29,2026-07-30,2026-07-30,BANCO MERCANTIL SANTA CRUZ,11.75,1,29955.0
2026-07-29,2026-07-30,2026-07-30,BANCO NACIONAL DE BOLIVIA,11.79,148,75351.0
2026-07-29,2026-07-30,2026-07-30,BANCO BISA,11.8,6,97701.0
2026-07-29,2026-07-30,2026-07-30,BANCO DE CRÉDITO,11.8,6,3477420.0
2026-07-29,2026-07-30,2026-07-30,BANCO DE LA NACIÓN ARGENTINA,11.8,5,26722.0
2026-07-29,2026-07-30,2026-07-30,BANCO FORTALEZA,11.8,5,805.0
2026-07-29,2026-07-30,2026-07-30,BANCO GANADERO,11.8,80,1004224.0
2026-07-29,2026-07-30,2026-07-30,BANCO MERCANTIL SANTA CRUZ,11.8,1,300000.0
2026-07-29,2026-07-30,2026-07-30,BANCO NACIONAL DE BOLIVIA,11.8,10,9570310.0
2026-07-29,2026-07-30,2026-07-30,BANCO PYME DE LA COMUNIDAD,11.8,6,6397.0
2026-07-29,2026-07-30,2026-07-30,BANCO UNION,11.8,76,113341.0
2026-07-29,2026-07-30,2026-07-30,BANCO GANADERO,11.8018,1,1.0
2026-07-29,2026-07-30,2026-07-30,BANCO BISA,11.81,1,7081.0
2026-07-29,2026-07-30,2026-07-30,BANCO DE CRÉDITO,11.82,1,1177456.0
2026-07-29,2026-07-30,2026-07-30,BANCO MERCANTIL SANTA CRUZ,11.83,1,25940.0
2026-07-29,2026-07-30,2026-07-30,BANCO DE CRÉDITO,11.84,1,767729.0
2026-07-29,2026-07-30,2026-07-30,BANCO DE CRÉDITO,11.849,1,1294.0
2026-07-29,2026-07-30,2026-07-30,BANCO BISA,11.85,1,50000.0
2026-07-29,2026-07-30,2026-07-30,BANCO DE CRÉDITO,11.85,3,55987.0
2026-07-29,2026-07-30,2026-07-30,BANCO FORTALEZA,11.85,1,40852.0
2026-07-29,2026-07-30,2026-07-30,BANCO MERCANTIL SANTA CRUZ,11.85,1,230884.0
2026-07-29,2026-07-30,2026-07-30,BANCO SOLIDARIO,11.85,1,24905.0
2026-07-29,2026-07-30,2026-07-30,BANCO SOLIDARIO,11.87,1,95.0
2026-07-29,2026-07-30,2026-07-30,BANCO BISA,11.88,1,1000000.0
2026-07-29,2026-07-30,2026-07-30,BANCO BISA,11.9,2,754370.0
2026-07-29,2026-07-30,2026-07-30,BANCO DE CRÉDITO,11.9,43,19491.0
2026-07-29,2026-07-30,2026-07-30,BANCO FORTALEZA,11.9,1,67850.0
2026-07-29,2026-07-30,2026-07-30,BANCO GANADERO,11.9,1,600.0
2026-07-29,2026-07-30,2026-07-30,BANCO SOLIDARIO,11.9,1,79905.0
2026-07-29,2026-07-30,2026-07-30,BANCO GANADERO,11.91,1,274577.0
2026-07-29,2026-07-30,2026-07-30,BANCO MERCANTIL SANTA CRUZ,11.92,1,53940.0
2026-07-29,2026-07-30,2026-07-30,BANCO BISA,11.95,1,106517.0
2026-07-29,2026-07-30,2026-07-30,BANCO DE LA NACIÓN ARGENTINA,11.95,1,98000.0
2026-07-29,2026-07-30,2026-07-30,BANCO GANADERO,11.95,1,599880.0
2026-07-29,2026-07-30,2026-07-30,BANCO SOLIDARIO,11.95,2,151388.0
2026-07-29,2026-07-30,2026-07-30,BANCO GANADERO,11.951,1,89960.0
2026-07-29,2026-07-30,2026-07-30,BANCO SOLIDARIO,11.952,1,55995.0
2026-07-29,2026-07-30,2026-07-30,BANCO GANADERO,11.96,1,459459.0
2026-07-29,2026-07-30,2026-07-30,BANCO SOLIDARIO,11.98,1,499980.0
2026-07-29,2026-07-30,2026-07-30,BANCO BISA,12.0,3,455405.0
2026-07-29,2026-07-30,2026-07-30,BANCO DE CRÉDITO,12.0,3,1574319.0
2026-07-29,2026-07-30,2026-07-30,BANCO ECONÓMICO,12.0,4,868774.0
2026-07-29,2026-07-30,2026-07-30,BANCO FORTALEZA,12.0,1,60000.0
2026-07-29,2026-07-30,2026-07-30,BANCO BISA,12.01,1,499975.0
2026-07-29,2026-07-30,2026-07-30,BANCO ECONÓMICO,12.01,1,256982.0
2026-07-29,2026-07-30,2026-07-30,BANCO BISA,12.02,1,200000.0
2026-07-29,2026-07-30,2026-07-30,BANCO GANADERO,12.02,1,300000.0
2026-07-29,2026-07-30,2026-07-30,BANCO MERCANTIL SANTA CRUZ,12.02,1,1999899.0
2026-07-29,2026-07-30,2026-07-30,BANCO BISA,12.03,1,2488285.0
2026-07-29,2026-07-30,2026-07-30,BANCO MERCANTIL SANTA CRUZ,12.033,1,499940.0
2026-07-29,2026-07-30,2026-07-30,BANCO BISA,12.05,2,430000.0
2026-07-29,2026-07-30,2026-07-30,BANCO DE CRÉDITO,12.05,1,25500.0
2026-07-29,2026-07-30,2026-07-30,BANCO GANADERO,12.05,1,500000.0
2026-07-29,2026-07-30,2026-07-30,BANCO GANADERO,12.06,1,239997.0
2026-07-29,2026-07-30,2026-07-30,BANCO BISA,12.1,2,2700000.0
2026-07-29,2026-07-30,2026-07-30,BANCO DE CRÉDITO,12.15,1,999915.0
2026-07-29,2026-07-30,2026-07-30,BANCO SOLIDARIO,12.15,1,99905.0
2026-07-29,2026-07-30,2026-07-30,BANCO SOLIDARIO,12.2,1,99905.0
2026-07-29,2026-07-30,2026-07-30,BANCO DE CRÉDITO,12.25,1,999915.0
2026-07-30,2026-07-31,2026-07-31,BANCO GANADERO,9.63,1,14420.0
2026-07-30,2026-07-31,2026-07-31,BANCO GANADERO,9.73,1,119433.0
2026-07-30,2026-07-31,2026-07-31,BANCO GANADERO,9.96,1,15291.0
2026-07-30,2026-07-31,2026-07-31,BANCO SOLIDARIO,11.3,32,6280.0
2026-07-30,2026-07-31,2026-07-31,BANCO PYME ECOFUTURO,11.49,3,660.0
2026-07-30,2026-07-31,2026-07-31,BANCO SOLIDARIO,11.5,6,46894.0
2026-07-30,2026-07-31,2026-07-31,BANCO GANADERO,11.54,1,3425.0
2026-07-30,2026-07-31,2026-07-31,BANCO UNION,11.54,1,10.0
2026-07-30,2026-07-31,2026-07-31,BANCO SOLIDARIO,11.6,1,5405.0
2026-07-30,2026-07-31,2026-07-31,BANCO NACIONAL DE BOLIVIA,11.64,1,1000.0
2026-07-30,2026-07-31,2026-07-31,BANCO ECONÓMICO,11.69,46,40978.0
2026-07-30,2026-07-31,2026-07-31,BANCO GANADERO,11.69,165,78901.0
2026-07-30,2026-07-31,2026-07-31,BANCO MERCANTIL SANTA CRUZ,11.69,262,399578.0
2026-07-30,2026-07-31,2026-07-31,BANCO NACIONAL DE BOLIVIA,11.69,140,384504.0
2026-07-30,2026-07-31,2026-07-31,BANCO FORTALEZA,11.7,1,33930.0
2026-07-30,2026-07-31,2026-07-31,BANCO MERCANTIL SANTA CRUZ,11.7,1,0.0
2026-07-30,2026-07-31,2026-07-31,BANCO BISA,11.75,6,12865.0
2026-07-30,2026-07-31,2026-07-31,BANCO BISA,11.79,41,85655.0
2026-07-30,2026-07-31,2026-07-31,BANCO DE CRÉDITO,11.79,20,62600.0
2026-07-30,2026-07-31,2026-07-31,BANCO DE LA NACIÓN ARGENTINA,11.79,25,15850.0
2026-07-30,2026-07-31,2026-07-31,BANCO FIE,11.79,22,2470.0
2026-07-30,2026-07-31,2026-07-31,BANCO FORTALEZA,11.79,5,1054.0
2026-07-30,2026-07-31,2026-07-31,BANCO NACIONAL DE BOLIVIA,11.79,1,18650.0
2026-07-30,2026-07-31,2026-07-31,BANCO PRODEM,11.79,15,11361.0
2026-07-30,2026-07-31,2026-07-31,BANCO DE CRÉDITO,11.8,1,49925.0
2026-07-30,2026-07-31,2026-07-31,BANCO GANADERO,11.8,19,4197.0
2026-07-30,2026-07-31,2026-07-31,BANCO SOLIDARIO,11.83,2,7732.0
2026-07-30,2026-07-31,2026-07-31,BANCO NACIONAL DE BOLIVIA,11.88,168,52975.0
2026-07-30,2026-07-31,2026-07-31,BANCO GANADERO,11.8899,1,20.0
2026-07-30,2026-07-31,2026-07-31,BANCO BISA,11.89,7,477784.0
2026-07-30,2026-07-31,2026-07-31,BANCO DE CRÉDITO,11.89,3,52414.0
2026-07-30,2026-07-31,2026-07-31,BANCO DE LA NACIÓN ARGENTINA,11.89,6,2011.0
2026-07-30,2026-07-31,2026-07-31,BANCO ECONÓMICO,11.89,2,114940.0
2026-07-30,2026-07-31,2026-07-31,BANCO FORTALEZA,11.89,3,8719.0
2026-07-30,2026-07-31,2026-07-31,BANCO GANADERO,11.89,196,1131070.0
2026-07-30,2026-07-31,2026-07-31,BANCO NACIONAL DE BOLIVIA,11.89,14,1459.0
2026-07-30,2026-07-31,2026-07-31,BANCO PYME DE LA COMUNIDAD,11.89,11,5585.0
2026-07-30,2026-07-31,2026-07-31,BANCO UNION,11.89,85,373220.0
2026-07-30,2026-07-31,2026-07-31,BANCO GANADERO,11.8901,1,30.0
2026-07-30,2026-07-31,2026-07-31,BANCO BISA,11.9,3,86267.0
2026-07-30,2026-07-31,2026-07-31,BANCO DE CRÉDITO,11.9,38,24970.0
2026-07-30,2026-07-31,2026-07-31,BANCO BISA,11.93,1,16799.0
2026-07-30,2026-07-31,2026-07-31,BANCO BISA,11.95,1,150628.0
2026-07-30,2026-07-31,2026-07-31,BANCO DE CRÉDITO,11.95,1,100000.0
2026-07-30,2026-07-31,2026-07-31,BANCO FORTALEZA,11.95,1,30415.0
2026-07-30,2026-07-31,2026-07-31,BANCO MERCANTIL SANTA CRUZ,11.95,1,199948.0
2026-07-30,2026-07-31,2026-07-31,BANCO GANADERO,11.951,1,89960.0
2026-07-30,2026-07-31,2026-07-31,BANCO SOLIDARIO,11.98,1,44405.0
2026-07-30,2026-07-31,2026-07-31,BANCO BISA,11.99,3,367901.0
2026-07-30,2026-07-31,2026-07-31,BANCO DE CRÉDITO,11.99,7,175559.0
2026-07-30,2026-07-31,2026-07-31,BANCO GANADERO,11.99,1,1.0
2026-07-30,2026-07-31,2026-07-31,BANCO MERCANTIL SANTA CRUZ,11.99,2,100000.0
2026-07-30,2026-07-31,2026-07-31,BANCO BISA,12.0,1,199965.0
2026-07-30,2026-07-31,2026-07-31,BANCO DE CRÉDITO,12.0,1,8732.0
2026-07-30,2026-07-31,2026-07-31,BANCO FORTALEZA,12.0,1,4200.0
2026-07-30,2026-07-31,2026-07-31,BANCO MERCANTIL SANTA CRUZ,12.0,1,381007.0
2026-07-30,2026-07-31,2026-07-31,BANCO UNION,12.0,1,40000.0
2026-07-30,2026-07-31,2026-07-31,BANCO MERCANTIL SANTA CRUZ,12.01,1,30733.0
2026-07-30,2026-07-31,2026-07-31,BANCO FIE,12.04,1,522910.0
2026-07-30,2026-07-31,2026-07-31,BANCO BISA,12.05,3,392351.0
2026-07-30,2026-07-31,2026-07-31,BANCO DE CRÉDITO,12.05,5,163592.0
2026-07-30,2026-07-31,2026-07-31,BANCO MERCANTIL SANTA CRUZ,12.05,2,468935.0
2026-07-30,2026-07-31,2026-07-31,BANCO NACIONAL DE BOLIVIA,12.05,1,1024813.0
2026-07-30,2026-07-31,2026-07-31,BANCO BISA,12.07,1,200000.0
2026-07-30,2026-07-31,2026-07-31,BANCO DE CRÉDITO,12.1,2,528510.0
2026-07-30,2026-07-31,2026-07-31,BANCO MERCANTIL SANTA CRUZ,12.1,1,99945.0
2026-07-30,2026-07-31,2026-07-31,BANCO SOLIDARIO,12.1,2,175600.0
2026-07-30,2026-07-31,2026-07-31,BANCO GANADERO,12.11,1,100000.0
2026-07-30,2026-07-31,2026-07-31,BANCO BISA,12.12,2,350000.0
2026-07-30,2026-07-31,2026-07-31,BANCO FORTALEZA,12.13,1,166000.0
2026-07-30,2026-07-31,2026-07-31,BANCO MERCANTIL SANTA CRUZ,12.145,1,334895.0
2026-07-30,2026-07-31,2026-07-31,BANCO BISA,12.15,2,1200000.0
2026-07-30,2026-07-31,2026-07-31,BANCO SOLIDARIO,12.15,2,20000.0
2026-07-30,2026-07-31,2026-07-31,BANCO MERCANTIL SANTA CRUZ,12.165,1,100000.0
2026-07-30,2026-07-31,2026-07-31,BANCO BISA,12.18,1,500000.0
2026-07-30,2026-07-31,2026-07-31,BANCO MERCANTIL SANTA CRUZ,12.18,1,160000.0
2026-07-30,2026-07-31,2026-07-31,BANCO BISA,12.2,2,9199945.0
2026-07-30,2026-07-31,2026-07-31,BANCO DE CRÉDITO,12.2,4,2529800.0
2026-07-30,2026-07-31,2026-07-31,BANCO GANADERO,12.2,3,1100740.0
2026-07-30,2026-07-31,2026-07-31,BANCO SOLIDARIO,12.2,3,249960.0
2026-07-30,2026-07-31,2026-07-31,BANCO GANADERO,12.22,2,3651023.0
2026-07-30,2026-07-31,2026-07-31,BANCO GANADERO,12.23,1,4500000.0
2026-07-30,2026-07-31,2026-07-31,BANCO DE CRÉDITO,12.25,1,148345.0
2026-07-30,2026-07-31,2026-07-31,BANCO GANADERO,12.25,1,399880.0
2026-07-30,2026-07-31,2026-07-31,BANCO UNION,12.25,1,500000.0
2026-07-30,2026-07-31,2026-07-31,BANCO DE CRÉDITO,12.265,1,1000000.0
2026-07-30,2026-07-31,2026-07-31,BANCO DE CRÉDITO,12.35,1,999915.0
2026-07-30,2026-07-31,2026-07-31,BANCO DE CRÉDITO,12.4,3,1243904.0
2026-07-30,2026-07-31,2026-07-31,BANCO FORTALEZA,12.4,1,1000000.0
2026-07-31,2026-08-01,2026-08-03,BANCO GANADERO,9.63,1,22042.0
2026-07-31,2026-08-01,2026-08-03,BANCO GANADERO,9.73,2,132214.0
2026-07-31,2026-08-01,2026-08-03,BANCO GANADERO,9.96,1,18059.0
2026-07-31,2026-08-01,2026-08-03,BANCO SOLIDARIO,11.5,1,70.0
2026-07-31,2026-08-01,2026-08-03,BANCO SOLIDARIO,11.54,34,17612.0
2026-07-31,2026-08-01,2026-08-03,BANCO SOLIDARIO,11.667,1,749905.0
2026-07-31,2026-08-01,2026-08-03,BANCO SOLIDARIO,11.7,1,51943.0
2026-07-31,2026-08-01,2026-08-03,BANCO BISA,11.75,9,52357.0
2026-07-31,2026-08-01,2026-08-03,BANCO PYME ECOFUTURO,11.75,4,289.0
2026-07-31,2026-08-01,2026-08-03,BANCO FORTALEZA,11.89,1,6342.0
2026-07-31,2026-08-01,2026-08-03,BANCO GANADERO,11.89,1,12185.0
2026-07-31,2026-08-01,2026-08-03,BANCO FORTALEZA,11.9,1,33805.0
2026-07-31,2026-08-01,2026-08-03,BANCO NACIONAL DE BOLIVIA,11.9,1,5983.0
2026-07-31,2026-08-01,2026-08-03,BANCO ECONÓMICO,11.95,143,845472.0
2026-07-31,2026-08-01,2026-08-03,BANCO GANADERO,11.95,295,997752.0
2026-07-31,2026-08-01,2026-08-03,BANCO MERCANTIL SANTA CRUZ,11.95,297,597485.0
2026-07-31,2026-08-01,2026-08-03,BANCO NACIONAL DE BOLIVIA,11.95,218,862197.0
2026-07-31,2026-08-01,2026-08-03,BANCO MERCANTIL SANTA CRUZ,11.97,1,0.0
2026-07-31,2026-08-01,2026-08-03,BANCO BISA,12.0,8,25617.0
2026-07-31,2026-08-01,2026-08-03,BANCO DE CRÉDITO,12.0,3,159979.0
2026-07-31,2026-08-01,2026-08-03,BANCO ECONÓMICO,12.0,1,241599.0
2026-07-31,2026-08-01,2026-08-03,BANCO FORTALEZA,12.0,2,306827.0
2026-07-31,2026-08-01,2026-08-03,BANCO GANADERO,12.0,2,2046400.0
2026-07-31,2026-08-01,2026-08-03,BANCO NACIONAL DE BOLIVIA,12.0,1,1000.0
2026-07-31,2026-08-01,2026-08-03,BANCO SOLIDARIO,12.0,1,4905.0
2026-07-31,2026-08-01,2026-08-03,BANCO BISA,12.05,25,1025784.0
2026-07-31,2026-08-01,2026-08-03,BANCO DE CRÉDITO,12.05,39,155654.0
2026-07-31,2026-08-01,2026-08-03,BANCO DE LA NACIÓN ARGENTINA,12.05,27,11139.0
2026-07-31,2026-08-01,2026-08-03,BANCO FIE,12.05,31,91990.0
2026-07-31,2026-08-01,2026-08-03,BANCO FORTALEZA,12.05,1,200.0
2026-07-31,2026-08-01,2026-08-03,BANCO NACIONAL DE BOLIVIA,12.05,4,7100.0
2026-07-31,2026-08-01,2026-08-03,BANCO PRODEM,12.05,25,76628.0
2026-07-31,2026-08-01,2026-08-03,BANCO SOLIDARIO,12.08,1,14862.0
2026-07-31,2026-08-01,2026-08-03,BANCO NACIONAL DE BOLIVIA,12.09,1,11800.0
2026-07-31,2026-08-01,2026-08-03,BANCO ECONÓMICO,12.1,1,12000.0
2026-07-31,2026-08-01,2026-08-03,BANCO GANADERO,12.1,2,403340.0
2026-07-31,2026-08-01,2026-08-03,BANCO MERCANTIL SANTA CRUZ,12.1,1,499940.0
2026-07-31,2026-08-01,2026-08-03,BANCO NACIONAL DE BOLIVIA,12.1,3,511649.0
2026-07-31,2026-08-01,2026-08-03,BANCO PYME ECOFUTURO,12.1,1,220000.0
2026-07-31,2026-08-01,2026-08-03,BANCO SOLIDARIO,12.1,2,43680.0
2026-07-31,2026-08-01,2026-08-03,BANCO SOLIDARIO,12.11,2,317394.0
2026-07-31,2026-08-01,2026-08-03,BANCO ECONÓMICO,12.12,1,1500000.0
2026-07-31,2026-08-01,2026-08-03,BANCO GANADERO,12.12,1,349975.0
2026-07-31,2026-08-01,2026-08-03,BANCO NACIONAL DE BOLIVIA,12.12,1,500000.0
2026-07-31,2026-08-01,2026-08-03,BANCO NACIONAL DE BOLIVIA,12.14,168,112827.0
2026-07-31,2026-08-01,2026-08-03,BANCO BISA,12.15,10,944954.0
2026-07-31,2026-08-01,2026-08-03,BANCO DE CRÉDITO,12.15,60,170632.0
2026-07-31,2026-08-01,2026-08-03,BANCO DE LA NACIÓN ARGENTINA,12.15,10,53900.0
2026-07-31,2026-08-01,2026-08-03,BANCO FORTALEZA,12.15,6,4308.0
2026-07-31,2026-08-01,2026-08-03,BANCO GANADERO,12.15,54,1531450.0
2026-07-31,2026-08-01,2026-08-03,BANCO MERCANTIL SANTA CRUZ,12.15,8,3808282.0
2026-07-31,2026-08-01,2026-08-03,BANCO NACIONAL DE BOLIVIA,12.15,5,540501.0
2026-07-31,2026-08-01,2026-08-03,BANCO PYME DE LA COMUNIDAD,12.15,14,26442.0
2026-07-31,2026-08-01,2026-08-03,BANCO SOLIDARIO,12.15,3,301930.0
2026-07-31,2026-08-01,2026-08-03,BANCO UNION,12.15,233,1570157.0
2026-07-31,2026-08-01,2026-08-03,BANCO NACIONAL DE BOLIVIA,12.16,2,272056.0
2026-07-31,2026-08-01,2026-08-03,BANCO SOLIDARIO,12.166,1,691505.0
2026-07-31,2026-08-01,2026-08-03,BANCO MERCANTIL SANTA CRUZ,12.17,4,719458.0
2026-07-31,2026-08-01,2026-08-03,BANCO MERCANTIL SANTA CRUZ,12.18,1,33567.0
2026-07-31,2026-08-01,2026-08-03,BANCO BISA,12.2,3,2116623.0
2026-07-31,2026-08-01,2026-08-03,BANCO DE LA NACIÓN ARGENTINA,12.2,1,46000.0
2026-07-31,2026-08-01,2026-08-03,BANCO FORTALEZA,12.2,2,25500.0
2026-07-31,2026-08-01,2026-08-03,BANCO GANADERO,12.2,4,2907304.0
2026-07-31,2026-08-01,2026-08-03,BANCO NACIONAL DE BOLIVIA,12.2,4,1470570.0
2026-07-31,2026-08-01,2026-08-03,BANCO SOLIDARIO,12.2,3,105059.0
2026-07-31,2026-08-01,2026-08-03,BANCO DE CRÉDITO,12.21,1,1600000.0
2026-07-31,2026-08-01,2026-08-03,BANCO FIE,12.21,1,399975.0
2026-07-31,2026-08-01,2026-08-03,BANCO SOLIDARIO,12.21,1,463687.0
2026-07-31,2026-08-01,2026-08-03,BANCO NACIONAL DE BOLIVIA,12.215,1,799980.0
2026-07-31,2026-08-01,2026-08-03,BANCO GANADERO,12.22,3,1306742.0
2026-07-31,2026-08-01,2026-08-03,BANCO SOLIDARIO,12.22,2,411240.0
2026-07-31,2026-08-01,2026-08-03,BANCO BISA,12.25,2,1026404.0
2026-07-31,2026-08-01,2026-08-03,BANCO DE CRÉDITO,12.25,1,2900.0
2026-07-31,2026-08-01,2026-08-03,BANCO FIE,12.25,1,60000.0
2026-07-31,2026-08-01,2026-08-03,BANCO GANADERO,12.25,4,199989.0
2026-07-31,2026-08-01,2026-08-03,BANCO MERCANTIL SANTA CRUZ,12.25,2,40000.0
2026-07-31,2026-08-01,2026-08-03,BANCO BISA,12.26,2,1053278.0
2026-07-31,2026-08-01,2026-08-03,BANCO BISA,12.275,1,1000000.0
2026-07-31,2026-08-01,2026-08-03,BANCO FORTALEZA,12.3,1,200000.0
2026-07-31,2026-08-01,2026-08-03,BANCO NACIONAL DE BOLIVIA,12.3,1,1700000.0
2026-07-31,2026-08-01,2026-08-03,BANCO UNION,12.3,1,500000.0
2026-08-03,2026-08-04,2026-08-04,BANCO GANADERO,9.63,9,21817.0
2026-08-03,2026-08-04,2026-08-04,BANCO GANADERO,9.73,15,226533.0
2026-08-03,2026-08-04,2026-08-04,BANCO GANADERO,9.96,1,26250.0
2026-08-03,2026-08-04,2026-08-04,BANCO DE CRÉDITO,11.3,1,1000.0
2026-08-03,2026-08-04,2026-08-04,BANCO GANADERO,11.37,1,132.0
2026-08-03,2026-08-04,2026-08-04,BANCO SOLIDARIO,11.52,26,4239.0
2026-08-03,2026-08-04,2026-08-04,BANCO GANADERO,11.54,1,130.0
2026-08-03,2026-08-04,2026-08-04,BANCO ECONÓMICO,11.6,57,92144.0
2026-08-03,2026-08-04,2026-08-04,BANCO NACIONAL DE BOLIVIA,11.68,1,2900.0
2026-08-03,2026-08-04,2026-08-04,BANCO NACIONAL DE BOLIVIA,11.73,302,861114.0
2026-08-03,2026-08-04,2026-08-04,BANCO PYME ECOFUTURO,11.73,11,26160.0
2026-08-03,2026-08-04,2026-08-04,BANCO GANADERO,11.8,1,239.0
2026-08-03,2026-08-04,2026-08-04,BANCO GANADERO,11.89,1,84.0
2026-08-03,2026-08-04,2026-08-04,BANCO UNION,11.89,2,16.0
2026-08-03,2026-08-04,2026-08-04,BANCO BISA,11.9,6,889506.0
2026-08-03,2026-08-04,2026-08-04,BANCO BISA,11.9008,1,499965.0
2026-08-03,2026-08-04,2026-08-04,BANCO BISA,11.93,13,45195.0
2026-08-03,2026-08-04,2026-08-04,BANCO DE CRÉDITO,11.93,19,164702.0
2026-08-03,2026-08-04,2026-08-04,BANCO MERCANTIL SANTA CRUZ,11.93,360,897444.0
2026-08-03,2026-08-04,2026-08-04,BANCO MERCANTIL SANTA CRUZ,11.94,1,0.0
2026-08-03,2026-08-04,2026-08-04,BANCO BISA,11.95,3,58737.0
2026-08-03,2026-08-04,2026-08-04,BANCO NACIONAL DE BOLIVIA,11.95,1,13000.0
2026-08-03,2026-08-04,2026-08-04,BANCO BISA,12.0,8,803591.0
2026-08-03,2026-08-04,2026-08-04,BANCO DE CRÉDITO,12.0,6,200630.0
2026-08-03,2026-08-04,2026-08-04,BANCO ECONÓMICO,12.0,3,1160000.0
2026-08-03,2026-08-04,2026-08-04,BANCO FORTALEZA,12.0,1,21228.0
2026-08-03,2026-08-04,2026-08-04,BANCO MERCANTIL SANTA CRUZ,12.0,2,579880.0
2026-08-03,2026-08-04,2026-08-04,BANCO NACIONAL DE BOLIVIA,12.0,1,80000.0
2026-08-03,2026-08-04,2026-08-04,BANCO SOLIDARIO,12.0,1,231000.0
2026-08-03,2026-08-04,2026-08-04,BANCO BISA,12.03,32,419377.0
2026-08-03,2026-08-04,2026-08-04,BANCO DE CRÉDITO,12.03,113,29757.0
2026-08-03,2026-08-04,2026-08-04,BANCO DE LA NACIÓN ARGENTINA,12.03,28,10325.0
2026-08-03,2026-08-04,2026-08-04,BANCO FIE,12.03,40,55907.0
2026-08-03,2026-08-04,2026-08-04,BANCO FORTALEZA,12.03,1,500.0
2026-08-03,2026-08-04,2026-08-04,BANCO NACIONAL DE BOLIVIA,12.03,1,46813.0
2026-08-03,2026-08-04,2026-08-04,BANCO PRODEM,12.03,36,43765.0
2026-08-03,2026-08-04,2026-08-04,BANCO BISA,12.05,1,99988.0
2026-08-03,2026-08-04,2026-08-04,BANCO MERCANTIL SANTA CRUZ,12.05,1,500000.0
2026-08-03,2026-08-04,2026-08-04,BANCO SOLIDARIO,12.05,1,10000.0
2026-08-03,2026-08-04,2026-08-04,BANCO NACIONAL DE BOLIVIA,12.12,152,254583.0
2026-08-03,2026-08-04,2026-08-04,BANCO BISA,12.13,2,25141.0
2026-08-03,2026-08-04,2026-08-04,BANCO DE CRÉDITO,12.13,3,1580906.0
2026-08-03,2026-08-04,2026-08-04,BANCO DE LA NACIÓN ARGENTINA,12.13,3,93340.0
2026-08-03,2026-08-04,2026-08-04,BANCO FORTALEZA,12.13,2,102030.0
2026-08-03,2026-08-04,2026-08-04,BANCO GANADERO,12.13,78,1781917.0
2026-08-03,2026-08-04,2026-08-04,BANCO MERCANTIL SANTA CRUZ,12.13,5,429141.0
2026-08-03,2026-08-04,2026-08-04,BANCO NACIONAL DE BOLIVIA,12.13,5,28483.0
2026-08-03,2026-08-04,2026-08-04,BANCO PYME DE LA COMUNIDAD,12.13,6,6283.0
2026-08-03,2026-08-04,2026-08-04,BANCO SOLIDARIO,12.13,2,25438.0
2026-08-03,2026-08-04,2026-08-04,BANCO UNION,12.13,310,5233114.0
2026-08-03,2026-08-04,2026-08-04,BANCO GANADERO,12.15,6,10654.0
2026-08-03,2026-08-04,2026-08-04,BANCO MERCANTIL SANTA CRUZ,12.15,1,499915.0
2026-08-03,2026-08-04,2026-08-04,BANCO SOLIDARIO,12.15,2,699880.0
2026-08-03,2026-08-04,2026-08-04,BANCO GANADERO,12.2,1,2500000.0
2026-08-03,2026-08-04,2026-08-04,BANCO NACIONAL DE BOLIVIA,12.2,3,326723.0
2026-08-03,2026-08-04,2026-08-04,BANCO SOLIDARIO,12.2,2,599725.0
2026-08-03,2026-08-04,2026-08-04,BANCO MERCANTIL SANTA CRUZ,12.23,8,465785.0
2026-08-03,2026-08-04,2026-08-04,BANCO SOLIDARIO,12.23,1,7035.0
2026-08-03,2026-08-04,2026-08-04,BANCO NACIONAL DE BOLIVIA,12.24,1,1144000.0
2026-08-03,2026-08-04,2026-08-04,BANCO GANADERO,12.25,2,1295724.0
2026-08-03,2026-08-04,2026-08-04,BANCO UNION,12.3,1,200000.0
2026-08-03,2026-08-04,2026-08-04,BANCO FORTALEZA,12.312,1,999920.0
2026-08-03,2026-08-04,2026-08-04,BANCO FORTALEZA,12.35,1,240000.0
2026-08-03,2026-08-04,2026-08-04,BANCO FORTALEZA,12.36,1,141099.0
2026-08-04,2026-08-05,2026-08-05,BANCO GANADERO,9.73,1,219920.0
2026-08-04,2026-08-05,2026-08-05,BANCO GANADERO,9.96,2,26643.0
2026-08-04,2026-08-05,2026-08-05,BANCO GANADERO,10.5,108,32911.0
2026-08-04,2026-08-05,2026-08-05,BANCO GANADERO,10.7,29,9278.0
2026-08-04,2026-08-05,2026-08-05,BANCO GANADERO,11.0,1,9000.0
2026-08-04,2026-08-05,2026-08-05,BANCO SOLIDARIO,11.48,48,17369.0
2026-08-04,2026-08-05,2026-08-05,BANCO ECONÓMICO,11.5,48,21021.0
2026-08-04,2026-08-05,2026-08-05,BANCO SOLIDARIO,11.6,1,50350.0
2026-08-04,2026-08-05,2026-08-05,BANCO NACIONAL DE BOLIVIA,11.68,330,1406770.0
2026-08-04,2026-08-05,2026-08-05,BANCO PYME ECOFUTURO,11.68,9,14353.0
2026-08-04,2026-08-05,2026-08-05,BANCO NACIONAL DE BOLIVIA,11.73,1,24975.0
2026-08-04,2026-08-05,2026-08-05,BANCO GANADERO,11.75,2,41860.0
2026-08-04,2026-08-05,2026-08-05,BANCO FORTALEZA,11.8,1,3165.0
2026-08-04,2026-08-05,2026-08-05,BANCO GANADERO,11.8,1,384560.0
2026-08-04,2026-08-05,2026-08-05,BANCO MERCANTIL SANTA CRUZ,11.87,1,0.0
2026-08-04,2026-08-05,2026-08-05,BANCO BISA,11.88,81,3112502.0
2026-08-04,2026-08-05,2026-08-05,BANCO DE CRÉDITO,11.88,29,224231.0
2026-08-04,2026-08-05,2026-08-05,BANCO DE LA NACIÓN ARGENTINA,11.88,10,2333.0
2026-08-04,2026-08-05,2026-08-05,BANCO GANADERO,11.88,29,3782.0
2026-08-04,2026-08-05,2026-08-05,BANCO MERCANTIL SANTA CRUZ,11.88,424,1774577.0
2026-08-04,2026-08-05,2026-08-05,BANCO NACIONAL DE BOLIVIA,11.88,2,12632.0
2026-08-04,2026-08-05,2026-08-05,BANCO MERCANTIL SANTA CRUZ,11.89,2,1.0
2026-08-04,2026-08-05,2026-08-05,BANCO BISA,11.9,4,570022.0
2026-08-04,2026-08-05,2026-08-05,BANCO ECONÓMICO,11.9,3,2052981.0
2026-08-04,2026-08-05,2026-08-05,BANCO FORTALEZA,11.9,1,17835.0
2026-08-04,2026-08-05,2026-08-05,BANCO GANADERO,11.9,3,541955.0
2026-08-04,2026-08-05,2026-08-05,BANCO MERCANTIL SANTA CRUZ,11.9,1,0.0
2026-08-04,2026-08-05,2026-08-05,BANCO SOLIDARIO,11.9,1,29960.0
2026-08-04,2026-08-05,2026-08-05,BANCO BISA,11.92,1,499975.0
2026-08-04,2026-08-05,2026-08-05,BANCO DE CRÉDITO,11.92,1,499915.0
2026-08-04,2026-08-05,2026-08-05,BANCO BISA,11.921,1,1600000.0
2026-08-04,2026-08-05,2026-08-05,BANCO BISA,11.93,18,20270.0
2026-08-04,2026-08-05,2026-08-05,BANCO DE CRÉDITO,11.93,1,99950.0
2026-08-04,2026-08-05,2026-08-05,BANCO GANADERO,11.93,1,499975.0
2026-08-04,2026-08-05,2026-08-05,BANCO SOLIDARIO,11.94,1,1599905.0
2026-08-04,2026-08-05,2026-08-05,BANCO BISA,11.95,1,50433.0
2026-08-04,2026-08-05,2026-08-05,BANCO DE CRÉDITO,11.95,3,463203.0
2026-08-04,2026-08-05,2026-08-05,BANCO ECONÓMICO,11.95,2,1999978.0
2026-08-04,2026-08-05,2026-08-05,BANCO GANADERO,11.95,3,1927183.0
2026-08-04,2026-08-05,2026-08-05,BANCO BISA,11.98,1,31642.0
2026-08-04,2026-08-05,2026-08-05,BANCO FIE,11.98,24,66948.0
2026-08-04,2026-08-05,2026-08-05,BANCO FORTALEZA,11.98,1,200.0
2026-08-04,2026-08-05,2026-08-05,BANCO NACIONAL DE BOLIVIA,11.98,1,999978.0
2026-08-04,2026-08-05,2026-08-05,BANCO PRODEM,11.98,72,160064.0
2026-08-04,2026-08-05,2026-08-05,BANCO BISA,12.0,15,913295.0
2026-08-04,2026-08-05,2026-08-05,BANCO DE CRÉDITO,12.0,3,439925.0
2026-08-04,2026-08-05,2026-08-05,BANCO ECONÓMICO,12.0,1,70000.0
2026-08-04,2026-08-05,2026-08-05,BANCO FORTALEZA,12.0,1,49962.0
2026-08-04,2026-08-05,2026-08-05,BANCO GANADERO,12.0,1,348545.0
2026-08-04,2026-08-05,2026-08-05,BANCO MERCANTIL SANTA CRUZ,12.0,3,2241592.0
2026-08-04,2026-08-05,2026-08-05,BANCO NACIONAL DE BOLIVIA,12.0,7,2333234.0
2026-08-04,2026-08-05,2026-08-05,BANCO BISA,12.03,2,6793.0
2026-08-04,2026-08-05,2026-08-05,BANCO BISA,12.035,2,99999970.0
2026-08-04,2026-08-05,2026-08-05,BANCO GANADERO,12.04,1,126.0
2026-08-04,2026-08-05,2026-08-05,BANCO MERCANTIL SANTA CRUZ,12.05,3,201724.0
2026-08-04,2026-08-05,2026-08-05,BANCO SOLIDARIO,12.05,1,2655.0
2026-08-04,2026-08-05,2026-08-05,BANCO GANADERO,12.0645,1,7080747.0
2026-08-04,2026-08-05,2026-08-05,BANCO NACIONAL DE BOLIVIA,12.07,196,157374.0
2026-08-04,2026-08-05,2026-08-05,BANCO DE CRÉDITO,12.08,333,30389.0
2026-08-04,2026-08-05,2026-08-05,BANCO DE LA NACIÓN ARGENTINA,12.08,1,200.0
2026-08-04,2026-08-05,2026-08-05,BANCO FORTALEZA,12.08,4,265980.0
2026-08-04,2026-08-05,2026-08-05,BANCO GANADERO,12.08,551,2092808.0
2026-08-04,2026-08-05,2026-08-05,BANCO MERCANTIL SANTA CRUZ,12.08,10,957798.0
2026-08-04,2026-08-05,2026-08-05,BANCO NACIONAL DE BOLIVIA,12.08,4,9924000.0
2026-08-04,2026-08-05,2026-08-05,BANCO PYME DE LA COMUNIDAD,12.08,18,26452.0
2026-08-04,2026-08-05,2026-08-05,BANCO SOLIDARIO,12.08,2,1604191.0
2026-08-04,2026-08-05,2026-08-05,BANCO UNION,12.08,499,7705122.0
2026-08-04,2026-08-05,2026-08-05,BANCO DE CRÉDITO,12.1,1,199940.0
2026-08-04,2026-08-05,2026-08-05,BANCO SOLIDARIO,12.1,1,20895.0
2026-08-04,2026-08-05,2026-08-05,BANCO GANADERO,12.13,25,7734.0
2026-08-04,2026-08-05,2026-08-05,BANCO GANADERO,12.15,4,452.0
2026-08-04,2026-08-05,2026-08-05,BANCO UNION,12.15,1,1012401.0
2026-08-04,2026-08-05,2026-08-05,BANCO DE CRÉDITO,12.17,1,6950.0
2026-08-04,2026-08-05,2026-08-05,BANCO DE CRÉDITO,12.18,2,25604.0
2026-08-04,2026-08-05,2026-08-05,BANCO GANADERO,12.18,6,12492.0
2026-08-04,2026-08-05,2026-08-05,BANCO MERCANTIL SANTA CRUZ,12.18,1,76000.0
2026-08-04,2026-08-05,2026-08-05,BANCO SOLIDARIO,12.18,1,800.0
2026-08-04,2026-08-05,2026-08-05,BANCO FIE,12.2,1,1000000.0
2026-08-05,2026-08-06,2026-08-10,BANCO GANADERO,9.63,1,24731.0
2026-08-05,2026-08-06,2026-08-10,BANCO GANADERO,9.73,5,169831.0
2026-08-05,2026-08-06,2026-08-10,BANCO GANADERO,9.96,1,9447.0
2026-08-05,2026-08-06,2026-08-10,BANCO GANADERO,10.5,79,22430.0
2026-08-05,2026-08-06,2026-08-10,BANCO GANADERO,10.75,1,1018.0
2026-08-05,2026-08-06,2026-08-10,BANCO GANADERO,11.13,1,49.0
2026-08-05,2026-08-06,2026-08-10,BANCO ECONÓMICO,11.4,59,35177.0
2026-08-05,2026-08-06,2026-08-10,BANCO GANADERO,11.4,1,40000.0
2026-08-05,2026-08-06,2026-08-10,BANCO SOLIDARIO,11.42,30,89011.0
2026-08-05,2026-08-06,2026-08-10,BANCO MERCANTIL SANTA CRUZ,11.49,1,1.0
2026-08-05,2026-08-06,2026-08-10,BANCO NACIONAL DE BOLIVIA,11.5,1,800000.0
2026-08-05,2026-08-06,2026-08-10,BANCO SOLIDARIO,11.5,5,31083.0
2026-08-05,2026-08-06,2026-08-10,BANCO MERCANTIL SANTA CRUZ,11.52,266,580787.0
2026-08-05,2026-08-06,2026-08-10,BANCO GANADERO,11.54,1,107.0
2026-08-05,2026-08-06,2026-08-10,BANCO MERCANTIL SANTA CRUZ,11.54,1,0.0
2026-08-05,2026-08-06,2026-08-10,BANCO MERCANTIL SANTA CRUZ,11.55,1,0.0
2026-08-05,2026-08-06,2026-08-10,BANCO MERCANTIL SANTA CRUZ,11.59,1,135703.0
2026-08-05,2026-08-06,2026-08-10,BANCO SOLIDARIO,11.6,2,91466.0
2026-08-05,2026-08-06,2026-08-10,BANCO MERCANTIL SANTA CRUZ,11.62,1,100000.0
2026-08-05,2026-08-06,2026-08-10,BANCO NACIONAL DE BOLIVIA,11.62,356,1633228.0
2026-08-05,2026-08-06,2026-08-10,BANCO PYME ECOFUTURO,11.62,5,2714.0
2026-08-05,2026-08-06,2026-08-10,BANCO SOLIDARIO,11.68,1,9334.0
2026-08-05,2026-08-06,2026-08-10,BANCO DE CRÉDITO,11.7,1,405450.0
2026-08-05,2026-08-06,2026-08-10,BANCO SOLIDARIO,11.7,1,39980.0
2026-08-05,2026-08-06,2026-08-10,BANCO DE CRÉDITO,11.72,24,61896.0
2026-08-05,2026-08-06,2026-08-10,BANCO NACIONAL DE BOLIVIA,11.72,1,42000.0
2026-08-05,2026-08-06,2026-08-10,BANCO BISA,11.75,3,8058.0
2026-08-05,2026-08-06,2026-08-10,BANCO GANADERO,11.75,2,1103982.0
2026-08-05,2026-08-06,2026-08-10,BANCO SOLIDARIO,11.75,3,179709.0
2026-08-05,2026-08-06,2026-08-10,BANCO DE CRÉDITO,11.8,5,967431.0
2026-08-05,2026-08-06,2026-08-10,BANCO ECONÓMICO,11.8,2,136940.0
2026-08-05,2026-08-06,2026-08-10,BANCO FORTALEZA,11.8,1,30000.0
2026-08-05,2026-08-06,2026-08-10,BANCO MERCANTIL SANTA CRUZ,11.8,4,1349932.0
2026-08-05,2026-08-06,2026-08-10,BANCO SOLIDARIO,11.8,4,303620.0
2026-08-05,2026-08-06,2026-08-10,BANCO BISA,11.82,79,1927474.0
2026-08-05,2026-08-06,2026-08-10,BANCO DE LA NACIÓN ARGENTINA,11.82,20,13769.0
2026-08-05,2026-08-06,2026-08-10,BANCO GANADERO,11.82,1,449975.0
2026-08-05,2026-08-06,2026-08-10,BANCO NACIONAL DE BOLIVIA,11.82,1,20009.0
2026-08-05,2026-08-06,2026-08-10,BANCO PRODEM,11.82,85,288044.0
2026-08-05,2026-08-06,2026-08-10,BANCO BISA,11.83,1,1016300.0
2026-08-05,2026-08-06,2026-08-10,BANCO BISA,11.84,3,619975.0
2026-08-05,2026-08-06,2026-08-10,BANCO BISA,11.85,18,15004106.0
2026-08-05,2026-08-06,2026-08-10,BANCO ECONÓMICO,11.85,1,499982.0
2026-08-05,2026-08-06,2026-08-10,BANCO GANADERO,11.85,1,336929.0
2026-08-05,2026-08-06,2026-08-10,BANCO MERCANTIL SANTA CRUZ,11.855,1,254895.0
2026-08-05,2026-08-06,2026-08-10,BANCO BISA,11.86,2,799980.0
2026-08-05,2026-08-06,2026-08-10,BANCO MERCANTIL SANTA CRUZ,11.862,1,269932.0
2026-08-05,2026-08-06,2026-08-10,BANCO BISA,11.865,1,99975.0
2026-08-05,2026-08-06,2026-08-10,BANCO BISA,11.87,3,2616549.0
2026-08-05,2026-08-06,2026-08-10,BANCO BISA,11.875,2,699975.0
2026-08-05,2026-08-06,2026-08-10,BANCO GANADERO,11.875,1,1518613.0
2026-08-05,2026-08-06,2026-08-10,BANCO BISA,11.88,19,1953084.0
2026-08-05,2026-08-06,2026-08-10,BANCO DE CRÉDITO,11.88,1,32072.0
2026-08-05,2026-08-06,2026-08-10,BANCO MERCANTIL SANTA CRUZ,11.88,3,1199847.0
2026-08-05,2026-08-06,2026-08-10,BANCO NACIONAL DE BOLIVIA,11.88,1,75000.0
2026-08-05,2026-08-06,2026-08-10,BANCO GANADERO,11.89,1,75.0
2026-08-05,2026-08-06,2026-08-10,BANCO BISA,11.9,6,5268862.0
2026-08-05,2026-08-06,2026-08-10,BANCO ECONÓMICO,11.9,1,588512.0
2026-08-05,2026-08-06,2026-08-10,BANCO FORTALEZA,11.9,1,70740.0
2026-08-05,2026-08-06,2026-08-10,BANCO GANADERO,11.9,5,4999932.0
2026-08-05,2026-08-06,2026-08-10,BANCO MERCANTIL SANTA CRUZ,11.9,1,780000.0
2026-08-05,2026-08-06,2026-08-10,BANCO BISA,11.92,5,1500.0
2026-08-05,2026-08-06,2026-08-10,BANCO ECONÓMICO,11.92,1,700000.0
2026-08-05,2026-08-06,2026-08-10,BANCO FIE,11.92,22,8463.0
2026-08-05,2026-08-06,2026-08-10,BANCO FORTALEZA,11.92,9,4233.0
2026-08-05,2026-08-06,2026-08-10,BANCO MERCANTIL SANTA CRUZ,11.92,1,4500.0
2026-08-05,2026-08-06,2026-08-10,BANCO UNION,11.92,163,889618.0
2026-08-05,2026-08-06,2026-08-10,BANCO GANADERO,11.95,3,2811232.0
2026-08-05,2026-08-06,2026-08-10,BANCO BISA,12.0,14,285535.0
2026-08-05,2026-08-06,2026-08-10,BANCO DE CRÉDITO,12.0,1,150000.0
2026-08-05,2026-08-06,2026-08-10,BANCO NACIONAL DE BOLIVIA,12.0,1,249975.0
2026-08-05,2026-08-06,2026-08-10,BANCO NACIONAL DE BOLIVIA,12.01,191,191301.0
2026-08-05,2026-08-06,2026-08-10,BANCO BISA,12.02,3,22.0
2026-08-05,2026-08-06,2026-08-10,BANCO DE CRÉDITO,12.02,377,33900.0
2026-08-05,2026-08-06,2026-08-10,BANCO FORTALEZA,12.02,5,92.0
2026-08-05,2026-08-06,2026-08-10,BANCO GANADERO,12.02,54,1599446.0
2026-08-05,2026-08-06,2026-08-10,BANCO MERCANTIL SANTA CRUZ,12.02,3,1500000.0
2026-08-05,2026-08-06,2026-08-10,BANCO NACIONAL DE BOLIVIA,12.02,1,771000.0
2026-08-05,2026-08-06,2026-08-10,BANCO PYME DE LA COMUNIDAD,12.02,12,58829.0
2026-08-05,2026-08-06,2026-08-10,BANCO FIE,12.05,1,155000.0
2026-08-05,2026-08-06,2026-08-10,BANCO FIE,12.08,1,50000.0
2026-08-05,2026-08-06,2026-08-10,BANCO GANADERO,12.08,21,11366.0
2026-08-05,2026-08-06,2026-08-10,BANCO GANADERO,12.12,6,424.0
2026-08-05,2026-08-06,2026-08-10,BANCO MERCANTIL SANTA CRUZ,12.12,2,532000.0
2026-08-05,2026-08-06,2026-08-10,BANCO NACIONAL DE BOLIVIA,12.12,1,257500.0
2026-08-05,2026-08-06,2026-08-10,BANCO SOLIDARIO,12.12,2,299600.0
2026-08-05,2026-08-06,2026-08-10,BANCO GANADERO,12.13,10,7550.0
2026-08-05,2026-08-06,2026-08-10,BANCO GANADERO,12.15,1,123.0
2026-08-05,2026-08-06,2026-08-10,BANCO SOLIDARIO,12.15,1,99856.0
2026-08-05,2026-08-06,2026-08-10,BANCO GANADERO,12.1799,1,253.0
2026-08-10,2026-08-11,2026-08-11,BANCO GANADERO,9.63,2,31200.0
2026-08-10,2026-08-11,2026-08-11,BANCO GANADERO,9.73,3,163254.0
2026-08-10,2026-08-11,2026-08-11,BANCO GANADERO,9.96,1,9530.0
2026-08-10,2026-08-11,2026-08-11,BANCO FORTALEZA,10.0,1,10.0
2026-08-10,2026-08-11,2026-08-11,BANCO GANADERO,10.2,105,33220.0
2026-08-10,2026-08-11,2026-08-11,BANCO FORTALEZA,11.0,3,900.0
2026-08-10,2026-08-11,2026-08-11,BANCO ECONÓMICO,11.1,63,48413.0
2026-08-10,2026-08-11,2026-08-11,BANCO DE CRÉDITO,11.2,1,25000.0
2026-08-10,2026-08-11,2026-08-11,BANCO SOLIDARIO,11.25,3,25789.0
2026-08-10,2026-08-11,2026-08-11,BANCO SOLIDARIO,11.26,1,100000.0
2026-08-10,2026-08-11,2026-08-11,BANCO SOLIDARIO,11.27,57,66634.0
2026-08-10,2026-08-11,2026-08-11,BANCO SOLIDARIO,11.3,1,122390.0
2026-08-10,2026-08-11,2026-08-11,BANCO DE LA NACIÓN ARGENTINA,11.36,20,1691.0
2026-08-10,2026-08-11,2026-08-11,BANCO MERCANTIL SANTA CRUZ,11.36,198,65042.0
2026-08-10,2026-08-11,2026-08-11,BANCO UNION,11.36,95,248374.0
2026-08-10,2026-08-11,2026-08-11,BANCO MERCANTIL SANTA CRUZ,11.37,1,0.0
2026-08-10,2026-08-11,2026-08-11,BANCO SOLIDARIO,11.4,7,5443.0
2026-08-10,2026-08-11,2026-08-11,BANCO SOLIDARIO,11.44,1,119100.0
2026-08-10,2026-08-11,2026-08-11,BANCO DE CRÉDITO,11.46,14,104074.0
2026-08-10,2026-08-11,2026-08-11,BANCO NACIONAL DE BOLIVIA,11.46,357,1106529.0
2026-08-10,2026-08-11,2026-08-11,BANCO PYME ECOFUTURO,11.46,4,3316.0
2026-08-10,2026-08-11,2026-08-11,BANCO NACIONAL DE BOLIVIA,11.47,1,12458.0
2026-08-10,2026-08-11,2026-08-11,BANCO DE CRÉDITO,11.5,5,145788.0
2026-08-10,2026-08-11,2026-08-11,BANCO GANADERO,11.5,1,44000.0
2026-08-10,2026-08-11,2026-08-11,BANCO DE CRÉDITO,11.54,1,17877.0
2026-08-10,2026-08-11,2026-08-11,BANCO MERCANTIL SANTA CRUZ,11.545,1,100000.0
2026-08-10,2026-08-11,2026-08-11,BANCO MERCANTIL SANTA CRUZ,11.56,2,294720.0
2026-08-10,2026-08-11,2026-08-11,BANCO DE CRÉDITO,11.57,1,46651.0
2026-08-10,2026-08-11,2026-08-11,BANCO DE CRÉDITO,11.6,2,799940.0
2026-08-10,2026-08-11,2026-08-11,BANCO MERCANTIL SANTA CRUZ,11.6,1,360932.0
2026-08-10,2026-08-11,2026-08-11,BANCO DE CRÉDITO,11.65,1,229940.0
2026-08-10,2026-08-11,2026-08-11,BANCO FORTALEZA,11.65,1,13871.0
2026-08-10,2026-08-11,2026-08-11,BANCO MERCANTIL SANTA CRUZ,11.65,3,270736.0
2026-08-10,2026-08-11,2026-08-11,BANCO BISA,11.66,58,2301413.0
2026-08-10,2026-08-11,2026-08-11,BANCO NACIONAL DE BOLIVIA,11.66,1,21775.0
2026-08-10,2026-08-11,2026-08-11,BANCO PRODEM,11.66,97,349500.0
2026-08-10,2026-08-11,2026-08-11,BANCO NACIONAL DE BOLIVIA,11.68,1,151.0
2026-08-10,2026-08-11,2026-08-11,BANCO BISA,11.7,7,2436885.0
2026-08-10,2026-08-11,2026-08-11,BANCO GANADERO,11.7,2,218262.0
2026-08-10,2026-08-11,2026-08-11,BANCO SOLIDARIO,11.7,1,299810.0
2026-08-10,2026-08-11,2026-08-11,BANCO BISA,11.71,1,30000.0
2026-08-10,2026-08-11,2026-08-11,BANCO BISA,11.72,1,26715.0
2026-08-10,2026-08-11,2026-08-11,BANCO BISA,11.73,1,24000.0
2026-08-10,2026-08-11,2026-08-11,BANCO BISA,11.75,16,2341569.0
2026-08-10,2026-08-11,2026-08-11,BANCO GANADERO,11.75,5,5549982.0
2026-08-10,2026-08-11,2026-08-11,BANCO MERCANTIL SANTA CRUZ,11.75,1,478000.0
2026-08-10,2026-08-11,2026-08-11,BANCO BISA,11.76,18,2154255.0
2026-08-10,2026-08-11,2026-08-11,BANCO DE CRÉDITO,11.76,3,62130.0
2026-08-10,2026-08-11,2026-08-11,BANCO FIE,11.76,18,347302.0
2026-08-10,2026-08-11,2026-08-11,BANCO FORTALEZA,11.76,2,98.0
2026-08-10,2026-08-11,2026-08-11,BANCO NACIONAL DE BOLIVIA,11.76,1,112487.0
2026-08-10,2026-08-11,2026-08-11,BANCO BISA,11.77,1,119975.0
2026-08-10,2026-08-11,2026-08-11,BANCO SOLIDARIO,11.77,1,15818.0
2026-08-10,2026-08-11,2026-08-11,BANCO BISA,11.78,2,699940.0
2026-08-10,2026-08-11,2026-08-11,BANCO GANADERO,11.78,1,264566.0
2026-08-10,2026-08-11,2026-08-11,BANCO MERCANTIL SANTA CRUZ,11.79,1,6224276.0
2026-08-10,2026-08-11,2026-08-11,BANCO NACIONAL DE BOLIVIA,11.795,1,119975.0
2026-08-10,2026-08-11,2026-08-11,BANCO BISA,11.8,10,4253336.0
2026-08-10,2026-08-11,2026-08-11,BANCO DE CRÉDITO,11.8,2,698629.0
2026-08-10,2026-08-11,2026-08-11,BANCO GANADERO,11.8,2,365982.0
2026-08-10,2026-08-11,2026-08-11,BANCO MERCANTIL SANTA CRUZ,11.8,2,700000.0
2026-08-10,2026-08-11,2026-08-11,BANCO SOLIDARIO,11.8,1,400000.0
2026-08-10,2026-08-11,2026-08-11,BANCO BISA,11.81,2,4000000.0
2026-08-10,2026-08-11,2026-08-11,BANCO BISA,11.82,2,1000035.0
2026-08-10,2026-08-11,2026-08-11,BANCO GANADERO,11.82,4,2391223.0
2026-08-10,2026-08-11,2026-08-11,BANCO GANADERO,11.83,1,2000000.0
2026-08-10,2026-08-11,2026-08-11,BANCO BISA,11.85,1,363948.0
2026-08-10,2026-08-11,2026-08-11,BANCO GANADERO,11.85,2,6000000.0
2026-08-10,2026-08-11,2026-08-11,BANCO NACIONAL DE BOLIVIA,11.85,165,59876.0
2026-08-10,2026-08-11,2026-08-11,BANCO DE CRÉDITO,11.86,455,74396.0
2026-08-10,2026-08-11,2026-08-11,BANCO DE LA NACIÓN ARGENTINA,11.86,2,9825.0
2026-08-10,2026-08-11,2026-08-11,BANCO FORTALEZA,11.86,4,15188.0
2026-08-10,2026-08-11,2026-08-11,BANCO GANADERO,11.86,129,1509727.0
2026-08-10,2026-08-11,2026-08-11,BANCO MERCANTIL SANTA CRUZ,11.86,7,600002.0
2026-08-10,2026-08-11,2026-08-11,BANCO NACIONAL DE BOLIVIA,11.86,4,1300003.0
2026-08-10,2026-08-11,2026-08-11,BANCO PYME DE LA COMUNIDAD,11.86,15,47533.0
2026-08-10,2026-08-11,2026-08-11,BANCO GANADERO,11.88,2,6199856.0
2026-08-10,2026-08-11,2026-08-11,BANCO MERCANTIL SANTA CRUZ,11.88,1,350000.0
2026-08-10,2026-08-11,2026-08-11,BANCO GANADERO,11.9,1,499975.0
2026-08-10,2026-08-11,2026-08-11,BANCO DE CRÉDITO,11.96,1,31200.0
2026-08-10,2026-08-11,2026-08-11,BANCO GANADERO,11.96,3,603.0
2026-08-10,2026-08-11,2026-08-11,BANCO MERCANTIL SANTA CRUZ,11.96,2,9795.0
2026-08-10,2026-08-11,2026-08-11,BANCO NACIONAL DE BOLIVIA,11.99,2,6150.0
2026-08-10,2026-08-11,2026-08-11,BANCO GANADERO,12.0,1,1000000.0
2026-08-10,2026-08-11,2026-08-11,BANCO GANADERO,12.02,8,4286.0
2026-08-10,2026-08-11,2026-08-11,BANCO GANADERO,12.08,4,1552.0
2026-08-10,2026-08-11,2026-08-11,BANCO UNION,12.08,1,37.0
2026-08-10,2026-08-11,2026-08-11,BANCO GANADERO,12.13,1,308.0
2026-08-11,2026-08-12,2026-08-12,BANCO GANADERO,9.63,1,17280.0
2026-08-11,2026-08-12,2026-08-12,BANCO GANADERO,9.73,1,120453.0
2026-08-11,2026-08-12,2026-08-12,BANCO GANADERO,9.96,1,17429.0
2026-08-11,2026-08-12,2026-08-12,BANCO GANADERO,10.0,90,22160.0
2026-08-11,2026-08-12,2026-08-12,BANCO UNION,10.5,61,510473.0
2026-08-11,2026-08-12,2026-08-12,BANCO NACIONAL DE BOLIVIA,11.02,135,205406.0
2026-08-11,2026-08-12,2026-08-12,BANCO NACIONAL DE BOLIVIA,11.12,1,30000.0
2026-08-11,2026-08-12,2026-08-12,BANCO SOLIDARIO,11.18,27,15172.0
2026-08-11,2026-08-12,2026-08-12,BANCO ECONÓMICO,11.2,63,31075.0
2026-08-11,2026-08-12,2026-08-12,BANCO NACIONAL DE BOLIVIA,11.2,1,531.0
2026-08-11,2026-08-12,2026-08-12,BANCO DE LA NACIÓN ARGENTINA,11.27,3,580.0
2026-08-11,2026-08-12,2026-08-12,BANCO MERCANTIL SANTA CRUZ,11.27,206,329611.0
2026-08-11,2026-08-12,2026-08-12,BANCO NACIONAL DE BOLIVIA,11.27,11,20122.0
2026-08-11,2026-08-12,2026-08-12,BANCO MERCANTIL SANTA CRUZ,11.28,1,0.0
2026-08-11,2026-08-12,2026-08-12,BANCO NACIONAL DE BOLIVIA,11.3,1,61947.0
2026-08-11,2026-08-12,2026-08-12,BANCO SOLIDARIO,11.35,1,16833.0
2026-08-11,2026-08-12,2026-08-12,BANCO DE CRÉDITO,11.37,24,103285.0
2026-08-11,2026-08-12,2026-08-12,BANCO NACIONAL DE BOLIVIA,11.37,2,46051.0
2026-08-11,2026-08-12,2026-08-12,BANCO PYME ECOFUTURO,11.37,1,200.0
2026-08-11,2026-08-12,2026-08-12,BANCO DE CRÉDITO,11.45,1,8712.0
2026-08-11,2026-08-12,2026-08-12,BANCO MERCANTIL SANTA CRUZ,11.45,1,183643.0
2026-08-11,2026-08-12,2026-08-12,BANCO DE CRÉDITO,11.5,3,103682.0
2026-08-11,2026-08-12,2026-08-12,BANCO ECONÓMICO,11.5,2,4100.0
2026-08-11,2026-08-12,2026-08-12,BANCO GANADERO,11.5,1,44804.0
2026-08-11,2026-08-12,2026-08-12,BANCO NACIONAL DE BOLIVIA,11.5,2,300000.0
2026-08-11,2026-08-12,2026-08-12,BANCO SOLIDARIO,11.5,2,399855.0
2026-08-11,2026-08-12,2026-08-12,BANCO UNION,11.5,1,154842.0
2026-08-11,2026-08-12,2026-08-12,BANCO GANADERO,11.54,1,70.0
2026-08-11,2026-08-12,2026-08-12,BANCO DE CRÉDITO,11.56,2,48331.0
2026-08-11,2026-08-12,2026-08-12,BANCO BISA,11.57,69,86752.0
2026-08-11,2026-08-12,2026-08-12,BANCO NACIONAL DE BOLIVIA,11.57,1,57000.0
2026-08-11,2026-08-12,2026-08-12,BANCO PRODEM,11.57,98,409921.0
2026-08-11,2026-08-12,2026-08-12,BANCO SOLIDARIO,11.58,1,149905.0
2026-08-11,2026-08-12,2026-08-12,BANCO DE CRÉDITO,11.6,1,643000.0
2026-08-11,2026-08-12,2026-08-12,BANCO ECONÓMICO,11.6,2,509000.0
2026-08-11,2026-08-12,2026-08-12,BANCO FORTALEZA,11.6,3,147535.0
2026-08-11,2026-08-12,2026-08-12,BANCO MERCANTIL SANTA CRUZ,11.6,4,189735.0
2026-08-11,2026-08-12,2026-08-12,BANCO SOLIDARIO,11.6,4,35229.0
2026-08-11,2026-08-12,2026-08-12,BANCO GANADERO,11.62,1,1000000.0
2026-08-11,2026-08-12,2026-08-12,BANCO GANADERO,11.65,4,500000.0
2026-08-11,2026-08-12,2026-08-12,BANCO BISA,11.66,35,90389.0
2026-08-11,2026-08-12,2026-08-12,BANCO BISA,11.67,10,119309.0
2026-08-11,2026-08-12,2026-08-12,BANCO FIE,11.67,18,609139.0
2026-08-11,2026-08-12,2026-08-12,BANCO FORTALEZA,11.67,4,723.0
2026-08-11,2026-08-12,2026-08-12,BANCO GANADERO,11.67,1,499980.0
2026-08-11,2026-08-12,2026-08-12,BANCO BISA,11.68,1,40950.0
2026-08-11,2026-08-12,2026-08-12,BANCO BISA,11.69,1,26646.0
2026-08-11,2026-08-12,2026-08-12,BANCO BISA,11.7,6,1662274.0
2026-08-11,2026-08-12,2026-08-12,BANCO GANADERO,11.7,4,2241607.0
2026-08-11,2026-08-12,2026-08-12,BANCO BISA,11.71,2,899950.0
2026-08-11,2026-08-12,2026-08-12,BANCO BISA,11.72,2,338411.0
2026-08-11,2026-08-12,2026-08-12,BANCO GANADERO,11.72,1,134260.0
2026-08-11,2026-08-12,2026-08-12,BANCO BISA,11.725,2,58699980.0
2026-08-11,2026-08-12,2026-08-12,BANCO BISA,11.73,2,250000.0
2026-08-11,2026-08-12,2026-08-12,BANCO BISA,11.74,1,99983.0
2026-08-11,2026-08-12,2026-08-12,BANCO GANADERO,11.74,1,1999975.0
2026-08-11,2026-08-12,2026-08-12,BANCO BISA,11.75,30,6418282.0
2026-08-11,2026-08-12,2026-08-12,BANCO DE CRÉDITO,11.75,1,6002.0
2026-08-11,2026-08-12,2026-08-12,BANCO GANADERO,11.75,5,2499950.0
2026-08-11,2026-08-12,2026-08-12,BANCO BISA,11.76,4,634201.0
2026-08-11,2026-08-12,2026-08-12,BANCO GANADERO,11.76,2,1515460.0
2026-08-11,2026-08-12,2026-08-12,BANCO NACIONAL DE BOLIVIA,11.76,136,188878.0
2026-08-11,2026-08-12,2026-08-12,BANCO BISA,11.77,4,200003.0
2026-08-11,2026-08-12,2026-08-12,BANCO FORTALEZA,11.77,1,170.0
2026-08-11,2026-08-12,2026-08-12,BANCO GANADERO,11.77,38,1209197.0
2026-08-11,2026-08-12,2026-08-12,BANCO MERCANTIL SANTA CRUZ,11.77,8,430697.0
2026-08-11,2026-08-12,2026-08-12,BANCO NACIONAL DE BOLIVIA,11.77,1,236.0
2026-08-11,2026-08-12,2026-08-12,BANCO PYME DE LA COMUNIDAD,11.77,8,8301.0
2026-08-11,2026-08-12,2026-08-12,BANCO SOLIDARIO,11.77,2,3499810.0
2026-08-11,2026-08-12,2026-08-12,BANCO FIE,11.8,1,299985.0
2026-08-11,2026-08-12,2026-08-12,BANCO SOLIDARIO,11.805,2,1549810.0
2026-08-11,2026-08-12,2026-08-12,BANCO BISA,11.82,1,2832230.0
2026-08-11,2026-08-12,2026-08-12,BANCO DE CRÉDITO,11.86,324,36018.0
2026-08-11,2026-08-12,2026-08-12,BANCO ECONÓMICO,11.86,1,174440.0
2026-08-11,2026-08-12,2026-08-12,BANCO GANADERO,11.86,13,21987.0
2026-08-11,2026-08-12,2026-08-12,BANCO DE CRÉDITO,11.87,2,73915.0
2026-08-11,2026-08-12,2026-08-12,BANCO GANADERO,11.87,8,9.0
2026-08-11,2026-08-12,2026-08-12,BANCO SOLIDARIO,11.87,5,240455.0
2026-08-11,2026-08-12,2026-08-12,BANCO BISA,11.9,11,56759.0
2026-08-11,2026-08-12,2026-08-12,BANCO BISA,12.0,12,114622.0
2026-08-11,2026-08-12,2026-08-12,BANCO GANADERO,12.02,3,208.0
2026-08-11,2026-08-12,2026-08-12,BANCO DE CRÉDITO,12.12,1,5000.0
2026-08-11,2026-08-12,2026-08-12,BANCO GANADERO,12.13,2,493.0
2026-08-11,2026-08-12,2026-08-12,BANCO DE CRÉDITO,12.39,1,200.0
2026-08-12,2026-08-13,2026-08-13,BANCO GANADERO,9.63,1,17276.0
2026-08-12,2026-08-13,2026-08-13,BANCO GANADERO,9.73,2,116243.0
2026-08-12,2026-08-13,2026-08-13,BANCO GANADERO,9.96,1,10122.0
2026-08-12,2026-08-13,2026-08-13,BANCO GANADERO,10.0,103,168209.0
2026-08-12,2026-08-13,2026-08-13,BANCO UNION,10.5,26,41104.0
2026-08-12,2026-08-13,2026-08-13,BANCO NACIONAL DE BOLIVIA,10.96,115,340105.0
2026-08-12,2026-08-13,2026-08-13,BANCO FORTALEZA,11.0,1,20.0
2026-08-12,2026-08-13,2026-08-13,BANCO NACIONAL DE BOLIVIA,11.0,1,1419.0
2026-08-12,2026-08-13,2026-08-13,BANCO SOLIDARIO,11.12,25,9968.0
2026-08-12,2026-08-13,2026-08-13,BANCO NACIONAL DE BOLIVIA,11.2,1,1386.0
2026-08-12,2026-08-13,2026-08-13,BANCO DE LA NACIÓN ARGENTINA,11.21,2,1350.0
2026-08-12,2026-08-13,2026-08-13,BANCO MERCANTIL SANTA CRUZ,11.21,138,128526.0
2026-08-12,2026-08-13,2026-08-13,BANCO NACIONAL DE BOLIVIA,11.21,4,30280.0
2026-08-12,2026-08-13,2026-08-13,BANCO MERCANTIL SANTA CRUZ,11.22,2,1.0
2026-08-12,2026-08-13,2026-08-13,BANCO MERCANTIL SANTA CRUZ,11.25,2,0.0
2026-08-12,2026-08-13,2026-08-13,BANCO NACIONAL DE BOLIVIA,11.25,1,14075.0
2026-08-12,2026-08-13,2026-08-13,BANCO GANADERO,11.3,1,10000.0
2026-08-12,2026-08-13,2026-08-13,BANCO DE CRÉDITO,11.31,18,70024.0
2026-08-12,2026-08-13,2026-08-13,BANCO NACIONAL DE BOLIVIA,11.31,1,800.0
2026-08-12,2026-08-13,2026-08-13,BANCO PYME DE LA COMUNIDAD,11.31,2,5000.0
2026-08-12,2026-08-13,2026-08-13,BANCO SOLIDARIO,11.35,1,25000.0
2026-08-12,2026-08-13,2026-08-13,BANCO UNION,11.36,4,10077.0
2026-08-12,2026-08-13,2026-08-13,BANCO ECONÓMICO,11.4,70,121250.0
2026-08-12,2026-08-13,2026-08-13,BANCO FORTALEZA,11.4,1,10000.0
2026-08-12,2026-08-13,2026-08-13,BANCO MERCANTIL SANTA CRUZ,11.41,1,21510.0
2026-08-12,2026-08-13,2026-08-13,BANCO PRODEM,11.41,69,271193.0
2026-08-12,2026-08-13,2026-08-13,BANCO DE CRÉDITO,11.45,3,26790.0
2026-08-12,2026-08-13,2026-08-13,BANCO ECONÓMICO,11.45,1,100000.0
2026-08-12,2026-08-13,2026-08-13,BANCO DE CRÉDITO,11.5,4,432620.0
2026-08-12,2026-08-13,2026-08-13,BANCO ECONÓMICO,11.5,1,10000.0
2026-08-12,2026-08-13,2026-08-13,BANCO FORTALEZA,11.5,2,290545.0
2026-08-12,2026-08-13,2026-08-13,BANCO NACIONAL DE BOLIVIA,11.5,1,73807.0
2026-08-12,2026-08-13,2026-08-13,BANCO SOLIDARIO,11.5,2,30455.0
2026-08-12,2026-08-13,2026-08-13,BANCO BISA,11.51,42,122136.0
2026-08-12,2026-08-13,2026-08-13,BANCO NACIONAL DE BOLIVIA,11.51,2,88945.0
2026-08-12,2026-08-13,2026-08-13,BANCO FORTALEZA,11.54,1,1500000.0
2026-08-12,2026-08-13,2026-08-13,BANCO BISA,11.55,2,7580.0
2026-08-12,2026-08-13,2026-08-13,BANCO ECONÓMICO,11.55,1,299990.0
2026-08-12,2026-08-13,2026-08-13,BANCO BISA,11.56,1,17213.0
2026-08-12,2026-08-13,2026-08-13,BANCO MERCANTIL SANTA CRUZ,11.58,1,212920.0
2026-08-12,2026-08-13,2026-08-13,BANCO BISA,11.6,3,115053.0
2026-08-12,2026-08-13,2026-08-13,BANCO DE CRÉDITO,11.6,2,299965.0
2026-08-12,2026-08-13,2026-08-13,BANCO GANADERO,11.6,1,53209.0
2026-08-12,2026-08-13,2026-08-13,BANCO MERCANTIL SANTA CRUZ,11.6,1,315000.0
2026-08-12,2026-08-13,2026-08-13,BANCO SOLIDARIO,11.6,2,414728.0
2026-08-12,2026-08-13,2026-08-13,BANCO BISA,11.61,8,74441.0
2026-08-12,2026-08-13,2026-08-13,BANCO FIE,11.61,12,54088.0
2026-08-12,2026-08-13,2026-08-13,BANCO FORTALEZA,11.61,5,5039.0
2026-08-12,2026-08-13,2026-08-13,BANCO BISA,11.62,1,20000.0
2026-08-12,2026-08-13,2026-08-13,BANCO BISA,11.65,18,738262.0
2026-08-12,2026-08-13,2026-08-13,BANCO DE CRÉDITO,11.65,1,860011.0
2026-08-12,2026-08-13,2026-08-13,BANCO GANADERO,11.65,1,45820.0
2026-08-12,2026-08-13,2026-08-13,BANCO NACIONAL DE BOLIVIA,11.65,2,2405572.0
2026-08-12,2026-08-13,2026-08-13,BANCO GANADERO,11.66,1,318982.0
2026-08-12,2026-08-13,2026-08-13,BANCO BISA,11.67,1,500000.0
2026-08-12,2026-08-13,2026-08-13,BANCO FIE,11.67,1,90000.0
2026-08-12,2026-08-13,2026-08-13,BANCO NACIONAL DE BOLIVIA,11.67,1,4493.0
2026-08-12,2026-08-13,2026-08-13,BANCO GANADERO,11.68,3,2225938.0
2026-08-12,2026-08-13,2026-08-13,BANCO MERCANTIL SANTA CRUZ,11.68,1,600000.0
2026-08-12,2026-08-13,2026-08-13,BANCO BISA,11.685,1,466581.0
2026-08-12,2026-08-13,2026-08-13,BANCO BISA,11.69,2,694765.0
2026-08-12,2026-08-13,2026-08-13,BANCO GANADERO,11.695,1,2017557.0
2026-08-12,2026-08-13,2026-08-13,BANCO BISA,11.7,13,8366913.0
2026-08-12,2026-08-13,2026-08-13,BANCO DE CRÉDITO,11.7,3,3641469.0
2026-08-12,2026-08-13,2026-08-13,BANCO GANADERO,11.7,1,174524.0
2026-08-12,2026-08-13,2026-08-13,BANCO NACIONAL DE BOLIVIA,11.7,137,102878.0
2026-08-12,2026-08-13,2026-08-13,BANCO BISA,11.71,3,500080.0
2026-08-12,2026-08-13,2026-08-13,BANCO DE CRÉDITO,11.71,333,32135.0
2026-08-12,2026-08-13,2026-08-13,BANCO FORTALEZA,11.71,7,2863.0
2026-08-12,2026-08-13,2026-08-13,BANCO GANADERO,11.71,90,1205503.0
2026-08-12,2026-08-13,2026-08-13,BANCO MERCANTIL SANTA CRUZ,11.71,3,741197.0
2026-08-12,2026-08-13,2026-08-13,BANCO NACIONAL DE BOLIVIA,11.71,4,359.0
2026-08-12,2026-08-13,2026-08-13,BANCO PYME DE LA COMUNIDAD,11.71,6,3462.0
2026-08-12,2026-08-13,2026-08-13,BANCO SOLIDARIO,11.71,1,32765.0
2026-08-12,2026-08-13,2026-08-13,BANCO BISA,11.73,1,500000.0
2026-08-12,2026-08-13,2026-08-13,BANCO GANADERO,11.73,1,999880.0
2026-08-12,2026-08-13,2026-08-13,BANCO FIE,11.74,1,43524.0
2026-08-12,2026-08-13,2026-08-13,BANCO NACIONAL DE BOLIVIA,11.74,2,17861.0
2026-08-12,2026-08-13,2026-08-13,BANCO BISA,11.75,14,163908.0
2026-08-12,2026-08-13,2026-08-13,BANCO SOLIDARIO,11.75,1,134224.0
2026-08-12,2026-08-13,2026-08-13,BANCO GANADERO,11.751,2,1000000.0
2026-08-12,2026-08-13,2026-08-13,BANCO MERCANTIL SANTA CRUZ,11.755,2,3000000.0
2026-08-12,2026-08-13,2026-08-13,BANCO GANADERO,11.77,38,13004.0
2026-08-12,2026-08-13,2026-08-13,BANCO DE CRÉDITO,11.81,1,43000.0
2026-08-12,2026-08-13,2026-08-13,BANCO FORTALEZA,11.81,1,663403.0
2026-08-12,2026-08-13,2026-08-13,BANCO GANADERO,11.81,3,4.0
2026-08-12,2026-08-13,2026-08-13,BANCO MERCANTIL SANTA CRUZ,11.81,2,28950.0
2026-08-12,2026-08-13,2026-08-13,BANCO DE CRÉDITO,11.84,3,4400.0
2026-08-12,2026-08-13,2026-08-13,BANCO GANADERO,11.86,21,5119.0
2026-08-12,2026-08-13,2026-08-13,BANCO NACIONAL DE BOLIVIA,11.87,1,825.0
2026-08-12,2026-08-13,2026-08-13,BANCO BISA,11.9,7,11272.0
2026-08-12,2026-08-13,2026-08-13,BANCO DE CRÉDITO,11.96,1,500000.0
2026-08-12,2026-08-13,2026-08-13,BANCO GANADERO,11.9634,1,16.0
2026-08-12,2026-08-13,2026-08-13,BANCO BISA,12.0,9,19922.0
2026-08-12,2026-08-13,2026-08-13,BANCO GANADERO,12.02,1,42.0
2026-08-12,2026-08-13,2026-08-13,BANCO GANADERO,12.08,2,441.0
2026-08-12,2026-08-13,2026-08-13,BANCO GANADERO,12.15,1,465.0
2026-08-13,2026-08-14,2026-08-14,BANCO GANADERO,9.63,1,13760.0
2026-08-13,2026-08-14,2026-08-14,BANCO GANADERO,9.73,1,75995.0
2026-08-13,2026-08-14,2026-08-14,BANCO DE CRÉDITO,9.86,1,6885.0
2026-08-13,2026-08-14,2026-08-14,BANCO GANADERO,9.96,1,4231.0
2026-08-13,2026-08-14,2026-08-14,BANCO GANADERO,10.0,78,41234.0
2026-08-13,2026-08-14,2026-08-14,BANCO UNION,10.16,28,18225.0
2026-08-13,2026-08-14,2026-08-14,BANCO NACIONAL DE BOLIVIA,10.91,194,244357.0
2026-08-13,2026-08-14,2026-08-14,BANCO GANADERO,11.0,2,699.0
2026-08-13,2026-08-14,2026-08-14,BANCO SOLIDARIO,11.08,31,33351.0
2026-08-13,2026-08-14,2026-08-14,BANCO DE LA NACIÓN ARGENTINA,11.16,4,788.0
2026-08-13,2026-08-14,2026-08-14,BANCO MERCANTIL SANTA CRUZ,11.16,40,26536.0
2026-08-13,2026-08-14,2026-08-14,BANCO NACIONAL DE BOLIVIA,11.16,8,5970.0
2026-08-13,2026-08-14,2026-08-14,BANCO MERCANTIL SANTA CRUZ,11.17,1,0.0
2026-08-13,2026-08-14,2026-08-14,BANCO NACIONAL DE BOLIVIA,11.2,1,985.0
2026-08-13,2026-08-14,2026-08-14,BANCO DE CRÉDITO,11.26,19,51439.0
2026-08-13,2026-08-14,2026-08-14,BANCO PYME DE LA COMUNIDAD,11.26,1,4300.0
2026-08-13,2026-08-14,2026-08-14,BANCO PYME ECOFUTURO,11.26,2,1500.0
2026-08-13,2026-08-14,2026-08-14,BANCO BISA,11.35,3,1942.0
2026-08-13,2026-08-14,2026-08-14,BANCO BISA,11.36,2,500000.0
2026-08-13,2026-08-14,2026-08-14,BANCO PRODEM,11.36,43,177954.0
2026-08-13,2026-08-14,2026-08-14,BANCO DE CRÉDITO,11.4,1,29987.0
2026-08-13,2026-08-14,2026-08-14,BANCO ECONÓMICO,11.4,75,585578.0
2026-08-13,2026-08-14,2026-08-14,BANCO ECONÓMICO,11.42,2,206000.0
2026-08-13,2026-08-14,2026-08-14,BANCO ECONÓMICO,11.43,2,140000.0
2026-08-13,2026-08-14,2026-08-14,BANCO ECONÓMICO,11.45,3,133000.0
2026-08-13,2026-08-14,2026-08-14,BANCO BISA,11.46,38,93557.0
2026-08-13,2026-08-14,2026-08-14,BANCO DE CRÉDITO,11.46,232,29154.0
2026-08-13,2026-08-14,2026-08-14,BANCO DE CRÉDITO,11.5,2,704890.0
2026-08-13,2026-08-14,2026-08-14,BANCO ECONÓMICO,11.5,5,79577.0
2026-08-13,2026-08-14,2026-08-14,BANCO FORTALEZA,11.5,1,50000.0
2026-08-13,2026-08-14,2026-08-14,BANCO GANADERO,11.5,1,78982.0
2026-08-13,2026-08-14,2026-08-14,BANCO MERCANTIL SANTA CRUZ,11.505,2,103396.0
2026-08-13,2026-08-14,2026-08-14,BANCO BISA,11.51,2,4422.0
2026-08-13,2026-08-14,2026-08-14,BANCO MERCANTIL SANTA CRUZ,11.51,2,167932.0
2026-08-13,2026-08-14,2026-08-14,BANCO PYME DE LA COMUNIDAD,11.51,1,2100.0
2026-08-13,2026-08-14,2026-08-14,BANCO FORTALEZA,11.53,1,50965.0
2026-08-13,2026-08-14,2026-08-14,BANCO BISA,11.55,8,14459.0
2026-08-13,2026-08-14,2026-08-14,BANCO DE LA NACIÓN ARGENTINA,11.55,1,145000.0
2026-08-13,2026-08-14,2026-08-14,BANCO FORTALEZA,11.55,1,100000.0
2026-08-13,2026-08-14,2026-08-14,BANCO MERCANTIL SANTA CRUZ,11.55,4,1217146.0
2026-08-13,2026-08-14,2026-08-14,BANCO SOLIDARIO,11.55,2,18105.0
2026-08-13,2026-08-14,2026-08-14,BANCO BISA,11.56,9,67018.0
2026-08-13,2026-08-14,2026-08-14,BANCO FIE,11.56,14,12182.0
2026-08-13,2026-08-14,2026-08-14,BANCO FORTALEZA,11.56,6,4279.0
2026-08-13,2026-08-14,2026-08-14,BANCO DE CRÉDITO,11.58,1,89557.0
2026-08-13,2026-08-14,2026-08-14,BANCO SOLIDARIO,11.58,1,167124.0
2026-08-13,2026-08-14,2026-08-14,BANCO BISA,11.6,7,235970.0
2026-08-13,2026-08-14,2026-08-14,BANCO FIE,11.6,1,50000.0
2026-08-13,2026-08-14,2026-08-14,BANCO MERCANTIL SANTA CRUZ,11.6,2,97030.0
2026-08-13,2026-08-14,2026-08-14,BANCO NACIONAL DE BOLIVIA,11.6,1,865530.0
2026-08-13,2026-08-14,2026-08-14,BANCO SOLIDARIO,11.6,1,2999880.0
2026-08-13,2026-08-14,2026-08-14,BANCO GANADERO,11.61,1,2451208.0
2026-08-13,2026-08-14,2026-08-14,BANCO NACIONAL DE BOLIVIA,11.62,1,500000.0
2026-08-13,2026-08-14,2026-08-14,BANCO BISA,11.63,3,741808.0
2026-08-13,2026-08-14,2026-08-14,BANCO GANADERO,11.63,4,1725600.0
2026-08-13,2026-08-14,2026-08-14,BANCO BISA,11.64,4,1071729.0
2026-08-13,2026-08-14,2026-08-14,BANCO MERCANTIL SANTA CRUZ,11.64,1,499932.0
2026-08-13,2026-08-14,2026-08-14,BANCO BISA,11.65,16,1263909.0
2026-08-13,2026-08-14,2026-08-14,BANCO MERCANTIL SANTA CRUZ,11.65,1,600000.0
2026-08-13,2026-08-14,2026-08-14,BANCO NACIONAL DE BOLIVIA,11.65,19,251436.0
2026-08-13,2026-08-14,2026-08-14,BANCO BISA,11.66,14,4539378.0
2026-08-13,2026-08-14,2026-08-14,BANCO DE CRÉDITO,11.66,6,2863397.0
2026-08-13,2026-08-14,2026-08-14,BANCO FORTALEZA,11.66,6,7003.0
2026-08-13,2026-08-14,2026-08-14,BANCO GANADERO,11.66,50,974426.0
2026-08-13,2026-08-14,2026-08-14,BANCO MERCANTIL SANTA CRUZ,11.66,127,4425997.0
2026-08-13,2026-08-14,2026-08-14,BANCO NACIONAL DE BOLIVIA,11.66,1,1000000.0
2026-08-13,2026-08-14,2026-08-14,BANCO PYME DE LA COMUNIDAD,11.66,4,7001.0
2026-08-13,2026-08-14,2026-08-14,BANCO BISA,11.665,4,3049925.0
2026-08-13,2026-08-14,2026-08-14,BANCO FIE,11.67,1,15000.0
2026-08-13,2026-08-14,2026-08-14,BANCO BISA,11.68,1,1044436.0
2026-08-13,2026-08-14,2026-08-14,BANCO GANADERO,11.68,1,399975.0
2026-08-13,2026-08-14,2026-08-14,BANCO MERCANTIL SANTA CRUZ,11.695,1,259940.0
2026-08-13,2026-08-14,2026-08-14,BANCO MERCANTIL SANTA CRUZ,11.696,1,3000000.0
2026-08-13,2026-08-14,2026-08-14,BANCO DE CRÉDITO,11.7,1,1000000.0
2026-08-13,2026-08-14,2026-08-14,BANCO GANADERO,11.71,18,6159.0
2026-08-13,2026-08-14,2026-08-14,BANCO NACIONAL DE BOLIVIA,11.74,1,3483.0
2026-08-13,2026-08-14,2026-08-14,BANCO BISA,11.75,8,115057.0
2026-08-13,2026-08-14,2026-08-14,BANCO GANADERO,11.76,5,3.0
2026-08-13,2026-08-14,2026-08-14,BANCO MERCANTIL SANTA CRUZ,11.76,2,423200.0
2026-08-13,2026-08-14,2026-08-14,BANCO SOLIDARIO,11.76,1,63230.0
2026-08-13,2026-08-14,2026-08-14,BANCO GANADERO,11.77,6,2502.0
2026-08-13,2026-08-14,2026-08-14,BANCO DE CRÉDITO,11.79,1,5000.0
2026-08-13,2026-08-14,2026-08-14,BANCO GANADERO,11.86,11,6002.0
2026-08-13,2026-08-14,2026-08-14,BANCO BISA,11.9,4,13638.0
2026-08-13,2026-08-14,2026-08-14,BANCO DE CRÉDITO,11.99,1,712.0
2026-08-13,2026-08-14,2026-08-14,BANCO BISA,12.0,5,13048.0
2026-08-13,2026-08-14,2026-08-14,BANCO GANADERO,12.01,1,250.0
2026-08-13,2026-08-14,2026-08-14,BANCO GANADERO,12.13,3,708.0
2026-08-14,2026-08-15,2026-08-17,BANCO GANADERO,9.63,1,7531.0
2026-08-14,2026-08-15,2026-08-17,BANCO GANADERO,9.73,2,28389.0
2026-08-14,2026-08-15,2026-08-17,BANCO GANADERO,9.96,1,7208.0
2026-08-14,2026-08-15,2026-08-17,BANCO FORTALEZA,10.0,2,103.0
2026-08-14,2026-08-15,2026-08-17,BANCO GANADERO,10.0,83,17665.0
2026-08-14,2026-08-15,2026-08-17,BANCO UNION,10.5,24,10019.0
2026-08-14,2026-08-15,2026-08-17,BANCO NACIONAL DE BOLIVIA,10.55,1,1290.0
2026-08-14,2026-08-15,2026-08-17,BANCO SOLIDARIO,11.04,24,3621.0
2026-08-14,2026-08-15,2026-08-17,BANCO DE LA NACIÓN ARGENTINA,11.12,8,355.0
2026-08-14,2026-08-15,2026-08-17,BANCO MERCANTIL SANTA CRUZ,11.12,145,128091.0
2026-08-14,2026-08-15,2026-08-17,BANCO NACIONAL DE BOLIVIA,11.12,220,287711.0
2026-08-14,2026-08-15,2026-08-17,BANCO MERCANTIL SANTA CRUZ,11.13,1,0.0
2026-08-14,2026-08-15,2026-08-17,BANCO MERCANTIL SANTA CRUZ,11.2,1,0.0
2026-08-14,2026-08-15,2026-08-17,BANCO PYME ECOFUTURO,11.22,1,1.0
2026-08-14,2026-08-15,2026-08-17,BANCO ECONÓMICO,11.3,29,13280.0
2026-08-14,2026-08-15,2026-08-17,BANCO MERCANTIL SANTA CRUZ,11.3,1,18368.0
2026-08-14,2026-08-15,2026-08-17,BANCO MERCANTIL SANTA CRUZ,11.32,2,48160.0
2026-08-14,2026-08-15,2026-08-17,BANCO PRODEM,11.32,24,50458.0
2026-08-14,2026-08-15,2026-08-17,BANCO BISA,11.35,3,810.0
2026-08-14,2026-08-15,2026-08-17,BANCO DE LA NACIÓN ARGENTINA,11.35,1,8000.0
2026-08-14,2026-08-15,2026-08-17,BANCO ECONÓMICO,11.4,24,123969.0
2026-08-14,2026-08-15,2026-08-17,BANCO FORTALEZA,11.4,2,46015.0
2026-08-14,2026-08-15,2026-08-17,BANCO SOLIDARIO,11.4,1,139143.0
2026-08-14,2026-08-15,2026-08-17,BANCO BISA,11.42,38,61756.0
2026-08-14,2026-08-15,2026-08-17,BANCO DE CRÉDITO,11.42,306,31099.0
2026-08-14,2026-08-15,2026-08-17,BANCO FIE,11.42,26,81465.0
2026-08-14,2026-08-15,2026-08-17,BANCO MERCANTIL SANTA CRUZ,11.42,1,3850.0
2026-08-14,2026-08-15,2026-08-17,BANCO NACIONAL DE BOLIVIA,11.42,3,101534.0
2026-08-14,2026-08-15,2026-08-17,BANCO DE CRÉDITO,11.45,1,29950.0
2026-08-14,2026-08-15,2026-08-17,BANCO BISA,11.46,1,2058.0
2026-08-14,2026-08-15,2026-08-17,BANCO MERCANTIL SANTA CRUZ,11.47,2,139707.0
2026-08-14,2026-08-15,2026-08-17,BANCO SOLIDARIO,11.47,1,60008.0
2026-08-14,2026-08-15,2026-08-17,BANCO BISA,11.49,2,82363.0
2026-08-14,2026-08-15,2026-08-17,BANCO BISA,11.5,3,171303.0
2026-08-14,2026-08-15,2026-08-17,BANCO DE LA NACIÓN ARGENTINA,11.5,1,23220.0
2026-08-14,2026-08-15,2026-08-17,BANCO FORTALEZA,11.5,1,40000.0
2026-08-14,2026-08-15,2026-08-17,BANCO MERCANTIL SANTA CRUZ,11.5,1,39955.0
2026-08-14,2026-08-15,2026-08-17,BANCO SOLIDARIO,11.5,4,51695.0
2026-08-14,2026-08-15,2026-08-17,BANCO BISA,11.52,14,92833.0
2026-08-14,2026-08-15,2026-08-17,BANCO FORTALEZA,11.52,6,4844.0
2026-08-14,2026-08-15,2026-08-17,BANCO NACIONAL DE BOLIVIA,11.52,1,264985.0
2026-08-14,2026-08-15,2026-08-17,BANCO BISA,11.55,18,9187492.0
2026-08-14,2026-08-15,2026-08-17,BANCO DE CRÉDITO,11.55,2,699950.0
2026-08-14,2026-08-15,2026-08-17,BANCO ECONÓMICO,11.55,1,645000.0
2026-08-14,2026-08-15,2026-08-17,BANCO GANADERO,11.57,4,1254190.0
2026-08-14,2026-08-15,2026-08-17,BANCO MERCANTIL SANTA CRUZ,11.57,1,244888.0
2026-08-14,2026-08-15,2026-08-17,BANCO BISA,11.58,1,35000.0
2026-08-14,2026-08-15,2026-08-17,BANCO GANADERO,11.58,1,4085671.0
2026-08-14,2026-08-15,2026-08-17,BANCO GANADERO,11.59,3,1690172.0
2026-08-14,2026-08-15,2026-08-17,BANCO GANADERO,11.595,1,1000000.0
2026-08-14,2026-08-15,2026-08-17,BANCO BISA,11.6,4,977065.0
2026-08-14,2026-08-15,2026-08-17,BANCO DE CRÉDITO,11.6,3,609990.0
2026-08-14,2026-08-15,2026-08-17,BANCO FORTALEZA,11.6,1,150000.0
2026-08-14,2026-08-15,2026-08-17,BANCO GANADERO,11.6,1,46429.0
2026-08-14,2026-08-15,2026-08-17,BANCO MERCANTIL SANTA CRUZ,11.601,8,1394131.0
2026-08-14,2026-08-15,2026-08-17,BANCO BISA,11.61,1,571705.0
2026-08-14,2026-08-15,2026-08-17,BANCO MERCANTIL SANTA CRUZ,11.61,1,499935.0
2026-08-14,2026-08-15,2026-08-17,BANCO NACIONAL DE BOLIVIA,11.61,23,2391.0
2026-08-14,2026-08-15,2026-08-17,BANCO BISA,11.62,3,1499975.0
2026-08-14,2026-08-15,2026-08-17,BANCO DE LA NACIÓN ARGENTINA,11.62,1,500.0
2026-08-14,2026-08-15,2026-08-17,BANCO FORTALEZA,11.62,4,218.0
2026-08-14,2026-08-15,2026-08-17,BANCO GANADERO,11.62,45,1021974.0
2026-08-14,2026-08-15,2026-08-17,BANCO MERCANTIL SANTA CRUZ,11.62,7,3007500.0
2026-08-14,2026-08-15,2026-08-17,BANCO SOLIDARIO,11.62,1,40000.0
2026-08-14,2026-08-15,2026-08-17,BANCO GANADERO,11.635,1,2000000.0
2026-08-14,2026-08-15,2026-08-17,BANCO BISA,11.65,9,42450.0
2026-08-14,2026-08-15,2026-08-17,BANCO DE CRÉDITO,11.65,4,1519598.0
2026-08-14,2026-08-15,2026-08-17,BANCO FIE,11.65,1,1000000.0
2026-08-14,2026-08-15,2026-08-17,BANCO NACIONAL DE BOLIVIA,11.65,1,499980.0
2026-08-14,2026-08-15,2026-08-17,BANCO GANADERO,11.66,20,7314.0
2026-08-14,2026-08-15,2026-08-17,BANCO NACIONAL DE BOLIVIA,11.69,2,1875.0
2026-08-14,2026-08-15,2026-08-17,BANCO GANADERO,11.71,3,739.0
2026-08-14,2026-08-15,2026-08-17,BANCO DE CRÉDITO,11.72,1,150000.0
2026-08-14,2026-08-15,2026-08-17,BANCO FIE,11.72,1,4987.0
2026-08-14,2026-08-15,2026-08-17,BANCO GANADERO,11.72,1,1.0
2026-08-14,2026-08-15,2026-08-17,BANCO SOLIDARIO,11.72,1,76000.0
2026-08-14,2026-08-15,2026-08-17,BANCO UNION,11.72,1,49935.0
2026-08-14,2026-08-15,2026-08-17,BANCO BISA,11.75,12,67573.0
2026-08-14,2026-08-15,2026-08-17,BANCO GANADERO,11.86,3,351.0
2026-08-14,2026-08-15,2026-08-17,BANCO BISA,11.9,5,3119.0
2026-08-14,2026-08-15,2026-08-17,BANCO BISA,12.0,9,5166.0
2026-08-17,2026-08-18,2026-08-18,BANCO GANADERO,9.63,1,16674.0
2026-08-17,2026-08-18,2026-08-18,BANCO GANADERO,9.73,1,60247.0
2026-08-17,2026-08-18,2026-08-18,BANCO GANADERO,9.96,1,12888.0
2026-08-17,2026-08-18,2026-08-18,BANCO GANADERO,10.0,75,22534.0
2026-08-17,2026-08-18,2026-08-18,BANCO UNION,10.16,1,16.0
2026-08-17,2026-08-18,2026-08-18,BANCO UNION,10.5,27,58735.0
2026-08-17,2026-08-18,2026-08-18,BANCO GANADERO,10.7,1,7237.0
2026-08-17,2026-08-18,2026-08-18,BANCO SOLIDARIO,11.0,34,6925.0
2026-08-17,2026-08-18,2026-08-18,BANCO NACIONAL DE BOLIVIA,11.02,1,52.0
2026-08-17,2026-08-18,2026-08-18,BANCO NACIONAL DE BOLIVIA,11.078,2,0.0
2026-08-17,2026-08-18,2026-08-18,BANCO DE LA NACIÓN ARGENTINA,11.08,29,2332.0
2026-08-17,2026-08-18,2026-08-18,BANCO MERCANTIL SANTA CRUZ,11.08,145,242554.0
2026-08-17,2026-08-18,2026-08-18,BANCO NACIONAL DE BOLIVIA,11.08,225,342029.0
2026-08-17,2026-08-18,2026-08-18,BANCO MERCANTIL SANTA CRUZ,11.09,2,1.0
2026-08-17,2026-08-18,2026-08-18,BANCO NACIONAL DE BOLIVIA,11.1,2,0.0
2026-08-17,2026-08-18,2026-08-18,BANCO NACIONAL DE BOLIVIA,11.11,1,2000.0
2026-08-17,2026-08-18,2026-08-18,BANCO DE CRÉDITO,11.18,37,84625.0
2026-08-17,2026-08-18,2026-08-18,BANCO MERCANTIL SANTA CRUZ,11.18,1,2000.0
2026-08-17,2026-08-18,2026-08-18,BANCO PYME DE LA COMUNIDAD,11.18,1,50.0
2026-08-17,2026-08-18,2026-08-18,BANCO PYME ECOFUTURO,11.18,3,251.0
2026-08-17,2026-08-18,2026-08-18,BANCO SOLIDARIO,11.2,3,1992.0
2026-08-17,2026-08-18,2026-08-18,BANCO ECONÓMICO,11.25,51,33063.0
2026-08-17,2026-08-18,2026-08-18,BANCO PRODEM,11.28,24,6305.0
2026-08-17,2026-08-18,2026-08-18,BANCO BISA,11.38,24,60167.0
2026-08-17,2026-08-18,2026-08-18,BANCO DE CRÉDITO,11.38,319,28718.0
2026-08-17,2026-08-18,2026-08-18,BANCO FIE,11.38,29,72087.0
2026-08-17,2026-08-18,2026-08-18,BANCO NACIONAL DE BOLIVIA,11.38,3,58432.0
2026-08-17,2026-08-18,2026-08-18,BANCO BISA,11.4,1,10000.0
2026-08-17,2026-08-18,2026-08-18,BANCO FORTALEZA,11.4,1,19930.0
2026-08-17,2026-08-18,2026-08-18,BANCO BISA,11.42,1,100.0
2026-08-17,2026-08-18,2026-08-18,BANCO BISA,11.45,4,2421.0
2026-08-17,2026-08-18,2026-08-18,BANCO DE CRÉDITO,11.45,2,120210.0
2026-08-17,2026-08-18,2026-08-18,BANCO BISA,11.47,1,27440.0
2026-08-17,2026-08-18,2026-08-18,BANCO SOLIDARIO,11.47,1,98144.0
2026-08-17,2026-08-18,2026-08-18,BANCO BISA,11.48,10,45124.0
2026-08-17,2026-08-18,2026-08-18,BANCO FORTALEZA,11.48,3,10266.0
2026-08-17,2026-08-18,2026-08-18,BANCO NACIONAL DE BOLIVIA,11.48,1,32112.0
2026-08-17,2026-08-18,2026-08-18,BANCO BISA,11.5,4,534865.0
2026-08-17,2026-08-18,2026-08-18,BANCO DE CRÉDITO,11.5,2,40026.0
2026-08-17,2026-08-18,2026-08-18,BANCO ECONÓMICO,11.5,1,299990.0
2026-08-17,2026-08-18,2026-08-18,BANCO NACIONAL DE BOLIVIA,11.5,2,497500.0
2026-08-17,2026-08-18,2026-08-18,BANCO SOLIDARIO,11.5,1,49975.0
2026-08-17,2026-08-18,2026-08-18,BANCO BISA,11.52,1,49875.0
2026-08-17,2026-08-18,2026-08-18,BANCO FIE,11.52,1,90000.0
2026-08-17,2026-08-18,2026-08-18,BANCO GANADERO,11.52,1,99980.0
2026-08-17,2026-08-18,2026-08-18,BANCO NACIONAL DE BOLIVIA,11.53,1,12882.0
2026-08-17,2026-08-18,2026-08-18,BANCO BISA,11.54,1,16216.0
2026-08-17,2026-08-18,2026-08-18,BANCO BISA,11.55,2,600000.0
2026-08-17,2026-08-18,2026-08-18,BANCO DE CRÉDITO,11.55,2,239292.0
2026-08-17,2026-08-18,2026-08-18,BANCO GANADERO,11.55,3,1186783.0
2026-08-17,2026-08-18,2026-08-18,BANCO NACIONAL DE BOLIVIA,11.55,1,500000.0
2026-08-17,2026-08-18,2026-08-18,BANCO SOLIDARIO,11.55,1,83505.0
2026-08-17,2026-08-18,2026-08-18,BANCO BISA,11.56,7,1649408.0
2026-08-17,2026-08-18,2026-08-18,BANCO GANADERO,11.56,15,75692.0
2026-08-17,2026-08-18,2026-08-18,BANCO BISA,11.565,1,699975.0
2026-08-17,2026-08-18,2026-08-18,BANCO GANADERO,11.5656,1,7299936.0
2026-08-17,2026-08-18,2026-08-18,BANCO BISA,11.57,5,1801758.0
2026-08-17,2026-08-18,2026-08-18,BANCO FIE,11.57,1,78000.0
2026-08-17,2026-08-18,2026-08-18,BANCO GANADERO,11.57,4,1563297.0
2026-08-17,2026-08-18,2026-08-18,BANCO MERCANTIL SANTA CRUZ,11.57,2,238450.0
2026-08-17,2026-08-18,2026-08-18,BANCO NACIONAL DE BOLIVIA,11.57,14,324.0
2026-08-17,2026-08-18,2026-08-18,BANCO NACIONAL DE BOLIVIA,11.575,1,863297.0
2026-08-17,2026-08-18,2026-08-18,BANCO BISA,11.58,1,1.0
2026-08-17,2026-08-18,2026-08-18,BANCO DE CRÉDITO,11.58,3,266836.0
2026-08-17,2026-08-18,2026-08-18,BANCO FORTALEZA,11.58,2,20.0
2026-08-17,2026-08-18,2026-08-18,BANCO GANADERO,11.58,48,945069.0
2026-08-17,2026-08-18,2026-08-18,BANCO MERCANTIL SANTA CRUZ,11.58,1,1.0
2026-08-17,2026-08-18,2026-08-18,BANCO NACIONAL DE BOLIVIA,11.58,1,15000.0
2026-08-17,2026-08-18,2026-08-18,BANCO PYME DE LA COMUNIDAD,11.58,1,197.0
2026-08-17,2026-08-18,2026-08-18,BANCO SOLIDARIO,11.58,1,49887.0
2026-08-17,2026-08-18,2026-08-18,BANCO BISA,11.585,1,1000000.0
2026-08-17,2026-08-18,2026-08-18,BANCO FORTALEZA,11.6,1,305258.0
2026-08-17,2026-08-18,2026-08-18,BANCO GANADERO,11.6,1,1000000.0
2026-08-17,2026-08-18,2026-08-18,BANCO MERCANTIL SANTA CRUZ,11.6,1,1000000.0
2026-08-17,2026-08-18,2026-08-18,BANCO NACIONAL DE BOLIVIA,11.6,1,87444.0
2026-08-17,2026-08-18,2026-08-18,BANCO DE CRÉDITO,11.62,1,31919.0
2026-08-17,2026-08-18,2026-08-18,BANCO GANADERO,11.62,7,2934.0
2026-08-17,2026-08-18,2026-08-18,BANCO MERCANTIL SANTA CRUZ,11.62,1,2092696.0
2026-08-17,2026-08-18,2026-08-18,BANCO DE CRÉDITO,11.64,1,1500000.0
2026-08-17,2026-08-18,2026-08-18,BANCO GANADERO,11.64,1,349975.0
2026-08-17,2026-08-18,2026-08-18,BANCO NACIONAL DE BOLIVIA,11.65,3,20258.0
2026-08-17,2026-08-18,2026-08-18,BANCO GANADERO,11.66,5,1576.0
2026-08-17,2026-08-18,2026-08-18,BANCO MERCANTIL SANTA CRUZ,11.68,9,216200.0
2026-08-17,2026-08-18,2026-08-18,BANCO SOLIDARIO,11.68,2,322709.0
2026-08-17,2026-08-18,2026-08-18,BANCO DE CRÉDITO,11.7,2,7056.0
2026-08-17,2026-08-18,2026-08-18,BANCO GANADERO,11.77,1,221.0
2026-08-17,2026-08-18,2026-08-18,BANCO DE CRÉDITO,11.79,2,5020.0
2026-08-17,2026-08-18,2026-08-18,BANCO GANADERO,12.15,1,82.0
2026-08-18,2026-08-19,2026-08-19,BANCO GANADERO,9.73,1,14095.0
2026-08-18,2026-08-19,2026-08-19,BANCO GANADERO,10.0,50,26616.0
2026-08-18,2026-08-19,2026-08-19,BANCO UNION,10.5,37,61103.0
2026-08-18,2026-08-19,2026-08-19,BANCO GANADERO,10.83,1,65000.0
2026-08-18,2026-08-19,2026-08-19,BANCO SOLIDARIO,10.97,26,13561.0
2026-08-18,2026-08-19,2026-08-19,BANCO FORTALEZA,11.0,1,14.0
2026-08-18,2026-08-19,2026-08-19,BANCO DE LA NACIÓN ARGENTINA,11.05,9,2763.0
2026-08-18,2026-08-19,2026-08-19,BANCO MERCANTIL SANTA CRUZ,11.05,152,377936.0
2026-08-18,2026-08-19,2026-08-19,BANCO NACIONAL DE BOLIVIA,11.05,55,24511.0
2026-08-18,2026-08-19,2026-08-19,BANCO MERCANTIL SANTA CRUZ,11.06,1,1.0
2026-08-18,2026-08-19,2026-08-19,BANCO MERCANTIL SANTA CRUZ,11.07,1,10000.0
2026-08-18,2026-08-19,2026-08-19,BANCO NACIONAL DE BOLIVIA,11.08,1,1000.0
2026-08-18,2026-08-19,2026-08-19,BANCO DE CRÉDITO,11.15,18,138906.0
2026-08-18,2026-08-19,2026-08-19,BANCO NACIONAL DE BOLIVIA,11.15,1,3013.0
2026-08-18,2026-08-19,2026-08-19,BANCO PYME DE LA COMUNIDAD,11.15,2,1940.0
2026-08-18,2026-08-19,2026-08-19,BANCO PYME ECOFUTURO,11.15,3,2551.0
2026-08-18,2026-08-19,2026-08-19,BANCO ECONÓMICO,11.25,1,67.0
2026-08-18,2026-08-19,2026-08-19,BANCO PRODEM,11.25,12,12065.0
2026-08-18,2026-08-19,2026-08-19,BANCO ECONÓMICO,11.3,37,123685.0
2026-08-18,2026-08-19,2026-08-19,BANCO BISA,11.35,30,104585.0
2026-08-18,2026-08-19,2026-08-19,BANCO FIE,11.35,15,38732.0
2026-08-18,2026-08-19,2026-08-19,BANCO MERCANTIL SANTA CRUZ,11.35,3,7800.0
2026-08-18,2026-08-19,2026-08-19,BANCO NACIONAL DE BOLIVIA,11.35,107,96423.0
2026-08-18,2026-08-19,2026-08-19,BANCO BISA,11.38,2,10244.0
2026-08-18,2026-08-19,2026-08-19,BANCO SOLIDARIO,11.4,1,49960.0
2026-08-18,2026-08-19,2026-08-19,BANCO BISA,11.435,1,52755.0
2026-08-18,2026-08-19,2026-08-19,BANCO BISA,11.45,18,158666.0
2026-08-18,2026-08-19,2026-08-19,BANCO ECONÓMICO,11.45,1,29981.0
2026-08-18,2026-08-19,2026-08-19,BANCO FORTALEZA,11.45,2,4465.0
2026-08-18,2026-08-19,2026-08-19,BANCO MERCANTIL SANTA CRUZ,11.45,1,14750.0
2026-08-18,2026-08-19,2026-08-19,BANCO NACIONAL DE BOLIVIA,11.45,2,306795.0
2026-08-18,2026-08-19,2026-08-19,BANCO BISA,11.48,1,2048.0
2026-08-18,2026-08-19,2026-08-19,BANCO BISA,11.49,1,9981.0
2026-08-18,2026-08-19,2026-08-19,BANCO BISA,11.5,2,58821.0
2026-08-18,2026-08-19,2026-08-19,BANCO DE CRÉDITO,11.5,13,46421.0
2026-08-18,2026-08-19,2026-08-19,BANCO ECONÓMICO,11.5,1,199975.0
2026-08-18,2026-08-19,2026-08-19,BANCO FIE,11.5,2,9855.0
2026-08-18,2026-08-19,2026-08-19,BANCO SOLIDARIO,11.5,2,124970.0
2026-08-18,2026-08-19,2026-08-19,BANCO BISA,11.51,3,910000.0
2026-08-18,2026-08-19,2026-08-19,BANCO BISA,11.515,2,50049980.0
2026-08-18,2026-08-19,2026-08-19,BANCO DE CRÉDITO,11.52,2,414981.0
2026-08-18,2026-08-19,2026-08-19,BANCO GANADERO,11.52,1,271982.0
2026-08-18,2026-08-19,2026-08-19,BANCO SOLIDARIO,11.52,1,3003178.0
2026-08-18,2026-08-19,2026-08-19,BANCO NACIONAL DE BOLIVIA,11.525,1,87240.0
2026-08-18,2026-08-19,2026-08-19,BANCO DE CRÉDITO,11.53,1,79084.0
2026-08-18,2026-08-19,2026-08-19,BANCO GANADERO,11.53,32,465407.0
2026-08-18,2026-08-19,2026-08-19,BANCO NACIONAL DE BOLIVIA,11.53,1,1404365.0
2026-08-18,2026-08-19,2026-08-19,BANCO GANADERO,11.54,1,152017.0
2026-08-18,2026-08-19,2026-08-19,BANCO MERCANTIL SANTA CRUZ,11.54,2,948012.0
2026-08-18,2026-08-19,2026-08-19,BANCO NACIONAL DE BOLIVIA,11.54,22,1580.0
2026-08-18,2026-08-19,2026-08-19,BANCO BISA,11.55,10,47762.0
2026-08-18,2026-08-19,2026-08-19,BANCO DE CRÉDITO,11.55,272,536910.0
2026-08-18,2026-08-19,2026-08-19,BANCO ECONÓMICO,11.55,1,50000.0
2026-08-18,2026-08-19,2026-08-19,BANCO FORTALEZA,11.55,5,120202.0
2026-08-18,2026-08-19,2026-08-19,BANCO GANADERO,11.55,57,688067.0
2026-08-18,2026-08-19,2026-08-19,BANCO MERCANTIL SANTA CRUZ,11.55,3,2147.0
2026-08-18,2026-08-19,2026-08-19,BANCO NACIONAL DE BOLIVIA,11.55,4,45206.0
2026-08-18,2026-08-19,2026-08-19,BANCO SOLIDARIO,11.55,4,194776.0
2026-08-18,2026-08-19,2026-08-19,BANCO GANADERO,11.554,2,3000000.0
2026-08-18,2026-08-19,2026-08-19,BANCO MERCANTIL SANTA CRUZ,11.555,1,499940.0
2026-08-18,2026-08-19,2026-08-19,BANCO GANADERO,11.57,2,1103050.0
2026-08-18,2026-08-19,2026-08-19,BANCO MERCANTIL SANTA CRUZ,11.575,1,1999949.0
2026-08-18,2026-08-19,2026-08-19,BANCO GANADERO,11.58,12,5661.0
2026-08-18,2026-08-19,2026-08-19,BANCO GANADERO,11.59,1,499975.0
2026-08-18,2026-08-19,2026-08-19,BANCO DE CRÉDITO,11.6,1,300000.0
2026-08-18,2026-08-19,2026-08-19,BANCO GANADERO,11.62,1,999.0
2026-08-18,2026-08-19,2026-08-19,BANCO BISA,11.65,7,6315.0
2026-08-18,2026-08-19,2026-08-19,BANCO GANADERO,11.65,3,4.0
2026-08-18,2026-08-19,2026-08-19,BANCO MERCANTIL SANTA CRUZ,11.65,2,300400.0
2026-08-18,2026-08-19,2026-08-19,BANCO GANADERO,11.66,2,122.0
2026-08-18,2026-08-19,2026-08-19,BANCO NACIONAL DE BOLIVIA,11.67,3,28640.0
2026-08-18,2026-08-19,2026-08-19,BANCO NACIONAL DE BOLIVIA,11.68,1,3425.0
2026-08-18,2026-08-19,2026-08-19,BANCO DE CRÉDITO,11.7,6,513.0
2026-08-18,2026-08-19,2026-08-19,BANCO GANADERO,11.71,1,85.0
2026-08-18,2026-08-19,2026-08-19,BANCO BISA,11.75,7,18808.0
2026-08-18,2026-08-19,2026-08-19,BANCO GANADERO,11.86,1,126.0
2026-08-18,2026-08-19,2026-08-19,BANCO BISA,11.9,2,575.0
2026-08-18,2026-08-19,2026-08-19,BANCO BISA,12.0,7,6231.0
2026-08-18,2026-08-19,2026-08-19,BANCO DE CRÉDITO,12.39,1,5415.0
2026-08-19,2026-08-20,2026-08-20,BANCO GANADERO,9.63,1,9216.0
2026-08-19,2026-08-20,2026-08-20,BANCO GANADERO,9.73,1,36214.0
2026-08-19,2026-08-20,2026-08-20,BANCO GANADERO,9.96,2,6861.0
2026-08-19,2026-08-20,2026-08-20,BANCO GANADERO,10.0,47,4254.0
2026-08-19,2026-08-20,2026-08-20,BANCO UNION,10.5,18,446.0
2026-08-19,2026-08-20,2026-08-20,BANCO GANADERO,10.7,2,655.0
2026-08-19,2026-08-20,2026-08-20,BANCO SOLIDARIO,10.94,31,6728.0
2026-08-19,2026-08-20,2026-08-20,BANCO MERCANTIL SANTA CRUZ,11.0,3,0.0
2026-08-19,2026-08-20,2026-08-20,BANCO MERCANTIL SANTA CRUZ,11.01,2,4.0
2026-08-19,2026-08-20,2026-08-20,BANCO DE LA NACIÓN ARGENTINA,11.02,10,1711.0
2026-08-19,2026-08-20,2026-08-20,BANCO MERCANTIL SANTA CRUZ,11.02,151,141564.0
2026-08-19,2026-08-20,2026-08-20,BANCO NACIONAL DE BOLIVIA,11.02,1,131.0
2026-08-19,2026-08-20,2026-08-20,BANCO MERCANTIL SANTA CRUZ,11.03,1,0.0
2026-08-19,2026-08-20,2026-08-20,BANCO DE CRÉDITO,11.12,18,52095.0
2026-08-19,2026-08-20,2026-08-20,BANCO PYME DE LA COMUNIDAD,11.12,3,10000.0
2026-08-19,2026-08-20,2026-08-20,BANCO PYME ECOFUTURO,11.12,2,180.0
2026-08-19,2026-08-20,2026-08-20,BANCO DE CRÉDITO,11.15,1,18000.0
2026-08-19,2026-08-20,2026-08-20,BANCO BISA,11.22,1,3000.0
2026-08-19,2026-08-20,2026-08-20,BANCO PRODEM,11.22,15,4698.0
2026-08-19,2026-08-20,2026-08-20,BANCO BISA,11.32,44,84279.0
2026-08-19,2026-08-20,2026-08-20,BANCO ECONÓMICO,11.32,26,19716.0
2026-08-19,2026-08-20,2026-08-20,BANCO FIE,11.32,27,7267.0
2026-08-19,2026-08-20,2026-08-20,BANCO GANADERO,11.32,1,16884.0
2026-08-19,2026-08-20,2026-08-20,BANCO MERCANTIL SANTA CRUZ,11.32,3,139431.0
2026-08-19,2026-08-20,2026-08-20,BANCO NACIONAL DE BOLIVIA,11.32,199,261107.0
2026-08-19,2026-08-20,2026-08-20,BANCO NACIONAL DE BOLIVIA,11.333,1,0.0
2026-08-19,2026-08-20,2026-08-20,BANCO BISA,11.35,1,161.0
2026-08-19,2026-08-20,2026-08-20,BANCO BISA,11.4,6,6408.0
2026-08-19,2026-08-20,2026-08-20,BANCO DE LA NACIÓN ARGENTINA,11.4,2,15425.0
2026-08-19,2026-08-20,2026-08-20,BANCO FORTALEZA,11.4,1,29000.0
2026-08-19,2026-08-20,2026-08-20,BANCO SOLIDARIO,11.4,3,65163.0
2026-08-19,2026-08-20,2026-08-20,BANCO BISA,11.42,6,22659.0
2026-08-19,2026-08-20,2026-08-20,BANCO FORTALEZA,11.42,6,9290.0
2026-08-19,2026-08-20,2026-08-20,BANCO MERCANTIL SANTA CRUZ,11.42,2,58135.0
2026-08-19,2026-08-20,2026-08-20,BANCO SOLIDARIO,11.42,1,49960.0
2026-08-19,2026-08-20,2026-08-20,BANCO BISA,11.45,11,81379.0
2026-08-19,2026-08-20,2026-08-20,BANCO DE CRÉDITO,11.45,2,152917.0
2026-08-19,2026-08-20,2026-08-20,BANCO NACIONAL DE BOLIVIA,11.45,1,20000.0
2026-08-19,2026-08-20,2026-08-20,BANCO BISA,11.46,2,59950.0
2026-08-19,2026-08-20,2026-08-20,BANCO UNION,11.47,1,79923.0
2026-08-19,2026-08-20,2026-08-20,BANCO BISA,11.48,3,56077.0
2026-08-19,2026-08-20,2026-08-20,BANCO DE CRÉDITO,11.48,3,709810.0
2026-08-19,2026-08-20,2026-08-20,BANCO BISA,11.485,1,525000.0
2026-08-19,2026-08-20,2026-08-20,BANCO BISA,11.49,6,291286.0
2026-08-19,2026-08-20,2026-08-20,BANCO SOLIDARIO,11.49,1,109853.0
2026-08-19,2026-08-20,2026-08-20,BANCO BISA,11.5,9,728708.0
2026-08-19,2026-08-20,2026-08-20,BANCO DE CRÉDITO,11.5,3,315965.0
2026-08-19,2026-08-20,2026-08-20,BANCO ECONÓMICO,11.5,2,350000.0
2026-08-19,2026-08-20,2026-08-20,BANCO GANADERO,11.5,23,51137.0
2026-08-19,2026-08-20,2026-08-20,BANCO MERCANTIL SANTA CRUZ,11.5,1,199940.0
2026-08-19,2026-08-20,2026-08-20,BANCO SOLIDARIO,11.5,4,161108.0
2026-08-19,2026-08-20,2026-08-20,BANCO BISA,11.51,5,3720635.0
2026-08-19,2026-08-20,2026-08-20,BANCO MERCANTIL SANTA CRUZ,11.51,2,6991749.0
2026-08-19,2026-08-20,2026-08-20,BANCO NACIONAL DE BOLIVIA,11.51,24,777.0
2026-08-19,2026-08-20,2026-08-20,BANCO BISA,11.515,2,6172808.0
2026-08-19,2026-08-20,2026-08-20,BANCO BISA,11.52,2,1014133.0
2026-08-19,2026-08-20,2026-08-20,BANCO DE CRÉDITO,11.52,301,21885.0
2026-08-19,2026-08-20,2026-08-20,BANCO FIE,11.52,1,209905.0
2026-08-19,2026-08-20,2026-08-20,BANCO GANADERO,11.52,45,835348.0
2026-08-19,2026-08-20,2026-08-20,BANCO MERCANTIL SANTA CRUZ,11.52,1,820.0
2026-08-19,2026-08-20,2026-08-20,BANCO NACIONAL DE BOLIVIA,11.52,1,1430.0
2026-08-19,2026-08-20,2026-08-20,BANCO SOLIDARIO,11.52,1,5378.0
2026-08-19,2026-08-20,2026-08-20,BANCO MERCANTIL SANTA CRUZ,11.53,1,100000.0
2026-08-19,2026-08-20,2026-08-20,BANCO BISA,11.55,6,22186.0
2026-08-19,2026-08-20,2026-08-20,BANCO ECONÓMICO,11.55,2,620584.0
2026-08-19,2026-08-20,2026-08-20,BANCO FORTALEZA,11.55,1,699975.0
2026-08-19,2026-08-20,2026-08-20,BANCO GANADERO,11.55,2,381907.0
2026-08-19,2026-08-20,2026-08-20,BANCO SOLIDARIO,11.55,1,499980.0
2026-08-19,2026-08-20,2026-08-20,BANCO MERCANTIL SANTA CRUZ,11.555,2,2000000.0
2026-08-19,2026-08-20,2026-08-20,BANCO GANADERO,11.56,3,1152688.0
2026-08-19,2026-08-20,2026-08-20,BANCO GANADERO,11.57,2,1675297.0
2026-08-19,2026-08-20,2026-08-20,BANCO GANADERO,11.58,5,1513.0
2026-08-19,2026-08-20,2026-08-20,BANCO DE CRÉDITO,11.6,1,849705.0
2026-08-19,2026-08-20,2026-08-20,BANCO MERCANTIL SANTA CRUZ,11.605,1,2280126.0
2026-08-19,2026-08-20,2026-08-20,BANCO DE CRÉDITO,11.62,1,4.0
2026-08-19,2026-08-20,2026-08-20,BANCO MERCANTIL SANTA CRUZ,11.62,2,8100.0
2026-08-19,2026-08-20,2026-08-20,BANCO NACIONAL DE BOLIVIA,11.64,5,16065.0
2026-08-19,2026-08-20,2026-08-20,BANCO BISA,11.65,5,2537.0
2026-08-19,2026-08-20,2026-08-20,BANCO GANADERO,11.66,1,34.0
2026-08-19,2026-08-20,2026-08-20,BANCO DE CRÉDITO,11.68,1,5500.0
2026-08-19,2026-08-20,2026-08-20,BANCO NACIONAL DE BOLIVIA,11.68,3,10337.0
2026-08-19,2026-08-20,2026-08-20,BANCO GANADERO,11.71,3,160.0
2026-08-19,2026-08-20,2026-08-20,BANCO BISA,11.75,8,13114.0
2026-08-19,2026-08-20,2026-08-20,BANCO DE CRÉDITO,11.79,1,5000.0
2026-08-19,2026-08-20,2026-08-20,BANCO GANADERO,11.86,1,76.0
2026-08-19,2026-08-20,2026-08-20,BANCO BISA,11.9,2,279.0
2026-08-19,2026-08-20,2026-08-20,BANCO BISA,12.0,4,3758.0
2026-08-20,2026-08-21,2026-08-21,BANCO GANADERO,9.63,1,16394.0
2026-08-20,2026-08-21,2026-08-21,BANCO GANADERO,9.73,1,33998.0
2026-08-20,2026-08-21,2026-08-21,BANCO GANADERO,9.96,1,4996.0
2026-08-20,2026-08-21,2026-08-21,BANCO FORTALEZA,10.0,1,198.0
2026-08-20,2026-08-21,2026-08-21,BANCO GANADERO,10.0,40,11031.0
2026-08-20,2026-08-21,2026-08-21,BANCO FORTALEZA,10.5,1,21.0
2026-08-20,2026-08-21,2026-08-21,BANCO UNION,10.5,26,1896.0
2026-08-20,2026-08-21,2026-08-21,BANCO SOLIDARIO,10.94,17,4939.0
2026-08-20,2026-08-21,2026-08-21,BANCO MERCANTIL SANTA CRUZ,11.01,4,3.0
2026-08-20,2026-08-21,2026-08-21,BANCO DE LA NACIÓN ARGENTINA,11.02,14,1321.0
2026-08-20,2026-08-21,2026-08-21,BANCO MERCANTIL SANTA CRUZ,11.02,156,280315.0
2026-08-20,2026-08-21,2026-08-21,BANCO DE CREDITO,11.12,15,49333.0
2026-08-20,2026-08-21,2026-08-21,BANCO PYME DE LA COMUNIDAD,11.12,5,1104.0
2026-08-20,2026-08-21,2026-08-21,BANCO SOLIDARIO,11.2,1,105.0
2026-08-20,2026-08-21,2026-08-21,BANCO BISA,11.22,1,200.0
2026-08-20,2026-08-21,2026-08-21,BANCO PRODEM,11.22,18,13867.0
2026-08-20,2026-08-21,2026-08-21,BANCO NACIONAL DE BOLIVIA,11.294,1,0.0
2026-08-20,2026-08-21,2026-08-21,BANCO DE CREDITO,11.3,1,7057.0
2026-08-20,2026-08-21,2026-08-21,BANCO BISA,11.32,30,146724.0
2026-08-20,2026-08-21,2026-08-21,BANCO DE CREDITO,11.32,1,19140.0
2026-08-20,2026-08-21,2026-08-21,BANCO FIE,11.32,20,14575.0
2026-08-20,2026-08-21,2026-08-21,BANCO NACIONAL DE BOLIVIA,11.32,212,379645.0
2026-08-20,2026-08-21,2026-08-21,BANCO NACIONAL DE BOLIVIA,11.323,1,1.0
2026-08-20,2026-08-21,2026-08-21,BANCO NACIONAL DE BOLIVIA,11.33,1,5900.0
2026-08-20,2026-08-21,2026-08-21,BANCO BISA,11.35,2,537.0
2026-08-20,2026-08-21,2026-08-21,BANCO BISA,11.4,10,31047.0
2026-08-20,2026-08-21,2026-08-21,BANCO DE LA NACIÓN ARGENTINA,11.4,1,30000.0
2026-08-20,2026-08-21,2026-08-21,BANCO NACIONAL DE BOLIVIA,11.4,3,186177.0
2026-08-20,2026-08-21,2026-08-21,BANCO BISA,11.42,3,38146.0
2026-08-20,2026-08-21,2026-08-21,BANCO ECONOMICO,11.42,40,21711.0
2026-08-20,2026-08-21,2026-08-21,BANCO MERCANTIL SANTA CRUZ,11.42,3,1302630.0
2026-08-20,2026-08-21,2026-08-21,BANCO NACIONAL DE BOLIVIA,11.42,1,23000.0
2026-08-20,2026-08-21,2026-08-21,BANCO NACIONAL DE BOLIVIA,11.44,1,55031.0
2026-08-20,2026-08-21,2026-08-21,BANCO BISA,11.45,8,34484.0
2026-08-20,2026-08-21,2026-08-21,BANCO GANADERO,11.45,1,30000.0
2026-08-20,2026-08-21,2026-08-21,BANCO FORTALEZA,11.47,1,97535.0
2026-08-20,2026-08-21,2026-08-21,BANCO UNION,11.47,1,85235.0
2026-08-20,2026-08-21,2026-08-21,BANCO BISA,11.48,2,104616.0
2026-08-20,2026-08-21,2026-08-21,BANCO DE CREDITO,11.48,4,68323.0
2026-08-20,2026-08-21,2026-08-21,BANCO NACIONAL DE BOLIVIA,11.48,1,34929.0
2026-08-20,2026-08-21,2026-08-21,BANCO BISA,11.5,6,226242.0
2026-08-20,2026-08-21,2026-08-21,BANCO DE CREDITO,11.5,9,1061954.0
2026-08-20,2026-08-21,2026-08-21,BANCO GANADERO,11.5,24,73673.0
2026-08-20,2026-08-21,2026-08-21,BANCO SOLIDARIO,11.5,2,66305.0
2026-08-20,2026-08-21,2026-08-21,BANCO BISA,11.505,1,50000.0
2026-08-20,2026-08-21,2026-08-21,BANCO BISA,11.51,3,553418.0
2026-08-20,2026-08-21,2026-08-21,BANCO DE CREDITO,11.51,1,61236.0
2026-08-20,2026-08-21,2026-08-21,BANCO MERCANTIL SANTA CRUZ,11.51,3,1679540.0
2026-08-20,2026-08-21,2026-08-21,BANCO NACIONAL DE BOLIVIA,11.51,17,37565.0
2026-08-20,2026-08-21,2026-08-21,BANCO MERCANTIL SANTA CRUZ,11.511,1,129572.0
2026-08-20,2026-08-21,2026-08-21,BANCO BISA,11.52,4,1348693.0
2026-08-20,2026-08-21,2026-08-21,BANCO DE CREDITO,11.52,306,26562.0
2026-08-20,2026-08-21,2026-08-21,BANCO DE LA NACIÓN ARGENTINA,11.52,1,89000.0
2026-08-20,2026-08-21,2026-08-21,BANCO ECONOMICO,11.52,2,23309.0
2026-08-20,2026-08-21,2026-08-21,BANCO FORTALEZA,11.52,6,332.0
2026-08-20,2026-08-21,2026-08-21,BANCO GANADERO,11.52,52,3040333.0
2026-08-20,2026-08-21,2026-08-21,BANCO MERCANTIL SANTA CRUZ,11.52,2,75000.0
2026-08-20,2026-08-21,2026-08-21,BANCO NACIONAL DE BOLIVIA,11.52,6,816359.0
2026-08-20,2026-08-21,2026-08-21,BANCO SOLIDARIO,11.52,4,211195.0
2026-08-20,2026-08-21,2026-08-21,BANCO BISA,11.525,2,3536205.0
2026-08-20,2026-08-21,2026-08-21,BANCO GANADERO,11.525,1,100000.0
2026-08-20,2026-08-21,2026-08-21,BANCO NACIONAL DE BOLIVIA,11.525,1,999980.0
2026-08-20,2026-08-21,2026-08-21,BANCO BISA,11.53,1,1350395.0
2026-08-20,2026-08-21,2026-08-21,BANCO ECONOMICO,11.53,1,152521.0
2026-08-20,2026-08-21,2026-08-21,BANCO GANADERO,11.53,1,216716.0
2026-08-20,2026-08-21,2026-08-21,BANCO NACIONAL DE BOLIVIA,11.53,3,1999975.0
2026-08-20,2026-08-21,2026-08-21,BANCO BISA,11.54,1,500000.0
2026-08-20,2026-08-21,2026-08-21,BANCO DE CREDITO,11.54,4,729780.0
2026-08-20,2026-08-21,2026-08-21,BANCO ECONOMICO,11.54,1,500000.0
2026-08-20,2026-08-21,2026-08-21,BANCO GANADERO,11.54,3,3100000.0
2026-08-20,2026-08-21,2026-08-21,BANCO MERCANTIL SANTA CRUZ,11.54,1,13140.0
2026-08-20,2026-08-21,2026-08-21,BANCO NACIONAL DE BOLIVIA,11.54,1,499975.0
2026-08-20,2026-08-21,2026-08-21,BANCO BISA,11.55,4,6783.0
2026-08-20,2026-08-21,2026-08-21,BANCO DE CREDITO,11.55,1,500000.0
2026-08-20,2026-08-21,2026-08-21,BANCO ECONOMICO,11.55,1,100000.0
2026-08-20,2026-08-21,2026-08-21,BANCO GANADERO,11.55,10,453951.0
2026-08-20,2026-08-21,2026-08-21,BANCO DE CREDITO,11.56,1,1000000.0
2026-08-20,2026-08-21,2026-08-21,BANCO GANADERO,11.56,1,351109.0
2026-08-20,2026-08-21,2026-08-21,BANCO ECONOMICO,11.58,1,694785.0
2026-08-20,2026-08-21,2026-08-21,BANCO GANADERO,11.58,3,1641.0
2026-08-20,2026-08-21,2026-08-21,BANCO SOLIDARIO,11.581,3,2906752.0
2026-08-20,2026-08-21,2026-08-21,BANCO GANADERO,11.62,1,112.0
2026-08-20,2026-08-21,2026-08-21,BANCO MERCANTIL SANTA CRUZ,11.62,7,268440.0
2026-08-20,2026-08-21,2026-08-21,BANCO DE CREDITO,11.64,1,5500.0
2026-08-20,2026-08-21,2026-08-21,BANCO BISA,11.65,4,1795.0
2026-08-20,2026-08-21,2026-08-21,BANCO NACIONAL DE BOLIVIA,11.65,1,466.0
2026-08-20,2026-08-21,2026-08-21,BANCO BISA,11.75,6,3271.0
2026-08-20,2026-08-21,2026-08-21,BANCO DE CREDITO,11.75,1,3720.0
2026-08-20,2026-08-21,2026-08-21,BANCO GANADERO,11.77,1,392.0
2026-08-20,2026-08-21,2026-08-21,BANCO GANADERO,11.86,1,384.0
2026-08-20,2026-08-21,2026-08-21,BANCO BISA,11.9,3,6759.0
2026-08-20,2026-08-21,2026-08-21,BANCO BISA,12.0,2,96.0
2026-08-21,2026-08-22,2026-08-24,BANCO GANADERO,9.63,1,20400.0
2026-08-21,2026-08-22,2026-08-24,BANCO GANADERO,9.73,1,68500.0
2026-08-21,2026-08-22,2026-08-24,BANCO GANADERO,9.96,2,2951.0
2026-08-21,2026-08-22,2026-08-24,BANCO GANADERO,10.0,78,9292.0
2026-08-21,2026-08-22,2026-08-24,BANCO UNION,10.5,18,3765.0
2026-08-21,2026-08-22,2026-08-24,BANCO SOLIDARIO,10.94,24,6362.0
2026-08-21,2026-08-22,2026-08-24,BANCO GANADERO,11.0,1,3775.0
2026-08-21,2026-08-22,2026-08-24,BANCO MERCANTIL SANTA CRUZ,11.0,1,0.0
2026-08-21,2026-08-22,2026-08-24,BANCO DE LA NACIÓN ARGENTINA,11.02,12,1706.0
2026-08-21,2026-08-22,2026-08-24,BANCO MERCANTIL SANTA CRUZ,11.02,182,139794.0
2026-08-21,2026-08-22,2026-08-24,BANCO MERCANTIL SANTA CRUZ,11.03,2,1.0
2026-08-21,2026-08-22,2026-08-24,BANCO DE CREDITO,11.12,1,3000.0
2026-08-21,2026-08-22,2026-08-24,BANCO MERCANTIL SANTA CRUZ,11.12,5,5019.0
2026-08-21,2026-08-22,2026-08-24,BANCO PYME DE LA COMUNIDAD,11.12,2,1029.0
2026-08-21,2026-08-22,2026-08-24,BANCO PRODEM,11.22,22,8319.0
2026-08-21,2026-08-22,2026-08-24,BANCO BISA,11.3,5,5260.0
2026-08-21,2026-08-22,2026-08-24,BANCO DE CREDITO,11.3,1,300000.0
2026-08-21,2026-08-22,2026-08-24,BANCO SOLIDARIO,11.3,1,5.0
2026-08-21,2026-08-22,2026-08-24,BANCO GANADERO,11.3128,1,16.0
2026-08-21,2026-08-22,2026-08-24,BANCO BISA,11.32,49,219065.0
2026-08-21,2026-08-22,2026-08-24,BANCO FIE,11.32,27,149951.0
2026-08-21,2026-08-22,2026-08-24,BANCO NACIONAL DE BOLIVIA,11.32,209,446417.0
2026-08-21,2026-08-22,2026-08-24,BANCO BISA,11.38,1,19954.0
2026-08-21,2026-08-22,2026-08-24,BANCO BISA,11.4,13,43261.0
2026-08-21,2026-08-22,2026-08-24,BANCO DE LA NACIÓN ARGENTINA,11.4,1,30000.0
2026-08-21,2026-08-22,2026-08-24,BANCO BISA,11.42,5,8870.0
2026-08-21,2026-08-22,2026-08-24,BANCO DE CREDITO,11.42,1,14500.0
2026-08-21,2026-08-22,2026-08-24,BANCO FORTALEZA,11.42,2,4597.0
2026-08-21,2026-08-22,2026-08-24,BANCO NACIONAL DE BOLIVIA,11.42,1,11842.0
2026-08-21,2026-08-22,2026-08-24,BANCO BISA,11.45,8,52360.0
2026-08-21,2026-08-22,2026-08-24,BANCO MERCANTIL SANTA CRUZ,11.45,1,21000.0
2026-08-21,2026-08-22,2026-08-24,BANCO BISA,11.46,3,59480.0
2026-08-21,2026-08-22,2026-08-24,BANCO BISA,11.47,2,179988.0
2026-08-21,2026-08-22,2026-08-24,BANCO BISA,11.48,3,247328.0
2026-08-21,2026-08-22,2026-08-24,BANCO FORTALEZA,11.48,1,54289.0
2026-08-21,2026-08-22,2026-08-24,BANCO BISA,11.49,1,1069965.0
2026-08-21,2026-08-22,2026-08-24,BANCO BISA,11.5,7,267520.0
2026-08-21,2026-08-22,2026-08-24,BANCO ECONOMICO,11.5,42,57404.0
2026-08-21,2026-08-22,2026-08-24,BANCO GANADERO,11.5,24,87956.0
2026-08-21,2026-08-22,2026-08-24,BANCO SOLIDARIO,11.5,1,19805.0
2026-08-21,2026-08-22,2026-08-24,BANCO BISA,11.51,2,44624.0
2026-08-21,2026-08-22,2026-08-24,BANCO DE CREDITO,11.51,1,276925.0
2026-08-21,2026-08-22,2026-08-24,BANCO GANADERO,11.51,1,147721.0
2026-08-21,2026-08-22,2026-08-24,BANCO MERCANTIL SANTA CRUZ,11.51,1,199932.0
2026-08-21,2026-08-22,2026-08-24,BANCO NACIONAL DE BOLIVIA,11.51,24,1083100.0
2026-08-21,2026-08-22,2026-08-24,BANCO MERCANTIL SANTA CRUZ,11.515,2,235696.0
2026-08-21,2026-08-22,2026-08-24,BANCO BISA,11.52,3,604965.0
2026-08-21,2026-08-22,2026-08-24,BANCO DE CREDITO,11.52,328,127241.0
2026-08-21,2026-08-22,2026-08-24,BANCO DE LA NACIÓN ARGENTINA,11.52,1,100.0
2026-08-21,2026-08-22,2026-08-24,BANCO FORTALEZA,11.52,2,5003.0
2026-08-21,2026-08-22,2026-08-24,BANCO GANADERO,11.52,44,1600120.0
2026-08-21,2026-08-22,2026-08-24,BANCO NACIONAL DE BOLIVIA,11.52,2,14000.0
2026-08-21,2026-08-22,2026-08-24,BANCO SOLIDARIO,11.52,3,90303.0
2026-08-21,2026-08-22,2026-08-24,BANCO BISA,11.53,1,200000.0
2026-08-21,2026-08-22,2026-08-24,BANCO ECONOMICO,11.53,1,499982.0
2026-08-21,2026-08-22,2026-08-24,BANCO BISA,11.54,1,68111.0
2026-08-21,2026-08-22,2026-08-24,BANCO GANADERO,11.54,5,2394657.0
2026-08-21,2026-08-22,2026-08-24,BANCO SOLIDARIO,11.541,1,199983.0
2026-08-21,2026-08-22,2026-08-24,BANCO GANADERO,11.545,1,1162982.0
2026-08-21,2026-08-22,2026-08-24,BANCO BISA,11.55,12,747496.0
2026-08-21,2026-08-22,2026-08-24,BANCO GANADERO,11.55,1,301.0
2026-08-21,2026-08-22,2026-08-24,BANCO SOLIDARIO,11.55,4,556337.0
2026-08-21,2026-08-22,2026-08-24,BANCO SOLIDARIO,11.552,1,649905.0
2026-08-21,2026-08-22,2026-08-24,BANCO BISA,11.555,1,500000.0
2026-08-21,2026-08-22,2026-08-24,BANCO DE CREDITO,11.555,2,1142030.0
2026-08-21,2026-08-22,2026-08-24,BANCO BISA,11.56,1,147983.0
2026-08-21,2026-08-22,2026-08-24,BANCO MERCANTIL SANTA CRUZ,11.56,1,399915.0
2026-08-21,2026-08-22,2026-08-24,BANCO BISA,11.57,1,573780.0
2026-08-21,2026-08-22,2026-08-24,BANCO GANADERO,11.58,4,754.0
2026-08-21,2026-08-22,2026-08-24,BANCO MERCANTIL SANTA CRUZ,11.58,1,199940.0
2026-08-21,2026-08-22,2026-08-24,BANCO SOLIDARIO,11.581,1,99905.0
2026-08-21,2026-08-22,2026-08-24,BANCO DE LA NACIÓN ARGENTINA,11.62,1,30.0
2026-08-21,2026-08-22,2026-08-24,BANCO GANADERO,11.62,5,23.0
2026-08-21,2026-08-22,2026-08-24,BANCO MERCANTIL SANTA CRUZ,11.62,2,38620.0
2026-08-21,2026-08-22,2026-08-24,BANCO NACIONAL DE BOLIVIA,11.64,3,6936.0
2026-08-21,2026-08-22,2026-08-24,BANCO BISA,11.65,7,2580.0
2026-08-21,2026-08-22,2026-08-24,BANCO GANADERO,11.66,1,2230.0
2026-08-21,2026-08-22,2026-08-24,BANCO BISA,11.75,3,2957.0
2026-08-21,2026-08-22,2026-08-24,BANCO BISA,11.9,6,491.0
2026-08-21,2026-08-22,2026-08-24,BANCO BISA,12.0,4,418.0
2026-08-21,2026-08-22,2026-08-24,BANCO MERCANTIL SANTA CRUZ,12.08,1,5458.0
2026-08-24,2026-08-25,2026-08-25,BANCO GANADERO,9.63,1,23640.0
2026-08-24,2026-08-25,2026-08-25,BANCO GANADERO,9.73,1,49657.0
2026-08-24,2026-08-25,2026-08-25,BANCO GANADERO,9.96,1,5201.0
2026-08-24,2026-08-25,2026-08-25,BANCO GANADERO,10.0,77,22264.0
2026-08-24,2026-08-25,2026-08-25,BANCO UNION,10.5,33,6970.0
2026-08-24,2026-08-25,2026-08-25,BANCO DE LA NACIÓN ARGENTINA,11.0,26,4717.0
2026-08-24,2026-08-25,2026-08-25,BANCO FORTALEZA,11.0,2,3002.0
2026-08-24,2026-08-25,2026-08-25,BANCO MERCANTIL SANTA CRUZ,11.0,227,552777.0
2026-08-24,2026-08-25,2026-08-25,BANCO NACIONAL DE BOLIVIA,11.01,1,127.0
2026-08-24,2026-08-25,2026-08-25,BANCO MERCANTIL SANTA CRUZ,11.02,1,4726.0
2026-08-24,2026-08-25,2026-08-25,BANCO PYME DE LA COMUNIDAD,11.1,1,700.0
2026-08-24,2026-08-25,2026-08-25,BANCO PRODEM,11.2,10,1339.0
2026-08-24,2026-08-25,2026-08-25,BANCO SOLIDARIO,11.27,31,7816.0
2026-08-24,2026-08-25,2026-08-25,BANCO BISA,11.3,49,52313.0
2026-08-24,2026-08-25,2026-08-25,BANCO DE CREDITO,11.3,13,101369.0
2026-08-24,2026-08-25,2026-08-25,BANCO FIE,11.3,18,13440.0
2026-08-24,2026-08-25,2026-08-25,BANCO FORTALEZA,11.3,1,4600.0
2026-08-24,2026-08-25,2026-08-25,BANCO NACIONAL DE BOLIVIA,11.3,239,197960.0
2026-08-24,2026-08-25,2026-08-25,BANCO BISA,11.32,1,7500.0
2026-08-24,2026-08-25,2026-08-25,BANCO BISA,11.4,8,7311.0
2026-08-24,2026-08-25,2026-08-25,BANCO FORTALEZA,11.4,3,915.0
2026-08-24,2026-08-25,2026-08-25,BANCO MERCANTIL SANTA CRUZ,11.4,1,15750.0
2026-08-24,2026-08-25,2026-08-25,BANCO NACIONAL DE BOLIVIA,11.4,3,69609.0
2026-08-24,2026-08-25,2026-08-25,BANCO BISA,11.48,2,10896.0
2026-08-24,2026-08-25,2026-08-25,BANCO GANADERO,11.48,31,103951.0
2026-08-24,2026-08-25,2026-08-25,BANCO BISA,11.49,1,34950.0
2026-08-24,2026-08-25,2026-08-25,BANCO NACIONAL DE BOLIVIA,11.49,20,680.0
2026-08-24,2026-08-25,2026-08-25,BANCO BISA,11.5,14,972921.0
2026-08-24,2026-08-25,2026-08-25,BANCO DE CREDITO,11.5,330,128219.0
2026-08-24,2026-08-25,2026-08-25,BANCO ECONOMICO,11.5,44,56658.0
2026-08-24,2026-08-25,2026-08-25,BANCO FORTALEZA,11.5,4,1619.0
2026-08-24,2026-08-25,2026-08-25,BANCO GANADERO,11.5,33,1049147.0
2026-08-24,2026-08-25,2026-08-25,BANCO DE CREDITO,11.51,1,116188.0
2026-08-24,2026-08-25,2026-08-25,BANCO MERCANTIL SANTA CRUZ,11.51,1,52040.0
2026-08-24,2026-08-25,2026-08-25,BANCO BISA,11.52,2,243328.0
2026-08-24,2026-08-25,2026-08-25,BANCO GANADERO,11.52,10,1445.0
2026-08-24,2026-08-25,2026-08-25,BANCO SOLIDARIO,11.52,2,29243.0
2026-08-24,2026-08-25,2026-08-25,BANCO BISA,11.53,1,300000.0
2026-08-24,2026-08-25,2026-08-25,BANCO MERCANTIL SANTA CRUZ,11.53,1,310570.0
2026-08-24,2026-08-25,2026-08-25,BANCO GANADERO,11.54,1,3313327.0
2026-08-24,2026-08-25,2026-08-25,BANCO BISA,11.55,1,200000.0
2026-08-24,2026-08-25,2026-08-25,BANCO DE CREDITO,11.55,1,64298.0
2026-08-24,2026-08-25,2026-08-25,BANCO FIE,11.57,1,80000.0
2026-08-24,2026-08-25,2026-08-25,BANCO GANADERO,11.57,1,500754.0
2026-08-24,2026-08-25,2026-08-25,BANCO SOLIDARIO,11.57,1,1000000.0
2026-08-24,2026-08-25,2026-08-25,BANCO SOLIDARIO,11.572,1,199880.0
2026-08-24,2026-08-25,2026-08-25,BANCO BISA,11.578,1,200000.0
2026-08-24,2026-08-25,2026-08-25,BANCO ECONOMICO,11.58,2,421232.0
2026-08-24,2026-08-25,2026-08-25,BANCO GANADERO,11.58,1,164.0
2026-08-24,2026-08-25,2026-08-25,BANCO GANADERO,11.583,1,3000000.0
2026-08-24,2026-08-25,2026-08-25,BANCO ECONOMICO,11.59,1,2000000.0
2026-08-24,2026-08-25,2026-08-25,BANCO BISA,11.6,1,1548131.0
2026-08-24,2026-08-25,2026-08-25,BANCO DE CREDITO,11.6,2,504400.0
2026-08-24,2026-08-25,2026-08-25,BANCO FORTALEZA,11.6,1,500000.0
2026-08-24,2026-08-25,2026-08-25,BANCO GANADERO,11.6,5,10.0
2026-08-24,2026-08-25,2026-08-25,BANCO MERCANTIL SANTA CRUZ,11.6,1,200000.0
2026-08-24,2026-08-25,2026-08-25,BANCO SOLIDARIO,11.6,1,500000.0
2026-08-24,2026-08-25,2026-08-25,BANCO NACIONAL DE BOLIVIA,11.61,1,1500000.0
2026-08-24,2026-08-25,2026-08-25,BANCO GANADERO,11.62,1,199975.0
2026-08-25,2026-08-26,2026-08-26,BANCO GANADERO,9.63,1,12001.0
2026-08-25,2026-08-26,2026-08-26,BANCO GANADERO,9.73,1,55257.0
2026-08-25,2026-08-26,2026-08-26,BANCO GANADERO,9.96,1,6741.0
2026-08-25,2026-08-26,2026-08-26,BANCO GANADERO,10.0,70,18180.0
2026-08-25,2026-08-26,2026-08-26,BANCO UNION,10.5,36,3722.0
2026-08-25,2026-08-26,2026-08-26,BANCO GANADERO,10.8,1,6400.0
2026-08-25,2026-08-26,2026-08-26,BANCO FORTALEZA,11.0,3,1509.0
2026-08-25,2026-08-26,2026-08-26,BANCO MERCANTIL SANTA CRUZ,11.0,3,0.0
2026-08-25,2026-08-26,2026-08-26,BANCO MERCANTIL SANTA CRUZ,11.03,1,0.0
2026-08-25,2026-08-26,2026-08-26,BANCO DE LA NACIÓN ARGENTINA,11.04,17,9644.0
2026-08-25,2026-08-26,2026-08-26,BANCO MERCANTIL SANTA CRUZ,11.04,227,138371.0
2026-08-25,2026-08-26,2026-08-26,BANCO MERCANTIL SANTA CRUZ,11.05,1,0.0
2026-08-25,2026-08-26,2026-08-26,BANCO MERCANTIL SANTA CRUZ,11.06,1,0.0
2026-08-25,2026-08-26,2026-08-26,BANCO PYME DE LA COMUNIDAD,11.14,2,4.0
2026-08-25,2026-08-26,2026-08-26,BANCO PYME ECOFUTURO,11.14,1,1.0
2026-08-25,2026-08-26,2026-08-26,BANCO PRODEM,11.24,11,8352.0
2026-08-25,2026-08-26,2026-08-26,BANCO BISA,11.3,10,34116.0
2026-08-25,2026-08-26,2026-08-26,BANCO NACIONAL DE BOLIVIA,11.3,1,59.0
2026-08-25,2026-08-26,2026-08-26,BANCO SOLIDARIO,11.31,28,18012.0
2026-08-25,2026-08-26,2026-08-26,BANCO BISA,11.34,29,71968.0
2026-08-25,2026-08-26,2026-08-26,BANCO FIE,11.34,23,6999.0
2026-08-25,2026-08-26,2026-08-26,BANCO MERCANTIL SANTA CRUZ,11.34,3,35886.0
2026-08-25,2026-08-26,2026-08-26,BANCO NACIONAL DE BOLIVIA,11.34,250,286626.0
2026-08-25,2026-08-26,2026-08-26,BANCO NACIONAL DE BOLIVIA,11.35,1,0.0
2026-08-25,2026-08-26,2026-08-26,BANCO BISA,11.4,8,19369.0
2026-08-25,2026-08-26,2026-08-26,BANCO BISA,11.44,3,5342.0
2026-08-25,2026-08-26,2026-08-26,BANCO DE CREDITO,11.44,9,230945.0
2026-08-25,2026-08-26,2026-08-26,BANCO MERCANTIL SANTA CRUZ,11.44,1,14750.0
2026-08-25,2026-08-26,2026-08-26,BANCO NACIONAL DE BOLIVIA,11.44,1,6606.0
2026-08-25,2026-08-26,2026-08-26,BANCO BISA,11.45,4,48740.0
2026-08-25,2026-08-26,2026-08-26,BANCO NACIONAL DE BOLIVIA,11.45,1,9775.0
2026-08-25,2026-08-26,2026-08-26,BANCO FORTALEZA,11.48,1,15805.0
2026-08-25,2026-08-26,2026-08-26,BANCO GANADERO,11.49,1,29936.0
2026-08-25,2026-08-26,2026-08-26,BANCO BISA,11.5,19,203122.0
2026-08-25,2026-08-26,2026-08-26,BANCO ECONOMICO,11.5,52,64948.0
2026-08-25,2026-08-26,2026-08-26,BANCO GANADERO,11.5,13,5447.0
2026-08-25,2026-08-26,2026-08-26,BANCO MERCANTIL SANTA CRUZ,11.5,1,8935.0
2026-08-25,2026-08-26,2026-08-26,BANCO SOLIDARIO,11.5,7,13246.0
2026-08-25,2026-08-26,2026-08-26,BANCO BISA,11.52,4,48903.0
2026-08-25,2026-08-26,2026-08-26,BANCO FORTALEZA,11.52,2,64554.0
2026-08-25,2026-08-26,2026-08-26,BANCO GANADERO,11.52,31,65574.0
2026-08-25,2026-08-26,2026-08-26,BANCO BISA,11.53,1,24999980.0
2026-08-25,2026-08-26,2026-08-26,BANCO NACIONAL DE BOLIVIA,11.53,19,2846.0
2026-08-25,2026-08-26,2026-08-26,BANCO BISA,11.54,1,5.0
2026-08-25,2026-08-26,2026-08-26,BANCO DE CREDITO,11.54,364,53413.0
2026-08-25,2026-08-26,2026-08-26,BANCO DE LA NACIÓN ARGENTINA,11.54,1,200.0
2026-08-25,2026-08-26,2026-08-26,BANCO FIE,11.54,1,214905.0
2026-08-25,2026-08-26,2026-08-26,BANCO FORTALEZA,11.54,3,960.0
2026-08-25,2026-08-26,2026-08-26,BANCO GANADERO,11.54,83,802673.0
2026-08-25,2026-08-26,2026-08-26,BANCO MERCANTIL SANTA CRUZ,11.54,1,801.0
2026-08-25,2026-08-26,2026-08-26,BANCO NACIONAL DE BOLIVIA,11.54,1,2.0
2026-08-25,2026-08-26,2026-08-26,BANCO SOLIDARIO,11.54,3,39063.0
2026-08-25,2026-08-26,2026-08-26,BANCO BISA,11.55,6,21775.0
2026-08-25,2026-08-26,2026-08-26,BANCO DE CREDITO,11.55,2,70000.0
2026-08-25,2026-08-26,2026-08-26,BANCO ECONOMICO,11.55,1,28600.0
2026-08-25,2026-08-26,2026-08-26,BANCO SOLIDARIO,11.55,3,79864.0
2026-08-25,2026-08-26,2026-08-26,BANCO NACIONAL DE BOLIVIA,11.565,1,386522.0
2026-08-25,2026-08-26,2026-08-26,BANCO GANADERO,11.57,3,1140576.0
2026-08-25,2026-08-26,2026-08-26,BANCO SOLIDARIO,11.57,3,157676.0
2026-08-25,2026-08-26,2026-08-26,BANCO NACIONAL DE BOLIVIA,11.573,1,499975.0
2026-08-25,2026-08-26,2026-08-26,BANCO SOLIDARIO,11.58,2,44280.0
2026-08-25,2026-08-26,2026-08-26,BANCO ECONOMICO,11.59,1,599980.0
2026-08-25,2026-08-26,2026-08-26,BANCO DE CREDITO,11.6,3,117594.0
2026-08-25,2026-08-26,2026-08-26,BANCO GANADERO,11.6,1,999975.0
2026-08-25,2026-08-26,2026-08-26,BANCO SOLIDARIO,11.6,1,21469.0
2026-08-25,2026-08-26,2026-08-26,BANCO MERCANTIL SANTA CRUZ,11.605,1,1784408.0
2026-08-25,2026-08-26,2026-08-26,BANCO SOLIDARIO,11.605,1,1028425.0
2026-08-25,2026-08-26,2026-08-26,BANCO DE CREDITO,11.62,1,499965.0
2026-08-25,2026-08-26,2026-08-26,BANCO GANADERO,11.63,1,773633.0
2026-08-25,2026-08-26,2026-08-26,BANCO DE CREDITO,11.635,2,549880.0
2026-08-25,2026-08-26,2026-08-26,BANCO FIE,11.64,1,52975.0
2026-08-25,2026-08-26,2026-08-26,BANCO GANADERO,11.64,3,3.0
2026-08-25,2026-08-26,2026-08-26,BANCO MERCANTIL SANTA CRUZ,11.64,2,8300.0
2026-08-25,2026-08-26,2026-08-26,BANCO NACIONAL DE BOLIVIA,11.64,2,408080.0
2026-08-25,2026-08-26,2026-08-26,BANCO BISA,11.65,4,3167.0
2026-08-25,2026-08-26,2026-08-26,BANCO DE CREDITO,11.65,1,293422.0
2026-08-25,2026-08-26,2026-08-26,BANCO ECONOMICO,11.65,1,500000.0
2026-08-25,2026-08-26,2026-08-26,BANCO GANADERO,11.65,3,957580.0
2026-08-25,2026-08-26,2026-08-26,BANCO SOLIDARIO,11.65,1,3794.0
2026-08-25,2026-08-26,2026-08-26,BANCO DE CREDITO,11.7,1,500000.0
2026-08-25,2026-08-26,2026-08-26,BANCO FIE,11.7,1,760077.0
2026-08-25,2026-08-26,2026-08-26,BANCO BISA,11.75,4,4420.0
2026-08-25,2026-08-26,2026-08-26,BANCO GANADERO,11.75,1,388541.0
2026-08-25,2026-08-26,2026-08-26,BANCO MERCANTIL SANTA CRUZ,11.76,2,3500000.0
2026-08-25,2026-08-26,2026-08-26,BANCO MERCANTIL SANTA CRUZ,11.805,1,1499920.0
2026-08-25,2026-08-26,2026-08-26,BANCO BISA,12.0,2,1197.0
2026-08-26,2026-08-27,2026-08-27,BANCO GANADERO,9.63,1,12011.0
2026-08-26,2026-08-27,2026-08-27,BANCO GANADERO,9.73,1,40056.0
2026-08-26,2026-08-27,2026-08-27,BANCO GANADERO,9.96,1,5118.0
2026-08-26,2026-08-27,2026-08-27,BANCO GANADERO,10.0,53,43434.0
2026-08-26,2026-08-27,2026-08-27,BANCO UNION,10.5,31,5826.0
2026-08-26,2026-08-27,2026-08-27,BANCO NACIONAL DE BOLIVIA,11.0,2,2781.0
2026-08-26,2026-08-27,2026-08-27,BANCO MERCANTIL SANTA CRUZ,11.05,1,0.0
2026-08-26,2026-08-27,2026-08-27,BANCO MERCANTIL SANTA CRUZ,11.07,174,176782.0
2026-08-26,2026-08-27,2026-08-27,BANCO MERCANTIL SANTA CRUZ,11.08,1,1.0
2026-08-26,2026-08-27,2026-08-27,BANCO PYME DE LA COMUNIDAD,11.17,2,600.0
2026-08-26,2026-08-27,2026-08-27,BANCO PYME ECOFUTURO,11.17,1,3.0
2026-08-26,2026-08-27,2026-08-27,BANCO DE LA NACIÓN ARGENTINA,11.27,24,2372.0
2026-08-26,2026-08-27,2026-08-27,BANCO PRODEM,11.27,13,6230.0
2026-08-26,2026-08-27,2026-08-27,BANCO BISA,11.3,8,25525.0
2026-08-26,2026-08-27,2026-08-27,BANCO BISA,11.32,1,2210.0
2026-08-26,2026-08-27,2026-08-27,BANCO BISA,11.34,1,237.0
2026-08-26,2026-08-27,2026-08-27,BANCO SOLIDARIO,11.34,32,1908.0
2026-08-26,2026-08-27,2026-08-27,BANCO BISA,11.37,62,126276.0
2026-08-26,2026-08-27,2026-08-27,BANCO FIE,11.37,20,6493.0
2026-08-26,2026-08-27,2026-08-27,BANCO MERCANTIL SANTA CRUZ,11.37,1,2000.0
2026-08-26,2026-08-27,2026-08-27,BANCO BISA,11.4,6,4182.0
2026-08-26,2026-08-27,2026-08-27,BANCO BISA,11.45,5,2322.0
2026-08-26,2026-08-27,2026-08-27,BANCO BISA,11.47,4,9879.0
2026-08-26,2026-08-27,2026-08-27,BANCO DE CREDITO,11.47,13,40144.0
2026-08-26,2026-08-27,2026-08-27,BANCO FORTALEZA,11.47,1,7.0
2026-08-26,2026-08-27,2026-08-27,BANCO MERCANTIL SANTA CRUZ,11.47,2,35115.0
2026-08-26,2026-08-27,2026-08-27,BANCO BISA,11.5,13,63529.0
2026-08-26,2026-08-27,2026-08-27,BANCO DE CREDITO,11.5,1,14130.0
2026-08-26,2026-08-27,2026-08-27,BANCO ECONOMICO,11.5,30,14046.0
2026-08-26,2026-08-27,2026-08-27,BANCO GANADERO,11.5,5,515.0
2026-08-26,2026-08-27,2026-08-27,BANCO MERCANTIL SANTA CRUZ,11.5,1,26965.0
2026-08-26,2026-08-27,2026-08-27,BANCO MERCANTIL SANTA CRUZ,11.52,1,6660.0
2026-08-26,2026-08-27,2026-08-27,BANCO GANADERO,11.54,25,9716.0
2026-08-26,2026-08-27,2026-08-27,BANCO BISA,11.55,6,8809.0
2026-08-26,2026-08-27,2026-08-27,BANCO GANADERO,11.55,1,77001.0
2026-08-26,2026-08-27,2026-08-27,BANCO SOLIDARIO,11.56,2,15060.0
2026-08-26,2026-08-27,2026-08-27,BANCO GANADERO,11.5697,1,15.0
2026-08-26,2026-08-27,2026-08-27,BANCO BISA,11.57,7,126496.0
2026-08-26,2026-08-27,2026-08-27,BANCO DE CREDITO,11.57,1,26656.0
2026-08-26,2026-08-27,2026-08-27,BANCO DE LA NACIÓN ARGENTINA,11.57,1,6000.0
2026-08-26,2026-08-27,2026-08-27,BANCO FORTALEZA,11.57,2,17326.0
2026-08-26,2026-08-27,2026-08-27,BANCO GANADERO,11.57,91,950369.0
2026-08-26,2026-08-27,2026-08-27,BANCO MERCANTIL SANTA CRUZ,11.57,1,69828.0
2026-08-26,2026-08-27,2026-08-27,BANCO NACIONAL DE BOLIVIA,11.57,287,237198.0
2026-08-26,2026-08-27,2026-08-27,BANCO SOLIDARIO,11.57,3,146798.0
2026-08-26,2026-08-27,2026-08-27,BANCO FORTALEZA,11.58,1,52000.0
2026-08-26,2026-08-27,2026-08-27,BANCO SOLIDARIO,11.58,1,4883.0
2026-08-26,2026-08-27,2026-08-27,BANCO BISA,11.6,1,54975.0
2026-08-26,2026-08-27,2026-08-27,BANCO DE CREDITO,11.6,353,23816.0
2026-08-26,2026-08-27,2026-08-27,BANCO GANADERO,11.6,2,187984.0
2026-08-26,2026-08-27,2026-08-27,BANCO SOLIDARIO,11.6,1,2405.0
2026-08-26,2026-08-27,2026-08-27,BANCO SOLIDARIO,11.61,1,23686.0
2026-08-26,2026-08-27,2026-08-27,BANCO DE CREDITO,11.62,2,22308.0
2026-08-26,2026-08-27,2026-08-27,BANCO DE CREDITO,11.64,2,435800.0
2026-08-26,2026-08-27,2026-08-27,BANCO FORTALEZA,11.64,1,29000.0
2026-08-26,2026-08-27,2026-08-27,BANCO BISA,11.65,2,3101.0
2026-08-26,2026-08-27,2026-08-27,BANCO DE CREDITO,11.65,1,5360.0
2026-08-26,2026-08-27,2026-08-27,BANCO ECONOMICO,11.65,2,353303.0
2026-08-26,2026-08-27,2026-08-27,BANCO GANADERO,11.65,2,8296744.0
2026-08-26,2026-08-27,2026-08-27,BANCO NACIONAL DE BOLIVIA,11.65,2,998488.0
2026-08-26,2026-08-27,2026-08-27,BANCO BISA,11.66,1,100000.0
2026-08-26,2026-08-27,2026-08-27,BANCO BISA,11.67,1,353985.0
2026-08-26,2026-08-27,2026-08-27,BANCO GANADERO,11.67,3,7.0
2026-08-26,2026-08-27,2026-08-27,BANCO MERCANTIL SANTA CRUZ,11.67,8,270013.0
2026-08-26,2026-08-27,2026-08-27,BANCO SOLIDARIO,11.67,1,499975.0
2026-08-26,2026-08-27,2026-08-27,BANCO BISA,11.68,2,82560.0
2026-08-26,2026-08-27,2026-08-27,BANCO SOLIDARIO,11.68,1,32992.0
2026-08-26,2026-08-27,2026-08-27,BANCO BISA,11.7,2,2746575.0
2026-08-26,2026-08-27,2026-08-27,BANCO DE CREDITO,11.7,2,2657985.0
2026-08-26,2026-08-27,2026-08-27,BANCO FIE,11.7,1,500000.0
2026-08-26,2026-08-27,2026-08-27,BANCO BISA,11.72,3,6900000.0
2026-08-26,2026-08-27,2026-08-27,BANCO GANADERO,11.73,2,934071.0
2026-08-26,2026-08-27,2026-08-27,BANCO DE CREDITO,11.74,1,499940.0
2026-08-26,2026-08-27,2026-08-27,BANCO BISA,11.75,3,266.0
2026-08-26,2026-08-27,2026-08-27,BANCO GANADERO,11.75,1,220263.0
2026-08-26,2026-08-27,2026-08-27,BANCO GANADERO,11.76,1,4999921.0
2026-08-26,2026-08-27,2026-08-27,BANCO MERCANTIL SANTA CRUZ,11.76,4,8026055.0
2026-08-26,2026-08-27,2026-08-27,BANCO NACIONAL DE BOLIVIA,11.761,1,3699975.0
2026-08-26,2026-08-27,2026-08-27,BANCO BISA,11.78,2,2123135.0
2026-08-26,2026-08-27,2026-08-27,BANCO GANADERO,11.78,1,500000.0
2026-08-26,2026-08-27,2026-08-27,BANCO DE CREDITO,11.8,1,500000.0
2026-08-26,2026-08-27,2026-08-27,BANCO SOLIDARIO,11.821,1,199905.0
2026-08-26,2026-08-27,2026-08-27,BANCO FIE,11.835,1,799975.0
2026-08-26,2026-08-27,2026-08-27,BANCO BISA,12.0,1,1530.0
2026-08-26,2026-08-27,2026-08-27,BANCO BISA,12.83,1,16.0
2026-08-27,2026-08-28,2026-08-28,BANCO GANADERO,9.63,1,10301.0
2026-08-27,2026-08-28,2026-08-28,BANCO GANADERO,9.73,1,44002.0
2026-08-27,2026-08-28,2026-08-28,BANCO GANADERO,9.96,1,7220.0
2026-08-27,2026-08-28,2026-08-28,BANCO GANADERO,10.0,139,74574.0
2026-08-27,2026-08-28,2026-08-28,BANCO UNION,10.5,16,17444.0
2026-08-27,2026-08-28,2026-08-28,BANCO MERCANTIL SANTA CRUZ,11.07,1,5.0
2026-08-27,2026-08-28,2026-08-28,BANCO MERCANTIL SANTA CRUZ,11.21,154,137467.0
2026-08-27,2026-08-28,2026-08-28,BANCO MERCANTIL SANTA CRUZ,11.22,3,1.0
2026-08-27,2026-08-28,2026-08-28,BANCO BISA,11.3,3,2360.0
2026-08-27,2026-08-28,2026-08-28,BANCO PYME DE LA COMUNIDAD,11.31,3,292.0
2026-08-27,2026-08-28,2026-08-28,BANCO PYME ECOFUTURO,11.31,1,1000.0
2026-08-27,2026-08-28,2026-08-28,BANCO BISA,11.4,3,751.0
2026-08-27,2026-08-28,2026-08-28,BANCO DE LA NACIÓN ARGENTINA,11.41,29,35397.0
2026-08-27,2026-08-28,2026-08-28,BANCO PRODEM,11.41,19,6719.0
2026-08-27,2026-08-28,2026-08-28,BANCO BISA,11.45,7,5318.0
2026-08-27,2026-08-28,2026-08-28,BANCO SOLIDARIO,11.48,57,22396.0
2026-08-27,2026-08-28,2026-08-28,BANCO BISA,11.5,11,73099.0
2026-08-27,2026-08-28,2026-08-28,BANCO BISA,11.51,52,81908.0
2026-08-27,2026-08-28,2026-08-28,BANCO FIE,11.51,24,10676.0
2026-08-27,2026-08-28,2026-08-28,BANCO NACIONAL DE BOLIVIA,11.51,1,1207.0
2026-08-27,2026-08-28,2026-08-28,BANCO BISA,11.55,11,19951.0
2026-08-27,2026-08-28,2026-08-28,BANCO FORTALEZA,11.55,1,16563.0
2026-08-27,2026-08-28,2026-08-28,BANCO SOLIDARIO,11.55,2,425810.0
2026-08-27,2026-08-28,2026-08-28,BANCO GANADERO,11.57,19,12298.0
2026-08-27,2026-08-28,2026-08-28,BANCO DE CREDITO,11.6,1,12740.0
2026-08-27,2026-08-28,2026-08-28,BANCO FIE,11.6,2,80144.0
2026-08-27,2026-08-28,2026-08-28,BANCO GANADERO,11.6,2,92787.0
2026-08-27,2026-08-28,2026-08-28,BANCO SOLIDARIO,11.6,2,20200.0
2026-08-27,2026-08-28,2026-08-28,BANCO BISA,11.61,3,15687.0
2026-08-27,2026-08-28,2026-08-28,BANCO DE CREDITO,11.61,8,8013.0
2026-08-27,2026-08-28,2026-08-28,BANCO FORTALEZA,11.61,1,1100.0
2026-08-27,2026-08-28,2026-08-28,BANCO MERCANTIL SANTA CRUZ,11.61,3,133065.0
2026-08-27,2026-08-28,2026-08-28,BANCO SOLIDARIO,11.61,1,1179.0
2026-08-27,2026-08-28,2026-08-28,BANCO NACIONAL DE BOLIVIA,11.62,1,100000.0
2026-08-27,2026-08-28,2026-08-28,BANCO FORTALEZA,11.64,1,294969.0
2026-08-27,2026-08-28,2026-08-28,BANCO NACIONAL DE BOLIVIA,11.645,1,349244.0
2026-08-27,2026-08-28,2026-08-28,BANCO FORTALEZA,11.65,1,20000.0
2026-08-27,2026-08-28,2026-08-28,BANCO SOLIDARIO,11.65,1,13405.0
2026-08-27,2026-08-28,2026-08-28,BANCO BISA,11.67,1,667477.0
2026-08-27,2026-08-28,2026-08-28,BANCO BISA,11.68,1,4720.0
2026-08-27,2026-08-28,2026-08-28,BANCO DE CREDITO,11.68,1,50000.0
2026-08-27,2026-08-28,2026-08-28,BANCO GANADERO,11.69,19,73076.0
2026-08-27,2026-08-28,2026-08-28,BANCO BISA,11.7,1,40000.0
2026-08-27,2026-08-28,2026-08-28,BANCO GANADERO,11.7,2,195259.0
2026-08-27,2026-08-28,2026-08-28,BANCO MERCANTIL SANTA CRUZ,11.7,2,109880.0
2026-08-27,2026-08-28,2026-08-28,BANCO SOLIDARIO,11.701,1,140887.0
2026-08-27,2026-08-28,2026-08-28,BANCO BISA,11.71,2,58250.0
2026-08-27,2026-08-28,2026-08-28,BANCO DE CREDITO,11.71,336,93534.0
2026-08-27,2026-08-28,2026-08-28,BANCO DE LA NACIÓN ARGENTINA,11.71,1,200.0
2026-08-27,2026-08-28,2026-08-28,BANCO ECONOMICO,11.71,35,438419.0
2026-08-27,2026-08-28,2026-08-28,BANCO FORTALEZA,11.71,2,97.0
2026-08-27,2026-08-28,2026-08-28,BANCO GANADERO,11.71,133,786681.0
2026-08-27,2026-08-28,2026-08-28,BANCO MERCANTIL SANTA CRUZ,11.71,3,211837.0
2026-08-27,2026-08-28,2026-08-28,BANCO NACIONAL DE BOLIVIA,11.71,253,448810.0
2026-08-27,2026-08-28,2026-08-28,BANCO SOLIDARIO,11.71,1,1167.0
2026-08-27,2026-08-28,2026-08-28,BANCO GANADERO,11.73,1,140780.0
2026-08-27,2026-08-28,2026-08-28,BANCO BISA,11.75,7,1491814.0
2026-08-27,2026-08-28,2026-08-28,BANCO DE CREDITO,11.75,1,56086.0
2026-08-27,2026-08-28,2026-08-28,BANCO ECONOMICO,11.75,1,406962.0
2026-08-27,2026-08-28,2026-08-28,BANCO FORTALEZA,11.75,3,73330.0
2026-08-27,2026-08-28,2026-08-28,BANCO BISA,11.77,1,150000.0
2026-08-27,2026-08-28,2026-08-28,BANCO DE CREDITO,11.78,1,863615.0
2026-08-27,2026-08-28,2026-08-28,BANCO BISA,11.79,1,500000.0
2026-08-27,2026-08-28,2026-08-28,BANCO BISA,11.8,3,694435.0
2026-08-27,2026-08-28,2026-08-28,BANCO DE LA NACIÓN ARGENTINA,11.8,1,92000.0
2026-08-27,2026-08-28,2026-08-28,BANCO MERCANTIL SANTA CRUZ,11.8,1,343521.0
2026-08-27,2026-08-28,2026-08-28,BANCO SOLIDARIO,11.8,2,83220.0
2026-08-27,2026-08-28,2026-08-28,BANCO BISA,11.81,3,38312.0
2026-08-27,2026-08-28,2026-08-28,BANCO DE CREDITO,11.81,1,56000.0
2026-08-27,2026-08-28,2026-08-28,BANCO GANADERO,11.81,4,11.0
2026-08-27,2026-08-28,2026-08-28,BANCO MERCANTIL SANTA CRUZ,11.81,1,9450.0
2026-08-27,2026-08-28,2026-08-28,BANCO NACIONAL DE BOLIVIA,11.81,2,322580.0
2026-08-27,2026-08-28,2026-08-28,BANCO SOLIDARIO,11.81,2,79625.0
2026-08-27,2026-08-28,2026-08-28,BANCO MERCANTIL SANTA CRUZ,11.815,1,1000000.0
2026-08-27,2026-08-28,2026-08-28,BANCO MERCANTIL SANTA CRUZ,11.825,1,454000.0
2026-08-27,2026-08-28,2026-08-28,BANCO BISA,11.85,2,258675.0
2026-08-27,2026-08-28,2026-08-28,BANCO DE LA NACIÓN ARGENTINA,11.85,1,499950.0
2026-08-27,2026-08-28,2026-08-28,BANCO GANADERO,11.85,5,8694921.0
2026-08-27,2026-08-28,2026-08-28,BANCO BISA,11.9,2,70.0
2026-08-27,2026-08-28,2026-08-28,BANCO ECONOMICO,11.9,3,422148.0
2026-08-27,2026-08-28,2026-08-28,BANCO DE CREDITO,11.94,1,167.0
2026-08-27,2026-08-28,2026-08-28,BANCO BISA,11.95,1,56173.0
2026-08-27,2026-08-28,2026-08-28,BANCO DE CREDITO,11.95,1,1000000.0
2026-08-27,2026-08-28,2026-08-28,BANCO FIE,11.95,1,149975.0
2026-08-27,2026-08-28,2026-08-28,BANCO GANADERO,11.95,1,300000.0
2026-08-27,2026-08-28,2026-08-28,BANCO BISA,11.96,1,300000.0
2026-08-27,2026-08-28,2026-08-28,BANCO BISA,11.98,1,100000.0
2026-08-27,2026-08-28,2026-08-28,BANCO SOLIDARIO,11.98,1,59905.0
2026-08-27,2026-08-28,2026-08-28,BANCO BISA,11.99,1,382087.0
2026-08-27,2026-08-28,2026-08-28,BANCO BISA,12.0,2,140051.0
2026-08-27,2026-08-28,2026-08-28,BANCO DE CREDITO,12.0,2,5750.0
2026-08-27,2026-08-28,2026-08-28,BANCO SOLIDARIO,12.01,1,233843.0
2026-08-27,2026-08-28,2026-08-28,BANCO BISA,12.05,1,913975.0
2026-08-27,2026-08-28,2026-08-28,BANCO SOLIDARIO,12.06,1,99905.0
2026-08-27,2026-08-28,2026-08-28,BANCO BISA,12.1,2,620000.0
2026-08-27,2026-08-28,2026-08-28,BANCO SOLIDARIO,12.1,1,1399975.0
2026-08-27,2026-08-28,2026-08-28,BANCO BISA,12.17,1,399975.0
2026-08-28,2026-08-29,2026-08-31,BANCO GANADERO,9.63,1,8754.0
2026-08-28,2026-08-29,2026-08-31,BANCO GANADERO,9.73,1,35501.0
2026-08-28,2026-08-29,2026-08-31,BANCO GANADERO,9.96,1,4320.0
2026-08-28,2026-08-29,2026-08-31,BANCO GANADERO,10.0,75,31122.0
2026-08-28,2026-08-29,2026-08-31,BANCO UNION,10.5,22,569358.0
2026-08-28,2026-08-29,2026-08-31,BANCO SOLIDARIO,11.0,1,22.0
2026-08-28,2026-08-29,2026-08-31,BANCO MERCANTIL SANTA CRUZ,11.33,250,276431.0
2026-08-28,2026-08-29,2026-08-31,BANCO BISA,11.4,2,37.0
2026-08-28,2026-08-29,2026-08-31,BANCO MERCANTIL SANTA CRUZ,11.42,3,735117.0
2026-08-28,2026-08-29,2026-08-31,BANCO PYME DE LA COMUNIDAD,11.43,7,13836.0
2026-08-28,2026-08-29,2026-08-31,BANCO PYME ECOFUTURO,11.43,1,9.0
2026-08-28,2026-08-29,2026-08-31,BANCO BISA,11.45,2,866.0
2026-08-28,2026-08-29,2026-08-31,BANCO BISA,11.5,7,32340.0
2026-08-28,2026-08-29,2026-08-31,BANCO DE LA NACIÓN ARGENTINA,11.53,37,9172.0
2026-08-28,2026-08-29,2026-08-31,BANCO PRODEM,11.53,9,633.0
2026-08-28,2026-08-29,2026-08-31,BANCO GANADERO,11.54,3,234.0
2026-08-28,2026-08-29,2026-08-31,BANCO BISA,11.55,10,22891.0
2026-08-28,2026-08-29,2026-08-31,BANCO SOLIDARIO,11.59,27,4742.0
2026-08-28,2026-08-29,2026-08-31,BANCO BISA,11.6,5,5367.0
2026-08-28,2026-08-29,2026-08-31,BANCO GANADERO,11.61,1,40000.0
2026-08-28,2026-08-29,2026-08-31,BANCO BISA,11.63,46,166726.0
2026-08-28,2026-08-29,2026-08-31,BANCO FIE,11.63,20,2877.0
2026-08-28,2026-08-29,2026-08-31,BANCO NACIONAL DE BOLIVIA,11.63,2,5349.0
2026-08-28,2026-08-29,2026-08-31,BANCO BISA,11.65,3,195.0
2026-08-28,2026-08-29,2026-08-31,BANCO DE CREDITO,11.66,1,3000.0
2026-08-28,2026-08-29,2026-08-31,BANCO GANADERO,11.66,1,2007.0
2026-08-28,2026-08-29,2026-08-31,BANCO BISA,11.67,1,7500.0
2026-08-28,2026-08-29,2026-08-31,BANCO MERCANTIL SANTA CRUZ,11.68,1,47880.0
2026-08-28,2026-08-29,2026-08-31,BANCO DE CREDITO,11.69,1,445.0
2026-08-28,2026-08-29,2026-08-31,BANCO GANADERO,11.71,11,29075.0
2026-08-28,2026-08-29,2026-08-31,BANCO NACIONAL DE BOLIVIA,11.71,2,5000.0
2026-08-28,2026-08-29,2026-08-31,BANCO BISA,11.73,15,90922.0
2026-08-28,2026-08-29,2026-08-31,BANCO DE CREDITO,11.73,25,117001.0
2026-08-28,2026-08-29,2026-08-31,BANCO ECONOMICO,11.73,41,55697.0
2026-08-28,2026-08-29,2026-08-31,BANCO FORTALEZA,11.73,1,3000.0
2026-08-28,2026-08-29,2026-08-31,BANCO SOLIDARIO,11.73,1,5722.0
2026-08-28,2026-08-29,2026-08-31,BANCO BISA,11.75,3,26059.0
2026-08-28,2026-08-29,2026-08-31,BANCO ECONOMICO,11.75,3,793020.0
2026-08-28,2026-08-29,2026-08-31,BANCO BISA,11.78,2,54980.0
2026-08-28,2026-08-29,2026-08-31,BANCO DE LA NACIÓN ARGENTINA,11.8,1,10000.0
2026-08-28,2026-08-29,2026-08-31,BANCO GANADERO,11.8,1,55680.0
2026-08-28,2026-08-29,2026-08-31,BANCO NACIONAL DE BOLIVIA,11.8,1,0.0
2026-08-28,2026-08-29,2026-08-31,BANCO SOLIDARIO,11.8,3,141925.0
2026-08-28,2026-08-29,2026-08-31,BANCO GANADERO,11.81,13,71428.0
2026-08-28,2026-08-29,2026-08-31,BANCO BISA,11.83,5,168151.0
2026-08-28,2026-08-29,2026-08-31,BANCO DE LA NACIÓN ARGENTINA,11.83,2,30200.0
2026-08-28,2026-08-29,2026-08-31,BANCO FORTALEZA,11.83,2,594.0
2026-08-28,2026-08-29,2026-08-31,BANCO GANADERO,11.83,30,1495327.0
2026-08-28,2026-08-29,2026-08-31,BANCO MERCANTIL SANTA CRUZ,11.83,10,1000000.0
2026-08-28,2026-08-29,2026-08-31,BANCO NACIONAL DE BOLIVIA,11.83,261,1166019.0
2026-08-28,2026-08-29,2026-08-31,BANCO SOLIDARIO,11.83,1,36900.0
2026-08-28,2026-08-29,2026-08-31,BANCO BISA,11.85,2,92600.0
2026-08-28,2026-08-29,2026-08-31,BANCO GANADERO,11.85,1,44576.0
2026-08-28,2026-08-29,2026-08-31,BANCO SOLIDARIO,11.85,3,5934.0
2026-08-28,2026-08-29,2026-08-31,BANCO BISA,11.88,1,17250.0
2026-08-28,2026-08-29,2026-08-31,BANCO BISA,11.9,2,170000.0
2026-08-28,2026-08-29,2026-08-31,BANCO SOLIDARIO,11.9,1,37733.0
2026-08-28,2026-08-29,2026-08-31,BANCO BISA,11.91,1,22000.0
2026-08-28,2026-08-29,2026-08-31,BANCO BISA,11.92,1,100000.0
2026-08-28,2026-08-29,2026-08-31,BANCO NACIONAL DE BOLIVIA,11.92,3,419415.0
2026-08-28,2026-08-29,2026-08-31,BANCO BISA,11.93,4,1303307.0
2026-08-28,2026-08-29,2026-08-31,BANCO DE CREDITO,11.93,1,187000.0
2026-08-28,2026-08-29,2026-08-31,BANCO FORTALEZA,11.93,1,15000.0
2026-08-28,2026-08-29,2026-08-31,BANCO GANADERO,11.93,2,2.0
2026-08-28,2026-08-29,2026-08-31,BANCO MERCANTIL SANTA CRUZ,11.93,2,41660.0
2026-08-28,2026-08-29,2026-08-31,BANCO DE CREDITO,11.95,348,23642.0
2026-08-28,2026-08-29,2026-08-31,BANCO MERCANTIL SANTA CRUZ,11.95,1,99945.0
2026-08-28,2026-08-29,2026-08-31,BANCO SOLIDARIO,11.95,1,3630.0
2026-08-28,2026-08-29,2026-08-31,BANCO BISA,12.0,2,299458.0
2026-08-28,2026-08-29,2026-08-31,BANCO DE CREDITO,12.0,2,5514.0
2026-08-28,2026-08-29,2026-08-31,BANCO ECONOMICO,12.0,3,357880.0
2026-08-28,2026-08-29,2026-08-31,BANCO GANADERO,12.0,1,250000.0
2026-08-28,2026-08-29,2026-08-31,BANCO SOLIDARIO,12.0,5,134043.0
2026-08-28,2026-08-29,2026-08-31,BANCO SOLIDARIO,12.025,1,997975.0
2026-08-28,2026-08-29,2026-08-31,BANCO DE CREDITO,12.05,1,499965.0
2026-08-28,2026-08-29,2026-08-31,BANCO GANADERO,12.05,3,1123955.0
2026-08-28,2026-08-29,2026-08-31,BANCO MERCANTIL SANTA CRUZ,12.05,2,525640.0
2026-08-28,2026-08-29,2026-08-31,BANCO SOLIDARIO,12.06,1,607846.0
2026-08-28,2026-08-29,2026-08-31,BANCO BISA,12.1,1,150000.0
2026-08-28,2026-08-29,2026-08-31,BANCO ECONOMICO,12.1,1,69931.0
2026-08-28,2026-08-29,2026-08-31,BANCO GANADERO,12.1,1,299975.0
2026-08-28,2026-08-29,2026-08-31,BANCO MERCANTIL SANTA CRUZ,12.1,1,500000.0
2026-08-28,2026-08-29,2026-08-31,BANCO GANADERO,12.11,1,570128.0
2026-08-28,2026-08-29,2026-08-31,BANCO DE CREDITO,12.12,2,877602.0
2026-08-28,2026-08-29,2026-08-31,BANCO GANADERO,12.13,1,500000.0
2026-08-28,2026-08-29,2026-08-31,BANCO DE CREDITO,12.16,1,772711.0
2026-08-28,2026-08-29,2026-08-31,BANCO ECONOMICO,12.16,1,14500.0
2026-08-28,2026-08-29,2026-08-31,BANCO BISA,12.17,2,603986.0
2026-08-28,2026-08-29,2026-08-31,BANCO SOLIDARIO,12.17,1,54405.0
2026-08-28,2026-08-29,2026-08-31,BANCO ECONOMICO,12.19,1,800000.0
2026-08-28,2026-08-29,2026-08-31,BANCO SOLIDARIO,12.19,1,589905.0
2026-08-28,2026-08-29,2026-08-31,BANCO GANADERO,12.22,1,399975.0
2026-08-28,2026-08-29,2026-08-31,BANCO DE CREDITO,12.25,1,3300.0
2026-08-28,2026-08-29,2026-08-31,BANCO GANADERO,12.25,1,927726.0
2026-08-31,2026-09-01,2026-09-01,BANCO GANADERO,9.63,2,8191.0
2026-08-31,2026-09-01,2026-09-01,BANCO GANADERO,9.73,1,55528.0
2026-08-31,2026-09-01,2026-09-01,BANCO GANADERO,9.96,1,4703.0
2026-08-31,2026-09-01,2026-09-01,BANCO GANADERO,10.0,76,11566.0
2026-08-31,2026-09-01,2026-09-01,BANCO UNION,10.5,22,3903.0
2026-08-31,2026-09-01,2026-09-01,BANCO FORTALEZA,11.1,1,51.0
2026-08-31,2026-09-01,2026-09-01,BANCO MERCANTIL SANTA CRUZ,11.42,210,189174.0
2026-08-31,2026-09-01,2026-09-01,BANCO PYME DE LA COMUNIDAD,11.52,3,108.0
2026-08-31,2026-09-01,2026-09-01,BANCO PYME ECOFUTURO,11.52,1,7.0
2026-08-31,2026-09-01,2026-09-01,BANCO FORTALEZA,11.6,1,72061.0
2026-08-31,2026-09-01,2026-09-01,BANCO SOLIDARIO,11.6,1,54273.0
2026-08-31,2026-09-01,2026-09-01,BANCO DE LA NACIÓN ARGENTINA,11.62,63,18480.0
2026-08-31,2026-09-01,2026-09-01,BANCO GANADERO,11.62,1,5250.0
2026-08-31,2026-09-01,2026-09-01,BANCO PRODEM,11.62,14,4844.0
2026-08-31,2026-09-01,2026-09-01,BANCO BISA,11.63,1,1800.0
2026-08-31,2026-09-01,2026-09-01,BANCO GANADERO,11.6398,1,69.0
2026-08-31,2026-09-01,2026-09-01,BANCO DE CREDITO,11.64,1,5787.0
2026-08-31,2026-09-01,2026-09-01,BANCO DE CREDITO,11.68,1,4887.0
2026-08-31,2026-09-01,2026-09-01,BANCO SOLIDARIO,11.68,35,6734.0
2026-08-31,2026-09-01,2026-09-01,BANCO GANADERO,11.7,1,49950.0
2026-08-31,2026-09-01,2026-09-01,BANCO GANADERO,11.71,3,116.0
2026-08-31,2026-09-01,2026-09-01,BANCO BISA,11.72,61,80085.0
2026-08-31,2026-09-01,2026-09-01,BANCO FIE,11.72,20,7805.0
2026-08-31,2026-09-01,2026-09-01,BANCO GANADERO,11.72,1,26556.0
2026-08-31,2026-09-01,2026-09-01,BANCO BISA,11.75,2,5813.0
2026-08-31,2026-09-01,2026-09-01,BANCO BISA,11.76,1,12980.0
2026-08-31,2026-09-01,2026-09-01,BANCO BISA,11.8,2,36650.0
2026-08-31,2026-09-01,2026-09-01,BANCO ECONOMICO,11.8,43,52610.0
2026-08-31,2026-09-01,2026-09-01,BANCO MERCANTIL SANTA CRUZ,11.8,1,15918.0
2026-08-31,2026-09-01,2026-09-01,BANCO BISA,11.82,4,12800.0
2026-08-31,2026-09-01,2026-09-01,BANCO DE CREDITO,11.82,18,96743.0
2026-08-31,2026-09-01,2026-09-01,BANCO FORTALEZA,11.82,5,11159.0
2026-08-31,2026-09-01,2026-09-01,BANCO GANADERO,11.83,9,2104.0
2026-08-31,2026-09-01,2026-09-01,BANCO DE CREDITO,11.84,1,500.0
2026-08-31,2026-09-01,2026-09-01,BANCO GANADERO,11.85,3,120900.0
2026-08-31,2026-09-01,2026-09-01,BANCO BISA,11.87,1,113000.0
2026-08-31,2026-09-01,2026-09-01,BANCO BISA,11.9,3,17435.0
2026-08-31,2026-09-01,2026-09-01,BANCO DE CREDITO,11.9,427,50871.0
2026-08-31,2026-09-01,2026-09-01,BANCO GANADERO,11.9,24,134786.0
2026-08-31,2026-09-01,2026-09-01,BANCO BISA,11.92,8,250136.0
2026-08-31,2026-09-01,2026-09-01,BANCO DE CREDITO,11.92,1,149940.0
2026-08-31,2026-09-01,2026-09-01,BANCO DE LA NACIÓN ARGENTINA,11.92,1,10400.0
2026-08-31,2026-09-01,2026-09-01,BANCO FORTALEZA,11.92,4,48427.0
2026-08-31,2026-09-01,2026-09-01,BANCO GANADERO,11.92,43,1679470.0
2026-08-31,2026-09-01,2026-09-01,BANCO NACIONAL DE BOLIVIA,11.92,401,509240.0
2026-08-31,2026-09-01,2026-09-01,BANCO GANADERO,11.93,1,815.0
2026-08-31,2026-09-01,2026-09-01,BANCO BISA,11.95,3,54120.0
2026-08-31,2026-09-01,2026-09-01,BANCO BISA,11.96,1,119965.0
2026-08-31,2026-09-01,2026-09-01,BANCO BISA,11.98,1,15011.0
2026-08-31,2026-09-01,2026-09-01,BANCO BISA,12.0,1,100000.0
2026-08-31,2026-09-01,2026-09-01,BANCO DE CREDITO,12.0,1,13240.0
2026-08-31,2026-09-01,2026-09-01,BANCO FIE,12.0,2,46727.0
2026-08-31,2026-09-01,2026-09-01,BANCO FORTALEZA,12.0,1,208766.0
2026-08-31,2026-09-01,2026-09-01,BANCO SOLIDARIO,12.0,5,90176.0
2026-08-31,2026-09-01,2026-09-01,BANCO GANADERO,12.02,4,9.0
2026-08-31,2026-09-01,2026-09-01,BANCO MERCANTIL SANTA CRUZ,12.02,4,142514.0
2026-08-31,2026-09-01,2026-09-01,BANCO MERCANTIL SANTA CRUZ,12.025,1,150440.0
2026-08-31,2026-09-01,2026-09-01,BANCO BISA,12.05,1,88404.0
2026-08-31,2026-09-01,2026-09-01,BANCO DE CREDITO,12.05,9,312284.0
2026-08-31,2026-09-01,2026-09-01,BANCO MERCANTIL SANTA CRUZ,12.05,1,59940.0
2026-08-31,2026-09-01,2026-09-01,BANCO SOLIDARIO,12.05,1,26005.0
2026-08-31,2026-09-01,2026-09-01,BANCO BISA,12.07,1,21710.0
2026-08-31,2026-09-01,2026-09-01,BANCO GANADERO,12.08,1,98560.0
2026-08-31,2026-09-01,2026-09-01,BANCO DE CREDITO,12.1,2,212607.0
2026-08-31,2026-09-01,2026-09-01,BANCO ECONOMICO,12.1,1,200000.0
2026-08-31,2026-09-01,2026-09-01,BANCO MERCANTIL SANTA CRUZ,12.1,1,281604.0
2026-08-31,2026-09-01,2026-09-01,BANCO DE CREDITO,12.12,1,372999.0
2026-08-31,2026-09-01,2026-09-01,BANCO NACIONAL DE BOLIVIA,12.12,1,500000.0
2026-08-31,2026-09-01,2026-09-01,BANCO BISA,12.15,2,919579.0
2026-08-31,2026-09-01,2026-09-01,BANCO ECONOMICO,12.15,2,204421.0
2026-08-31,2026-09-01,2026-09-01,BANCO GANADERO,12.15,1,99980.0
2026-08-31,2026-09-01,2026-09-01,BANCO ECONOMICO,12.17,1,200000.0
2026-08-31,2026-09-01,2026-09-01,BANCO BISA,12.18,1,120000.0
2026-08-31,2026-09-01,2026-09-01,BANCO GANADERO,12.1801,1,471.0
2026-08-31,2026-09-01,2026-09-01,BANCO BISA,12.2,2,712534.0
2026-08-31,2026-09-01,2026-09-01,BANCO DE CREDITO,12.2,1,299915.0
2026-08-31,2026-09-01,2026-09-01,BANCO GANADERO,12.2,1,4999921.0
2026-08-31,2026-09-01,2026-09-01,BANCO NACIONAL DE BOLIVIA,12.2,1,100000.0
2026-08-31,2026-09-01,2026-09-01,BANCO SOLIDARIO,12.2,1,18028.0
2026-08-31,2026-09-01,2026-09-01,BANCO SOLIDARIO,12.205,1,179958.0
2026-08-31,2026-09-01,2026-09-01,BANCO MERCANTIL SANTA CRUZ,12.21,2,174810.0
2026-08-31,2026-09-01,2026-09-01,BANCO SOLIDARIO,12.21,1,379749.0
2026-08-31,2026-09-01,2026-09-01,BANCO BISA,12.23,1,299975.0
2026-08-31,2026-09-01,2026-09-01,BANCO BISA,12.25,3,1015907.0
2026-08-31,2026-09-01,2026-09-01,BANCO GANADERO,12.3,2,2785068.0
2026-09-01,2026-09-02,2026-09-02,BANCO GANADERO,9.63,1,8937.0
2026-09-01,2026-09-02,2026-09-02,BANCO GANADERO,9.73,2,52841.0
2026-09-01,2026-09-02,2026-09-02,BANCO GANADERO,9.96,1,18044.0
2026-09-01,2026-09-02,2026-09-02,BANCO GANADERO,10.0,52,9789.0
2026-09-01,2026-09-02,2026-09-02,BANCO UNION,10.5,13,4663.0
2026-09-01,2026-09-02,2026-09-02,BANCO FORTALEZA,11.0,1,1.0
2026-09-01,2026-09-02,2026-09-02,BANCO GANADERO,11.0,1,120.0
2026-09-01,2026-09-02,2026-09-02,BANCO DE LA NACIÓN ARGENTINA,11.12,1,940.0
2026-09-01,2026-09-02,2026-09-02,BANCO FORTALEZA,11.2,1,300.0
2026-09-01,2026-09-02,2026-09-02,BANCO FORTALEZA,11.4,1,20229.0
2026-09-01,2026-09-02,2026-09-02,BANCO GANADERO,11.54,1,347.0
2026-09-01,2026-09-02,2026-09-02,BANCO BISA,11.55,7,13092.0
2026-09-01,2026-09-02,2026-09-02,BANCO GANADERO,11.57,1,61.0
2026-09-01,2026-09-02,2026-09-02,BANCO BISA,11.6,5,15786.0
2026-09-01,2026-09-02,2026-09-02,BANCO MERCANTIL SANTA CRUZ,11.62,58,147577.0
2026-09-01,2026-09-02,2026-09-02,BANCO BISA,11.65,4,291.0
2026-09-01,2026-09-02,2026-09-02,BANCO GANADERO,11.7,3,44487.0
2026-09-01,2026-09-02,2026-09-02,BANCO PYME DE LA COMUNIDAD,11.72,5,1853.0
2026-09-01,2026-09-02,2026-09-02,BANCO PYME ECOFUTURO,11.72,2,10.0
2026-09-01,2026-09-02,2026-09-02,BANCO BISA,11.75,2,43.0
2026-09-01,2026-09-02,2026-09-02,BANCO FORTALEZA,11.8,1,12600.0
2026-09-01,2026-09-02,2026-09-02,BANCO BISA,11.82,2,400.0
2026-09-01,2026-09-02,2026-09-02,BANCO DE LA NACIÓN ARGENTINA,11.82,27,4980.0
2026-09-01,2026-09-02,2026-09-02,BANCO GANADERO,11.82,1,8400.0
2026-09-01,2026-09-02,2026-09-02,BANCO PRODEM,11.82,21,20429.0
2026-09-01,2026-09-02,2026-09-02,BANCO GANADERO,11.83,3,640.0
2026-09-01,2026-09-02,2026-09-02,BANCO BISA,11.85,9,56828.0
2026-09-01,2026-09-02,2026-09-02,BANCO ECONOMICO,11.85,6,1393.0
2026-09-01,2026-09-02,2026-09-02,BANCO GANADERO,11.86,1,42.0
2026-09-01,2026-09-02,2026-09-02,BANCO SOLIDARIO,11.88,32,7128.0
2026-09-01,2026-09-02,2026-09-02,BANCO BISA,11.92,41,50935.0
2026-09-01,2026-09-02,2026-09-02,BANCO FIE,11.92,12,65008.0
2026-09-01,2026-09-02,2026-09-02,BANCO GANADERO,11.92,15,121515.0
2026-09-01,2026-09-02,2026-09-02,BANCO BISA,11.95,9,40992.0
2026-09-01,2026-09-02,2026-09-02,BANCO GANADERO,11.95,1,10000.0
2026-09-01,2026-09-02,2026-09-02,BANCO BISA,12.0,4,74404.0
2026-09-01,2026-09-02,2026-09-02,BANCO DE LA NACIÓN ARGENTINA,12.0,1,20000.0
2026-09-01,2026-09-02,2026-09-02,BANCO ECONOMICO,12.0,39,88463.0
2026-09-01,2026-09-02,2026-09-02,BANCO GANADERO,12.0,1,200000.0
2026-09-01,2026-09-02,2026-09-02,BANCO NACIONAL DE BOLIVIA,12.0,1,0.0
2026-09-01,2026-09-02,2026-09-02,BANCO SOLIDARIO,12.0,1,14893.0
2026-09-01,2026-09-02,2026-09-02,BANCO BISA,12.02,2,9474.0
2026-09-01,2026-09-02,2026-09-02,BANCO DE CREDITO,12.02,22,264686.0
2026-09-01,2026-09-02,2026-09-02,BANCO ECONOMICO,12.02,1,100000.0
2026-09-01,2026-09-02,2026-09-02,BANCO FORTALEZA,12.02,2,11371.0
2026-09-01,2026-09-02,2026-09-02,BANCO BISA,12.03,2,200000.0
2026-09-01,2026-09-02,2026-09-02,BANCO BISA,12.05,1,50000.0
2026-09-01,2026-09-02,2026-09-02,BANCO DE CREDITO,12.05,13,97634.0
2026-09-01,2026-09-02,2026-09-02,BANCO BISA,12.1,3,183285.0
2026-09-01,2026-09-02,2026-09-02,BANCO ECONOMICO,12.1,1,326560.0
2026-09-01,2026-09-02,2026-09-02,BANCO GANADERO,12.1,24,113554.0
2026-09-01,2026-09-02,2026-09-02,BANCO NACIONAL DE BOLIVIA,12.1,2,20000.0
2026-09-01,2026-09-02,2026-09-02,BANCO SOLIDARIO,12.1,1,16393.0
2026-09-01,2026-09-02,2026-09-02,BANCO BISA,12.12,3,202880.0
2026-09-01,2026-09-02,2026-09-02,BANCO DE CREDITO,12.12,294,29983.0
2026-09-01,2026-09-02,2026-09-02,BANCO FORTALEZA,12.12,1,8.0
2026-09-01,2026-09-02,2026-09-02,BANCO GANADERO,12.12,133,1499025.0
2026-09-01,2026-09-02,2026-09-02,BANCO NACIONAL DE BOLIVIA,12.12,400,1656139.0
2026-09-01,2026-09-02,2026-09-02,BANCO SOLIDARIO,12.12,1,49935.0
2026-09-01,2026-09-02,2026-09-02,BANCO GANADERO,12.13,1,1000000.0
2026-09-01,2026-09-02,2026-09-02,BANCO BISA,12.15,4,247755.0
2026-09-01,2026-09-02,2026-09-02,BANCO DE CREDITO,12.15,2,45154.0
2026-09-01,2026-09-02,2026-09-02,BANCO ECONOMICO,12.15,1,30000.0
2026-09-01,2026-09-02,2026-09-02,BANCO MERCANTIL SANTA CRUZ,12.15,1,19915.0
2026-09-01,2026-09-02,2026-09-02,BANCO FORTALEZA,12.16,2,265223.0
2026-09-01,2026-09-02,2026-09-02,BANCO GANADERO,12.17,3,345980.0
2026-09-01,2026-09-02,2026-09-02,BANCO BISA,12.18,2,139915.0
2026-09-01,2026-09-02,2026-09-02,BANCO SOLIDARIO,12.18,2,99958.0
2026-09-01,2026-09-02,2026-09-02,BANCO DE CREDITO,12.19,1,4966.0
2026-09-01,2026-09-02,2026-09-02,BANCO MERCANTIL SANTA CRUZ,12.195,1,120000.0
2026-09-01,2026-09-02,2026-09-02,BANCO BISA,12.2,2,550000.0
2026-09-01,2026-09-02,2026-09-02,BANCO GANADERO,12.2,1,273152.0
2026-09-01,2026-09-02,2026-09-02,BANCO SOLIDARIO,12.2,2,4500.0
2026-09-01,2026-09-02,2026-09-02,BANCO NACIONAL DE BOLIVIA,12.21,1,250000.0
2026-09-01,2026-09-02,2026-09-02,BANCO ECONOMICO,12.22,2,115682.0
2026-09-01,2026-09-02,2026-09-02,BANCO GANADERO,12.22,3,3.0
2026-09-01,2026-09-02,2026-09-02,BANCO NACIONAL DE BOLIVIA,12.22,1,1043.0
2026-09-01,2026-09-02,2026-09-02,BANCO SOLIDARIO,12.22,1,1565.0
2026-09-01,2026-09-02,2026-09-02,BANCO FIE,12.23,1,9475.0
2026-09-01,2026-09-02,2026-09-02,BANCO GANADERO,12.23,1,4999921.0
2026-09-01,2026-09-02,2026-09-02,BANCO BISA,12.25,1,352965.0
2026-09-01,2026-09-02,2026-09-02,BANCO SOLIDARIO,12.25,3,135931.0
2026-09-01,2026-09-02,2026-09-02,BANCO DE CREDITO,12.26,2,236271.0
2026-09-01,2026-09-02,2026-09-02,BANCO NACIONAL DE BOLIVIA,12.27,2,2386175.0
2026-09-01,2026-09-02,2026-09-02,BANCO SOLIDARIO,12.28,1,53150.0
2026-09-01,2026-09-02,2026-09-02,BANCO SOLIDARIO,12.3,4,222684.0
2026-09-01,2026-09-02,2026-09-02,BANCO GANADERO,12.31,1,377311.0
2026-09-01,2026-09-02,2026-09-02,BANCO BISA,12.34,1,503658.0
2026-09-01,2026-09-02,2026-09-02,BANCO DE CREDITO,12.35,3,1408249.0
2026-09-01,2026-09-02,2026-09-02,BANCO ECONOMICO,12.35,1,873907.0
2026-09-01,2026-09-02,2026-09-02,BANCO GANADERO,12.35,1,549982.0
2026-09-01,2026-09-02,2026-09-02,BANCO MERCANTIL SANTA CRUZ,12.35,1,1000000.0
2026-09-01,2026-09-02,2026-09-02,BANCO SOLIDARIO,12.35,1,149880.0
2026-09-01,2026-09-02,2026-09-02,BANCO BISA,12.36,1,3965000.0
2026-09-01,2026-09-02,2026-09-02,BANCO DE CREDITO,12.36,3,667476.0
2026-09-01,2026-09-02,2026-09-02,BANCO BISA,12.38,1,199975.0
2026-09-01,2026-09-02,2026-09-02,BANCO DE CREDITO,12.38,7,3610427.0
2026-09-01,2026-09-02,2026-09-02,BANCO DE CREDITO,12.4,1,1499975.0
2026-09-01,2026-09-02,2026-09-02,BANCO SOLIDARIO,12.4,3,879665.0
2026-09-01,2026-09-02,2026-09-02,BANCO SOLIDARIO,12.405,1,99905.0
2026-09-01,2026-09-02,2026-09-02,BANCO FIE,12.41,2,649810.0
2026-09-01,2026-09-02,2026-09-02,BANCO FIE,12.4145,1,500000.0
2026-09-01,2026-09-02,2026-09-02,BANCO FIE,12.42,1,300000.0
2026-09-01,2026-09-02,2026-09-02,BANCO SOLIDARIO,12.45,2,300000.0
2026-09-02,2026-09-03,2026-09-03,BANCO GANADERO,9.63,1,4163.0
2026-09-02,2026-09-03,2026-09-03,BANCO GANADERO,9.73,1,52368.0
2026-09-02,2026-09-03,2026-09-03,BANCO GANADERO,9.96,2,8551.0
2026-09-02,2026-09-03,2026-09-03,BANCO GANADERO,10.0,54,19568.0
2026-09-02,2026-09-03,2026-09-03,BANCO GANADERO,10.5,1,10000.0
2026-09-02,2026-09-03,2026-09-03,BANCO UNION,10.5,38,9131.0
2026-09-02,2026-09-03,2026-09-03,BANCO GANADERO,11.0,1,4262.0
2026-09-02,2026-09-03,2026-09-03,BANCO FORTALEZA,11.45,1,704.0
2026-09-02,2026-09-03,2026-09-03,BANCO GANADERO,11.71,1,108.0
2026-09-02,2026-09-03,2026-09-03,BANCO BISA,11.75,2,87.0
2026-09-02,2026-09-03,2026-09-03,BANCO MERCANTIL SANTA CRUZ,11.76,203,355807.0
2026-09-02,2026-09-03,2026-09-03,BANCO BISA,11.85,8,12121.0
2026-09-02,2026-09-03,2026-09-03,BANCO PYME DE LA COMUNIDAD,11.86,3,1329.0
2026-09-02,2026-09-03,2026-09-03,BANCO PYME ECOFUTURO,11.86,1,75.0
2026-09-02,2026-09-03,2026-09-03,BANCO GANADERO,11.92,11,2038.0
2026-09-02,2026-09-03,2026-09-03,BANCO MERCANTIL SANTA CRUZ,11.92,1,2899.0
2026-09-02,2026-09-03,2026-09-03,BANCO BISA,11.95,10,92021.0
2026-09-02,2026-09-03,2026-09-03,BANCO BISA,11.96,1,200.0
2026-09-02,2026-09-03,2026-09-03,BANCO DE LA NACIÓN ARGENTINA,11.96,22,5170.0
2026-09-02,2026-09-03,2026-09-03,BANCO PRODEM,11.96,13,2080.0
2026-09-02,2026-09-03,2026-09-03,BANCO SOLIDARIO,12.01,26,6911.0
2026-09-02,2026-09-03,2026-09-03,BANCO BISA,12.02,6,15432.0
2026-09-02,2026-09-03,2026-09-03,BANCO BISA,12.06,33,73672.0
2026-09-02,2026-09-03,2026-09-03,BANCO DE CREDITO,12.06,12,15029.0
2026-09-02,2026-09-03,2026-09-03,BANCO FIE,12.06,16,86535.0
2026-09-02,2026-09-03,2026-09-03,BANCO MERCANTIL SANTA CRUZ,12.06,1,7265.0
2026-09-02,2026-09-03,2026-09-03,BANCO BISA,12.1,7,29980.0
2026-09-02,2026-09-03,2026-09-03,BANCO BISA,12.12,1,10000.0
2026-09-02,2026-09-03,2026-09-03,BANCO GANADERO,12.12,19,53148.0
2026-09-02,2026-09-03,2026-09-03,BANCO NACIONAL DE BOLIVIA,12.12,1,816.0
2026-09-02,2026-09-03,2026-09-03,BANCO ECONOMICO,12.14,59,59282.0
2026-09-02,2026-09-03,2026-09-03,BANCO BISA,12.15,1,3808.0
2026-09-02,2026-09-03,2026-09-03,BANCO DE CREDITO,12.15,1,26237.0
2026-09-02,2026-09-03,2026-09-03,BANCO GANADERO,12.15,1,50000.0
2026-09-02,2026-09-03,2026-09-03,BANCO BISA,12.16,1,1050.0
2026-09-02,2026-09-03,2026-09-03,BANCO DE CREDITO,12.16,1,1000.0
2026-09-02,2026-09-03,2026-09-03,BANCO FORTALEZA,12.16,4,7596.0
2026-09-02,2026-09-03,2026-09-03,BANCO MERCANTIL SANTA CRUZ,12.16,1,47387.0
2026-09-02,2026-09-03,2026-09-03,BANCO NACIONAL DE BOLIVIA,12.16,1,300000.0
2026-09-02,2026-09-03,2026-09-03,BANCO UNION,12.16,1,34715.0
2026-09-02,2026-09-03,2026-09-03,BANCO BISA,12.2,1,14980.0
2026-09-02,2026-09-03,2026-09-03,BANCO DE CREDITO,12.2,1,32000.0
2026-09-02,2026-09-03,2026-09-03,BANCO SOLIDARIO,12.2,2,18600.0
2026-09-02,2026-09-03,2026-09-03,BANCO GANADERO,12.24,16,116790.0
2026-09-02,2026-09-03,2026-09-03,BANCO SOLIDARIO,12.24,1,4430.0
2026-09-02,2026-09-03,2026-09-03,BANCO BISA,12.25,1,74920.0
2026-09-02,2026-09-03,2026-09-03,BANCO SOLIDARIO,12.25,2,160956.0
2026-09-02,2026-09-03,2026-09-03,BANCO BISA,12.255,1,24999980.0
2026-09-02,2026-09-03,2026-09-03,BANCO DE CREDITO,12.26,3,132553.0
2026-09-02,2026-09-03,2026-09-03,BANCO FORTALEZA,12.26,2,101.0
2026-09-02,2026-09-03,2026-09-03,BANCO GANADERO,12.26,33,1542186.0
2026-09-02,2026-09-03,2026-09-03,BANCO MERCANTIL SANTA CRUZ,12.26,1,1267.0
2026-09-02,2026-09-03,2026-09-03,BANCO NACIONAL DE BOLIVIA,12.26,402,1465949.0
2026-09-02,2026-09-03,2026-09-03,BANCO MERCANTIL SANTA CRUZ,12.29,1,12882.0
2026-09-02,2026-09-03,2026-09-03,BANCO BISA,12.3,1,80000.0
2026-09-02,2026-09-03,2026-09-03,BANCO DE CREDITO,12.3,405,553048.0
2026-09-02,2026-09-03,2026-09-03,BANCO NACIONAL DE BOLIVIA,12.3,2,90000.0
2026-09-02,2026-09-03,2026-09-03,BANCO SOLIDARIO,12.3,3,210431.0
2026-09-02,2026-09-03,2026-09-03,BANCO ECONOMICO,12.35,2,2500000.0
2026-09-02,2026-09-03,2026-09-03,BANCO DE CREDITO,12.36,1,187540.0
2026-09-02,2026-09-03,2026-09-03,BANCO GANADERO,12.36,8,87.0
2026-09-02,2026-09-03,2026-09-03,BANCO MERCANTIL SANTA CRUZ,12.36,1,200000.0
2026-09-02,2026-09-03,2026-09-03,BANCO UNION,12.36,1,199930.0
2026-09-02,2026-09-03,2026-09-03,BANCO MERCANTIL SANTA CRUZ,12.38,1,73915.0
2026-09-02,2026-09-03,2026-09-03,BANCO GANADERO,12.385,1,699980.0
2026-09-02,2026-09-03,2026-09-03,BANCO GANADERO,12.39,1,1000000.0
2026-09-02,2026-09-03,2026-09-03,BANCO DE CREDITO,12.4,1,299915.0
2026-09-02,2026-09-03,2026-09-03,BANCO ECONOMICO,12.4,1,150000.0
2026-09-02,2026-09-03,2026-09-03,BANCO GANADERO,12.4,1,199975.0
2026-09-02,2026-09-03,2026-09-03,BANCO MERCANTIL SANTA CRUZ,12.4,1,400000.0
2026-09-02,2026-09-03,2026-09-03,BANCO BISA,12.405,1,1510415.0
2026-09-02,2026-09-03,2026-09-03,BANCO SOLIDARIO,12.405,1,6462.0
2026-09-02,2026-09-03,2026-09-03,BANCO SOLIDARIO,12.41,2,1500000.0
2026-09-02,2026-09-03,2026-09-03,BANCO FIE,12.43,1,49975.0
2026-09-02,2026-09-03,2026-09-03,BANCO FIE,12.4325,1,1500000.0
2026-09-02,2026-09-03,2026-09-03,BANCO SOLIDARIO,12.44,1,1599905.0
2026-09-02,2026-09-03,2026-09-03,BANCO ECONOMICO,12.45,1,199983.0
2026-09-02,2026-09-03,2026-09-03,BANCO SOLIDARIO,12.45,1,2044312.0
2026-09-02,2026-09-03,2026-09-03,BANCO MERCANTIL SANTA CRUZ,12.455,1,2043442.0
2026-09-02,2026-09-03,2026-09-03,BANCO FIE,12.4716,1,1700000.0
2026-09-02,2026-09-03,2026-09-03,BANCO ECONOMICO,12.5,1,500000.0
2026-09-02,2026-09-03,2026-09-03,BANCO GANADERO,12.5,2,599950.0
2026-09-02,2026-09-03,2026-09-03,BANCO FIE,12.51,1,130000.0
2026-09-02,2026-09-03,2026-09-03,BANCO ECONOMICO,12.52,1,45825.0
2026-09-02,2026-09-03,2026-09-03,BANCO ECONOMICO,12.55,3,859556.0
2026-09-02,2026-09-03,2026-09-03,BANCO FORTALEZA,12.55,1,739963.0
2026-09-02,2026-09-03,2026-09-03,BANCO PYME ECOFUTURO,12.55,1,500000.0
2026-09-02,2026-09-03,2026-09-03,BANCO MERCANTIL SANTA CRUZ,12.552,1,269663.0
2026-09-02,2026-09-03,2026-09-03,BANCO DE CREDITO,12.58,1,2158.0
2026-09-03,2026-09-04,2026-09-04,BANCO GANADERO,9.63,1,8917.0
2026-09-03,2026-09-04,2026-09-04,BANCO GANADERO,9.73,1,47443.0
2026-09-03,2026-09-04,2026-09-04,BANCO GANADERO,9.96,1,12495.0
2026-09-03,2026-09-04,2026-09-04,BANCO GANADERO,10.0,37,20822.0
2026-09-03,2026-09-04,2026-09-04,BANCO UNION,10.5,22,2014.0
2026-09-03,2026-09-04,2026-09-04,BANCO GANADERO,11.5,1,157.0
2026-09-03,2026-09-04,2026-09-04,BANCO DE CREDITO,11.64,1,5787.0
2026-09-03,2026-09-04,2026-09-04,BANCO DE CREDITO,11.79,1,4287.0
2026-09-03,2026-09-04,2026-09-04,BANCO MERCANTIL SANTA CRUZ,11.82,209,186566.0
2026-09-03,2026-09-04,2026-09-04,BANCO FORTALEZA,11.9,1,45000.0
2026-09-03,2026-09-04,2026-09-04,BANCO GANADERO,11.92,8,540.0
2026-09-03,2026-09-04,2026-09-04,BANCO PYME DE LA COMUNIDAD,11.92,6,1553.0
2026-09-03,2026-09-04,2026-09-04,BANCO PYME ECOFUTURO,11.92,3,2.0
2026-09-03,2026-09-04,2026-09-04,BANCO BISA,11.95,11,64732.0
2026-09-03,2026-09-04,2026-09-04,BANCO DE CREDITO,12.0,1,3987.0
2026-09-03,2026-09-04,2026-09-04,BANCO GANADERO,12.0,1,10000.0
2026-09-03,2026-09-04,2026-09-04,BANCO DE LA NACIÓN ARGENTINA,12.02,33,21935.0
2026-09-03,2026-09-04,2026-09-04,BANCO PRODEM,12.02,22,11869.0
2026-09-03,2026-09-04,2026-09-04,BANCO BISA,12.06,5,15517.0
2026-09-03,2026-09-04,2026-09-04,BANCO SOLIDARIO,12.07,27,3088.0
2026-09-03,2026-09-04,2026-09-04,BANCO BISA,12.1,13,56792.0
2026-09-03,2026-09-04,2026-09-04,BANCO BISA,12.12,52,82000.0
2026-09-03,2026-09-04,2026-09-04,BANCO DE CREDITO,12.12,32,113563.0
2026-09-03,2026-09-04,2026-09-04,BANCO FIE,12.12,17,2145.0
2026-09-03,2026-09-04,2026-09-04,BANCO GANADERO,12.12,14,7321.0
2026-09-03,2026-09-04,2026-09-04,BANCO NACIONAL DE BOLIVIA,12.12,1,4963.0
2026-09-03,2026-09-04,2026-09-04,BANCO DE CREDITO,12.15,1,8000.0
2026-09-03,2026-09-04,2026-09-04,BANCO DE CREDITO,12.19,1,387.0
2026-09-03,2026-09-04,2026-09-04,BANCO DE CREDITO,12.2,1,14950.0
2026-09-03,2026-09-04,2026-09-04,BANCO ECONOMICO,12.2,43,82004.0
2026-09-03,2026-09-04,2026-09-04,BANCO FIE,12.2,1,50000.0
2026-09-03,2026-09-04,2026-09-04,BANCO MERCANTIL SANTA CRUZ,12.2,1,15000.0
2026-09-03,2026-09-04,2026-09-04,BANCO SOLIDARIO,12.2,1,2605.0
2026-09-03,2026-09-04,2026-09-04,BANCO BISA,12.22,1,39434.0
2026-09-03,2026-09-04,2026-09-04,BANCO FORTALEZA,12.22,3,8044.0
2026-09-03,2026-09-04,2026-09-04,BANCO MERCANTIL SANTA CRUZ,12.22,1,10000.0
2026-09-03,2026-09-04,2026-09-04,BANCO SOLIDARIO,12.22,1,399.0
2026-09-03,2026-09-04,2026-09-04,BANCO BISA,12.25,1,5500.0
2026-09-03,2026-09-04,2026-09-04,BANCO GANADERO,12.26,27,52320.0
2026-09-03,2026-09-04,2026-09-04,BANCO DE CREDITO,12.3,1,579464.0
2026-09-03,2026-09-04,2026-09-04,BANCO GANADERO,12.3,20,141136.0
2026-09-03,2026-09-04,2026-09-04,BANCO SOLIDARIO,12.3,5,48975.0
2026-09-03,2026-09-04,2026-09-04,BANCO BISA,12.32,4,163343.0
2026-09-03,2026-09-04,2026-09-04,BANCO DE CREDITO,12.32,6,342723.0
2026-09-03,2026-09-04,2026-09-04,BANCO DE LA NACIÓN ARGENTINA,12.32,1,24500.0
2026-09-03,2026-09-04,2026-09-04,BANCO FORTALEZA,12.32,3,100070.0
2026-09-03,2026-09-04,2026-09-04,BANCO GANADERO,12.32,23,1539904.0
2026-09-03,2026-09-04,2026-09-04,BANCO MERCANTIL SANTA CRUZ,12.32,3,78221.0
2026-09-03,2026-09-04,2026-09-04,BANCO NACIONAL DE BOLIVIA,12.32,315,634408.0
2026-09-03,2026-09-04,2026-09-04,BANCO SOLIDARIO,12.32,7,359130.0
2026-09-03,2026-09-04,2026-09-04,BANCO DE CREDITO,12.35,2,31270.0
2026-09-03,2026-09-04,2026-09-04,BANCO NACIONAL DE BOLIVIA,12.355,1,1000000.0
2026-09-03,2026-09-04,2026-09-04,BANCO BISA,12.36,1,49919.0
2026-09-03,2026-09-04,2026-09-04,BANCO DE CREDITO,12.36,2,1497245.0
2026-09-03,2026-09-04,2026-09-04,BANCO BISA,12.37,7,1932722.0
2026-09-03,2026-09-04,2026-09-04,BANCO BISA,12.38,1,18480.0
2026-09-03,2026-09-04,2026-09-04,BANCO DE CREDITO,12.38,2,47196.0
2026-09-03,2026-09-04,2026-09-04,BANCO SOLIDARIO,12.38,2,100000.0
2026-09-03,2026-09-04,2026-09-04,BANCO BISA,12.4,1,54793.0
2026-09-03,2026-09-04,2026-09-04,BANCO DE CREDITO,12.4,2,411372.0
2026-09-03,2026-09-04,2026-09-04,BANCO FIE,12.4,2,152000.0
2026-09-03,2026-09-04,2026-09-04,BANCO NACIONAL DE BOLIVIA,12.4,3,1220770.0
2026-09-03,2026-09-04,2026-09-04,BANCO SOLIDARIO,12.4,5,109570.0
2026-09-03,2026-09-04,2026-09-04,BANCO DE CREDITO,12.42,487,100111.0
2026-09-03,2026-09-04,2026-09-04,BANCO GANADERO,12.42,8,204.0
2026-09-03,2026-09-04,2026-09-04,BANCO MERCANTIL SANTA CRUZ,12.42,5,63203.0
2026-09-03,2026-09-04,2026-09-04,BANCO NACIONAL DE BOLIVIA,12.42,2,372580.0
2026-09-03,2026-09-04,2026-09-04,BANCO MERCANTIL SANTA CRUZ,12.43,1,100000.0
2026-09-03,2026-09-04,2026-09-04,BANCO BISA,12.45,3,5167749.0
2026-09-03,2026-09-04,2026-09-04,BANCO GANADERO,12.45,1,199980.0
2026-09-03,2026-09-04,2026-09-04,BANCO SOLIDARIO,12.45,1,29870.0
2026-09-03,2026-09-04,2026-09-04,BANCO FIE,12.453,1,199810.0
2026-09-03,2026-09-04,2026-09-04,BANCO BISA,12.46,1,120000.0
2026-09-03,2026-09-04,2026-09-04,BANCO GANADERO,12.49,1,3999921.0
2026-09-03,2026-09-04,2026-09-04,BANCO BISA,12.5,3,1221975.0
2026-09-03,2026-09-04,2026-09-04,BANCO GANADERO,12.5,1,168770.0
2026-09-03,2026-09-04,2026-09-04,BANCO SOLIDARIO,12.5,1,199905.0
2026-09-03,2026-09-04,2026-09-04,BANCO FIE,12.51,1,119000.0
2026-09-03,2026-09-04,2026-09-04,BANCO GANADERO,12.51,3,589592.0
2026-09-03,2026-09-04,2026-09-04,BANCO ECONOMICO,12.52,1,25.0
2026-09-03,2026-09-04,2026-09-04,BANCO MERCANTIL SANTA CRUZ,12.595,1,250000.0
2026-09-03,2026-09-04,2026-09-04,BANCO BISA,12.6,1,499975.0
2026-09-03,2026-09-04,2026-09-04,BANCO DE CREDITO,12.6,1,500000.0
2026-09-03,2026-09-04,2026-09-04,BANCO MERCANTIL SANTA CRUZ,12.6,1,209940.0
2026-09-03,2026-09-04,2026-09-04,BANCO SOLIDARIO,12.6,1,799880.0
2026-09-03,2026-09-04,2026-09-04,BANCO MERCANTIL SANTA CRUZ,12.62,1,999920.0
2026-09-03,2026-09-04,2026-09-04,BANCO DE CREDITO,12.63,1,360402.0
2026-09-03,2026-09-04,2026-09-04,BANCO ECONOMICO,12.65,1,172383.0
2026-09-03,2026-09-04,2026-09-04,BANCO FIE,12.6505,1,799975.0
2026-09-03,2026-09-04,2026-09-04,BANCO GANADERO,12.66,1,2000000.0
2026-09-03,2026-09-04,2026-09-04,BANCO SOLIDARIO,12.675,2,1349810.0
2026-09-04,2026-09-05,2026-09-07,BANCO GANADERO,9.63,1,7916.0
2026-09-04,2026-09-05,2026-09-07,BANCO GANADERO,9.73,1,39891.0
2026-09-04,2026-09-05,2026-09-07,BANCO GANADERO,9.96,1,9415.0
2026-09-04,2026-09-05,2026-09-07,BANCO FORTALEZA,10.0,1,0.0
2026-09-04,2026-09-05,2026-09-07,BANCO GANADERO,10.0,52,40607.0
2026-09-04,2026-09-05,2026-09-07,BANCO UNION,10.5,41,13400.0
2026-09-04,2026-09-05,2026-09-07,BANCO DE CREDITO,11.64,2,7984.0
2026-09-04,2026-09-05,2026-09-07,BANCO GANADERO,11.71,2,273.0
2026-09-04,2026-09-05,2026-09-07,BANCO GANADERO,11.92,2,183.0
2026-09-04,2026-09-05,2026-09-07,BANCO BISA,11.95,6,16413.0
2026-09-04,2026-09-05,2026-09-07,BANCO MERCANTIL SANTA CRUZ,11.95,335,801467.0
2026-09-04,2026-09-05,2026-09-07,BANCO PYME DE LA COMUNIDAD,12.05,2,5030.0
2026-09-04,2026-09-05,2026-09-07,BANCO BISA,12.1,13,56556.0
2026-09-04,2026-09-05,2026-09-07,BANCO BISA,12.12,2,5820.0
2026-09-04,2026-09-05,2026-09-07,BANCO GANADERO,12.12,2,566.0
2026-09-04,2026-09-05,2026-09-07,BANCO DE LA NACIÓN ARGENTINA,12.15,15,4190.0
2026-09-04,2026-09-05,2026-09-07,BANCO PRODEM,12.15,15,19061.0
2026-09-04,2026-09-05,2026-09-07,BANCO ECONOMICO,12.2,20,77942.0
2026-09-04,2026-09-05,2026-09-07,BANCO SOLIDARIO,12.2,36,9014.0
2026-09-04,2026-09-05,2026-09-07,BANCO BISA,12.25,53,72463.0
2026-09-04,2026-09-05,2026-09-07,BANCO DE CREDITO,12.25,40,136814.0
2026-09-04,2026-09-05,2026-09-07,BANCO MERCANTIL SANTA CRUZ,12.25,3,34200.0
2026-09-04,2026-09-05,2026-09-07,BANCO GANADERO,12.26,18,11685.0
2026-09-04,2026-09-05,2026-09-07,BANCO UNION,12.27,1,19970.0
2026-09-04,2026-09-05,2026-09-07,BANCO BISA,12.3,2,77396.0
2026-09-04,2026-09-05,2026-09-07,BANCO DE CREDITO,12.3,2,49325.0
2026-09-04,2026-09-05,2026-09-07,BANCO MERCANTIL SANTA CRUZ,12.3,2,54718.0
2026-09-04,2026-09-05,2026-09-07,BANCO BISA,12.32,6,7096.0
2026-09-04,2026-09-05,2026-09-07,BANCO GANADERO,12.32,24,79559.0
2026-09-04,2026-09-05,2026-09-07,BANCO BISA,12.35,10,75372.0
2026-09-04,2026-09-05,2026-09-07,BANCO DE CREDITO,12.35,1,17315.0
2026-09-04,2026-09-05,2026-09-07,BANCO ECONOMICO,12.35,31,174578.0
2026-09-04,2026-09-05,2026-09-07,BANCO FORTALEZA,12.35,4,8299.0
2026-09-04,2026-09-05,2026-09-07,BANCO DE CREDITO,12.38,2,6065.0
2026-09-04,2026-09-05,2026-09-07,BANCO DE LA NACIÓN ARGENTINA,12.4,3,56800.0
2026-09-04,2026-09-05,2026-09-07,BANCO FORTALEZA,12.4,1,33630.0
2026-09-04,2026-09-05,2026-09-07,BANCO MERCANTIL SANTA CRUZ,12.4,1,12150.0
2026-09-04,2026-09-05,2026-09-07,BANCO NACIONAL DE BOLIVIA,12.4,2,1059005.0
2026-09-04,2026-09-05,2026-09-07,BANCO SOLIDARIO,12.4,3,28183.0
2026-09-04,2026-09-05,2026-09-07,BANCO BISA,12.43,1,94746.0
2026-09-04,2026-09-05,2026-09-07,BANCO GANADERO,12.43,19,112819.0
2026-09-04,2026-09-05,2026-09-07,BANCO NACIONAL DE BOLIVIA,12.446,2,1.0
2026-09-04,2026-09-05,2026-09-07,BANCO BISA,12.45,2,41.0
2026-09-04,2026-09-05,2026-09-07,BANCO DE CREDITO,12.45,9,1316419.0
2026-09-04,2026-09-05,2026-09-07,BANCO DE LA NACIÓN ARGENTINA,12.45,1,100.0
2026-09-04,2026-09-05,2026-09-07,BANCO ECONOMICO,12.45,1,26641.0
2026-09-04,2026-09-05,2026-09-07,BANCO FIE,12.45,29,553384.0
2026-09-04,2026-09-05,2026-09-07,BANCO FORTALEZA,12.45,3,41.0
2026-09-04,2026-09-05,2026-09-07,BANCO GANADERO,12.45,140,4547229.0
2026-09-04,2026-09-05,2026-09-07,BANCO MERCANTIL SANTA CRUZ,12.45,1,1000000.0
2026-09-04,2026-09-05,2026-09-07,BANCO NACIONAL DE BOLIVIA,12.45,460,2959242.0
2026-09-04,2026-09-05,2026-09-07,BANCO SOLIDARIO,12.45,1,28785.0
2026-09-04,2026-09-05,2026-09-07,BANCO NACIONAL DE BOLIVIA,12.451,1,3.0
2026-09-04,2026-09-05,2026-09-07,BANCO BISA,12.48,3,23501.0
2026-09-04,2026-09-05,2026-09-07,BANCO DE CREDITO,12.48,4,136051.0
2026-09-04,2026-09-05,2026-09-07,BANCO GANADERO,12.48,1,427829.0
2026-09-04,2026-09-05,2026-09-07,BANCO BISA,12.5,6,5444303.0
2026-09-04,2026-09-05,2026-09-07,BANCO DE CREDITO,12.5,2,144925.0
2026-09-04,2026-09-05,2026-09-07,BANCO ECONOMICO,12.5,1,99956.0
2026-09-04,2026-09-05,2026-09-07,BANCO SOLIDARIO,12.5,4,68078.0
2026-09-04,2026-09-05,2026-09-07,BANCO NACIONAL DE BOLIVIA,12.52,1,500000.0
2026-09-04,2026-09-05,2026-09-07,BANCO GANADERO,12.54,1,480402.0
2026-09-04,2026-09-05,2026-09-07,BANCO BISA,12.55,5,1200222.0
2026-09-04,2026-09-05,2026-09-07,BANCO DE CREDITO,12.55,8,49230.0
2026-09-04,2026-09-05,2026-09-07,BANCO GANADERO,12.55,3,4.0
2026-09-04,2026-09-05,2026-09-07,BANCO MERCANTIL SANTA CRUZ,12.55,2,101850.0
2026-09-04,2026-09-05,2026-09-07,BANCO NACIONAL DE BOLIVIA,12.55,1,1800.0
2026-09-04,2026-09-05,2026-09-07,BANCO DE CREDITO,12.56,1,421000.0
2026-09-04,2026-09-05,2026-09-07,BANCO MERCANTIL SANTA CRUZ,12.56,1,1031979.0
2026-09-04,2026-09-05,2026-09-07,BANCO FORTALEZA,12.565,1,185815.0
2026-09-04,2026-09-05,2026-09-07,BANCO BISA,12.58,3,769895.0
2026-09-04,2026-09-05,2026-09-07,BANCO DE CREDITO,12.58,444,79697.0
2026-09-04,2026-09-05,2026-09-07,BANCO ECONOMICO,12.6,2,2599980.0
2026-09-04,2026-09-05,2026-09-07,BANCO GANADERO,12.6,6,2595290.0
2026-09-04,2026-09-05,2026-09-07,BANCO MERCANTIL SANTA CRUZ,12.6,5,624859.0
2026-09-04,2026-09-05,2026-09-07,BANCO SOLIDARIO,12.6,2,104608.0
2026-09-04,2026-09-05,2026-09-07,BANCO BISA,12.62,1,1172400.0
2026-09-04,2026-09-05,2026-09-07,BANCO GANADERO,12.62,1,500000.0
2026-09-04,2026-09-05,2026-09-07,BANCO GANADERO,12.63,1,324000.0
2026-09-04,2026-09-05,2026-09-07,BANCO SOLIDARIO,12.632,2,100000.0
2026-09-04,2026-09-05,2026-09-07,BANCO ECONOMICO,12.64,1,599960.0
2026-09-04,2026-09-05,2026-09-07,BANCO SOLIDARIO,12.64,1,479905.0
2026-09-04,2026-09-05,2026-09-07,BANCO BISA,12.65,1,500000.0
2026-09-04,2026-09-05,2026-09-07,BANCO DE CREDITO,12.65,3,1004943.0
2026-09-04,2026-09-05,2026-09-07,BANCO ECONOMICO,12.65,2,476982.0
2026-09-04,2026-09-05,2026-09-07,BANCO MERCANTIL SANTA CRUZ,12.65,2,3000000.0
2026-09-04,2026-09-05,2026-09-07,BANCO MERCANTIL SANTA CRUZ,12.651,1,109940.0
2026-09-04,2026-09-05,2026-09-07,BANCO DE CREDITO,12.67,1,499940.0
2026-09-04,2026-09-05,2026-09-07,BANCO GANADERO,12.67,2,1789471.0
2026-09-04,2026-09-05,2026-09-07,BANCO GANADERO,12.68,1,500000.0
2026-09-04,2026-09-05,2026-09-07,BANCO MERCANTIL SANTA CRUZ,12.708,1,999895.0
2026-09-04,2026-09-05,2026-09-07,BANCO FORTALEZA,12.71,1,472287.0
2026-09-04,2026-09-05,2026-09-07,BANCO MERCANTIL SANTA CRUZ,12.71,3,739847.0
2026-09-04,2026-09-05,2026-09-07,BANCO FIE,12.7105,1,999975.0
2026-09-04,2026-09-05,2026-09-07,BANCO GANADERO,12.715,1,1499975.0
2026-09-04,2026-09-05,2026-09-07,BANCO DE CREDITO,12.73,1,500000.0
2026-09-04,2026-09-05,2026-09-07,BANCO GANADERO,12.74,1,6999921.0
2026-09-04,2026-09-05,2026-09-07,BANCO MERCANTIL SANTA CRUZ,12.75,1,449932.0
2026-09-04,2026-09-05,2026-09-07,BANCO DE CREDITO,12.76,2,90000.0
2026-09-04,2026-09-05,2026-09-07,BANCO GANADERO,12.76,1,600000.0
2026-09-04,2026-09-05,2026-09-07,BANCO MERCANTIL SANTA CRUZ,12.76,1,1500000.0
2026-09-07,2026-09-08,2026-09-08,BANCO GANADERO,9.63,1,14973.0
2026-09-07,2026-09-08,2026-09-08,BANCO GANADERO,9.73,1,73156.0
2026-09-07,2026-09-08,2026-09-08,BANCO GANADERO,9.96,1,7546.0
2026-09-07,2026-09-08,2026-09-08,BANCO GANADERO,10.0,35,2901.0
2026-09-07,2026-09-08,2026-09-08,BANCO GANADERO,10.5,1,20500.0
2026-09-07,2026-09-08,2026-09-08,BANCO GANADERO,11.0,1,6500.0
2026-09-07,2026-09-08,2026-09-08,BANCO UNION,11.3,34,2530.0
2026-09-07,2026-09-08,2026-09-08,BANCO SOLIDARIO,11.62,1,130.0
2026-09-07,2026-09-08,2026-09-08,BANCO GANADERO,11.92,1,545.0
2026-09-07,2026-09-08,2026-09-08,BANCO NACIONAL DE BOLIVIA,12.0,2,5431.0
2026-09-07,2026-09-08,2026-09-08,BANCO MERCANTIL SANTA CRUZ,12.08,206,86750.0
2026-09-07,2026-09-08,2026-09-08,BANCO BISA,12.12,4,1006.0
2026-09-07,2026-09-08,2026-09-08,BANCO GANADERO,12.12,1,1651.0
2026-09-07,2026-09-08,2026-09-08,BANCO PYME DE LA COMUNIDAD,12.18,7,3382.0
2026-09-07,2026-09-08,2026-09-08,BANCO PYME ECOFUTURO,12.18,1,1.0
2026-09-07,2026-09-08,2026-09-08,BANCO ECONOMICO,12.2,47,37607.0
2026-09-07,2026-09-08,2026-09-08,BANCO BISA,12.25,1,218.0
2026-09-07,2026-09-08,2026-09-08,BANCO GANADERO,12.26,4,2685.0
2026-09-07,2026-09-08,2026-09-08,BANCO DE LA NACIÓN ARGENTINA,12.28,20,2432.0
2026-09-07,2026-09-08,2026-09-08,BANCO PRODEM,12.28,23,15894.0
2026-09-07,2026-09-08,2026-09-08,BANCO GANADERO,12.32,10,2618.0
2026-09-07,2026-09-08,2026-09-08,BANCO SOLIDARIO,12.33,44,12862.0
2026-09-07,2026-09-08,2026-09-08,BANCO BISA,12.38,26,33655.0
2026-09-07,2026-09-08,2026-09-08,BANCO DE CREDITO,12.38,20,120646.0
2026-09-07,2026-09-08,2026-09-08,BANCO BISA,12.4,1,30000.0
2026-09-07,2026-09-08,2026-09-08,BANCO BISA,12.45,1,38723.0
2026-09-07,2026-09-08,2026-09-08,BANCO GANADERO,12.45,13,16877.0
2026-09-07,2026-09-08,2026-09-08,BANCO MERCANTIL SANTA CRUZ,12.45,1,19134.0
2026-09-07,2026-09-08,2026-09-08,BANCO SOLIDARIO,12.45,1,3560.0
2026-09-07,2026-09-08,2026-09-08,BANCO BISA,12.47,2,60000.0
2026-09-07,2026-09-08,2026-09-08,BANCO NACIONAL DE BOLIVIA,12.47,1,902864.0
2026-09-07,2026-09-08,2026-09-08,BANCO BISA,12.48,4,25380.0
2026-09-07,2026-09-08,2026-09-08,BANCO DE CREDITO,12.48,1,129988.0
2026-09-07,2026-09-08,2026-09-08,BANCO FORTALEZA,12.48,8,5969.0
2026-09-07,2026-09-08,2026-09-08,BANCO MERCANTIL SANTA CRUZ,12.48,1,2500.0
2026-09-07,2026-09-08,2026-09-08,BANCO BISA,12.5,10,626297.0
2026-09-07,2026-09-08,2026-09-08,BANCO NACIONAL DE BOLIVIA,12.5,1,273152.0
2026-09-07,2026-09-08,2026-09-08,BANCO SOLIDARIO,12.5,2,230000.0
2026-09-07,2026-09-08,2026-09-08,BANCO GANADERO,12.54,1,480402.0
2026-09-07,2026-09-08,2026-09-08,BANCO DE CREDITO,12.55,5,116187.0
2026-09-07,2026-09-08,2026-09-08,BANCO SOLIDARIO,12.55,1,153713.0
2026-09-07,2026-09-08,2026-09-08,BANCO NACIONAL DE BOLIVIA,12.556,1,0.0
2026-09-07,2026-09-08,2026-09-08,BANCO GANADERO,12.56,17,147170.0
2026-09-07,2026-09-08,2026-09-08,BANCO NACIONAL DE BOLIVIA,12.579,1,0.0
2026-09-07,2026-09-08,2026-09-08,BANCO BISA,12.58,1,69626.0
2026-09-07,2026-09-08,2026-09-08,BANCO DE CREDITO,12.58,5,81628.0
2026-09-07,2026-09-08,2026-09-08,BANCO FIE,12.58,35,654522.0
2026-09-07,2026-09-08,2026-09-08,BANCO FORTALEZA,12.58,1,6.0
2026-09-07,2026-09-08,2026-09-08,BANCO GANADERO,12.58,58,1528513.0
2026-09-07,2026-09-08,2026-09-08,BANCO MERCANTIL SANTA CRUZ,12.58,4,154440.0
2026-09-07,2026-09-08,2026-09-08,BANCO NACIONAL DE BOLIVIA,12.58,456,1598073.0
2026-09-07,2026-09-08,2026-09-08,BANCO DE CREDITO,12.6,2,368302.0
2026-09-07,2026-09-08,2026-09-08,BANCO ECONOMICO,12.6,1,350000.0
2026-09-07,2026-09-08,2026-09-08,BANCO FIE,12.6,3,209924.0
2026-09-07,2026-09-08,2026-09-08,BANCO NACIONAL DE BOLIVIA,12.6,5,866370.0
2026-09-07,2026-09-08,2026-09-08,BANCO BISA,12.62,2,361960.0
2026-09-07,2026-09-08,2026-09-08,BANCO FORTALEZA,12.625,1,70031.0
2026-09-07,2026-09-08,2026-09-08,BANCO GANADERO,12.63,1,400000.0
2026-09-07,2026-09-08,2026-09-08,BANCO BISA,12.64,1,119916.0
2026-09-07,2026-09-08,2026-09-08,BANCO DE CREDITO,12.65,3,183219.0
2026-09-07,2026-09-08,2026-09-08,BANCO GANADERO,12.65,2,1310040.0
2026-09-07,2026-09-08,2026-09-08,BANCO BISA,12.68,1,137834.0
2026-09-07,2026-09-08,2026-09-08,BANCO DE CREDITO,12.68,523,88782.0
2026-09-07,2026-09-08,2026-09-08,BANCO GANADERO,12.68,5,4.0
2026-09-07,2026-09-08,2026-09-08,BANCO MERCANTIL SANTA CRUZ,12.68,2,41265.0
2026-09-07,2026-09-08,2026-09-08,BANCO NACIONAL DE BOLIVIA,12.68,1,1200.0
2026-09-07,2026-09-08,2026-09-08,BANCO BISA,12.7,2,473535.0
2026-09-07,2026-09-08,2026-09-08,BANCO MERCANTIL SANTA CRUZ,12.7,1,3999895.0
2026-09-07,2026-09-08,2026-09-08,BANCO DE CREDITO,12.76,2,1351516.0
2026-09-08,2026-09-09,2026-09-09,BANCO GANADERO,9.63,1,5890.0
2026-09-08,2026-09-09,2026-09-09,BANCO GANADERO,9.73,2,61720.0
2026-09-08,2026-09-09,2026-09-09,BANCO GANADERO,9.96,1,7046.0
2026-09-08,2026-09-09,2026-09-09,BANCO GANADERO,10.0,50,9997.0
2026-09-08,2026-09-09,2026-09-09,BANCO UNION,10.5,1,5.0
2026-09-08,2026-09-09,2026-09-09,BANCO FORTALEZA,11.0,1,50.0
2026-09-08,2026-09-09,2026-09-09,BANCO GANADERO,11.2,1,2170.0
2026-09-08,2026-09-09,2026-09-09,BANCO UNION,11.3,34,2609.0
2026-09-08,2026-09-09,2026-09-09,BANCO FORTALEZA,11.5,2,16.0
2026-09-08,2026-09-09,2026-09-09,BANCO BISA,11.6,1,173.0
2026-09-08,2026-09-09,2026-09-09,BANCO BISA,11.75,1,11.0
2026-09-08,2026-09-09,2026-09-09,BANCO GANADERO,11.92,3,198.0
2026-09-08,2026-09-09,2026-09-09,BANCO BISA,11.95,2,1314.0
2026-09-08,2026-09-09,2026-09-09,BANCO FORTALEZA,12.0,1,10938.0
2026-09-08,2026-09-09,2026-09-09,BANCO GANADERO,12.02,1,80.0
2026-09-08,2026-09-09,2026-09-09,BANCO GANADERO,12.05,1,12200.0
2026-09-08,2026-09-09,2026-09-09,BANCO BISA,12.1,4,5469.0
2026-09-08,2026-09-09,2026-09-09,BANCO MERCANTIL SANTA CRUZ,12.1,204,536871.0
2026-09-08,2026-09-09,2026-09-09,BANCO NACIONAL DE BOLIVIA,12.1,207,255244.0
2026-09-08,2026-09-09,2026-09-09,BANCO ECONOMICO,12.2,47,68900.0
2026-09-08,2026-09-09,2026-09-09,BANCO PYME DE LA COMUNIDAD,12.2,5,3482.0
2026-09-08,2026-09-09,2026-09-09,BANCO GANADERO,12.26,3,384.0
2026-09-08,2026-09-09,2026-09-09,BANCO DE CREDITO,12.3,21,111186.0
2026-09-08,2026-09-09,2026-09-09,BANCO DE LA NACIÓN ARGENTINA,12.3,11,1901.0
2026-09-08,2026-09-09,2026-09-09,BANCO MERCANTIL SANTA CRUZ,12.3,1,70000.0
2026-09-08,2026-09-09,2026-09-09,BANCO PRODEM,12.3,29,20980.0
2026-09-08,2026-09-09,2026-09-09,BANCO GANADERO,12.32,3,225.0
2026-09-08,2026-09-09,2026-09-09,BANCO BISA,12.35,4,5674.0
2026-09-08,2026-09-09,2026-09-09,BANCO SOLIDARIO,12.35,28,113688.0
2026-09-08,2026-09-09,2026-09-09,BANCO BISA,12.38,1,1950.0
2026-09-08,2026-09-09,2026-09-09,BANCO DE CREDITO,12.38,1,9877.0
2026-09-08,2026-09-09,2026-09-09,BANCO BISA,12.4,36,123299.0
2026-09-08,2026-09-09,2026-09-09,BANCO DE CREDITO,12.4,3,41532.0
2026-09-08,2026-09-09,2026-09-09,BANCO NACIONAL DE BOLIVIA,12.4,1,2508.0
2026-09-08,2026-09-09,2026-09-09,BANCO SOLIDARIO,12.4,1,63271.0
2026-09-08,2026-09-09,2026-09-09,BANCO BISA,12.45,2,107301.0
2026-09-08,2026-09-09,2026-09-09,BANCO DE LA NACIÓN ARGENTINA,12.45,2,55000.0
2026-09-08,2026-09-09,2026-09-09,BANCO FORTALEZA,12.45,1,300000.0
2026-09-08,2026-09-09,2026-09-09,BANCO GANADERO,12.45,12,3890.0
2026-09-08,2026-09-09,2026-09-09,BANCO MERCANTIL SANTA CRUZ,12.45,1,2000000.0
2026-09-08,2026-09-09,2026-09-09,BANCO NACIONAL DE BOLIVIA,12.45,3,40230.0
2026-09-08,2026-09-09,2026-09-09,BANCO BISA,12.5,15,1409832.0
2026-09-08,2026-09-09,2026-09-09,BANCO DE CREDITO,12.5,3,13271.0
2026-09-08,2026-09-09,2026-09-09,BANCO FORTALEZA,12.5,6,33800.0
2026-09-08,2026-09-09,2026-09-09,BANCO GANADERO,12.5,2,24414.0
2026-09-08,2026-09-09,2026-09-09,BANCO NACIONAL DE BOLIVIA,12.5,2,251931.0
2026-09-08,2026-09-09,2026-09-09,BANCO MERCANTIL SANTA CRUZ,12.52,1,7900.0
2026-09-08,2026-09-09,2026-09-09,BANCO BISA,12.55,2,1170710.0
2026-09-08,2026-09-09,2026-09-09,BANCO ECONOMICO,12.55,2,92739.0
2026-09-08,2026-09-09,2026-09-09,BANCO GANADERO,12.55,1,500000.0
2026-09-08,2026-09-09,2026-09-09,BANCO NACIONAL DE BOLIVIA,12.55,1,400000.0
2026-09-08,2026-09-09,2026-09-09,BANCO GANADERO,12.56,1,500000.0
2026-09-08,2026-09-09,2026-09-09,BANCO BISA,12.58,2,25511.0
2026-09-08,2026-09-09,2026-09-09,BANCO DE CREDITO,12.58,1,30900.0
2026-09-08,2026-09-09,2026-09-09,BANCO ECONOMICO,12.58,1,206338.0
2026-09-08,2026-09-09,2026-09-09,BANCO GANADERO,12.58,45,184456.0
2026-09-08,2026-09-09,2026-09-09,BANCO NACIONAL DE BOLIVIA,12.59,29,7462.0
2026-09-08,2026-09-09,2026-09-09,BANCO BISA,12.6,9,3022561.0
2026-09-08,2026-09-09,2026-09-09,BANCO DE CREDITO,12.6,574,236722.0
2026-09-08,2026-09-09,2026-09-09,BANCO ECONOMICO,12.6,2,304732.0
2026-09-08,2026-09-09,2026-09-09,BANCO FIE,12.6,25,119558.0
2026-09-08,2026-09-09,2026-09-09,BANCO FORTALEZA,12.6,6,218271.0
2026-09-08,2026-09-09,2026-09-09,BANCO GANADERO,12.6,87,1981132.0
2026-09-08,2026-09-09,2026-09-09,BANCO MERCANTIL SANTA CRUZ,12.6,3,471484.0
2026-09-08,2026-09-09,2026-09-09,BANCO NACIONAL DE BOLIVIA,12.6,152,792114.0
2026-09-08,2026-09-09,2026-09-09,BANCO SOLIDARIO,12.6,10,516577.0
2026-09-08,2026-09-09,2026-09-09,BANCO GANADERO,12.6001,1,69.0
2026-09-08,2026-09-09,2026-09-09,BANCO FIE,12.61,2,469905.0
2026-09-08,2026-09-09,2026-09-09,BANCO BISA,12.62,1,33000.0
2026-09-08,2026-09-09,2026-09-09,BANCO DE CREDITO,12.62,1,10000.0
2026-09-08,2026-09-09,2026-09-09,BANCO BISA,12.65,3,137810.0
2026-09-08,2026-09-09,2026-09-09,BANCO DE CREDITO,12.65,2,1093940.0
2026-09-08,2026-09-09,2026-09-09,BANCO GANADERO,12.65,1,38000.0
2026-09-08,2026-09-09,2026-09-09,BANCO DE CREDITO,12.66,1,738733.0
2026-09-08,2026-09-09,2026-09-09,BANCO BISA,12.68,4,1327000.0
2026-09-08,2026-09-09,2026-09-09,BANCO UNION,12.68,1,100000.0
2026-09-08,2026-09-09,2026-09-09,BANCO DE CREDITO,12.69,1,99920.0
2026-09-08,2026-09-09,2026-09-09,BANCO BISA,12.7,2,2356900.0
2026-09-08,2026-09-09,2026-09-09,BANCO DE CREDITO,12.7,3,285833.0
2026-09-08,2026-09-09,2026-09-09,BANCO GANADERO,12.7,5,918936.0
2026-09-08,2026-09-09,2026-09-09,BANCO MERCANTIL SANTA CRUZ,12.7,1,50000.0
2026-09-08,2026-09-09,2026-09-09,BANCO UNION,12.7,1,2500000.0
2026-09-08,2026-09-09,2026-09-09,BANCO MERCANTIL SANTA CRUZ,12.71,1,330425.0
2026-09-08,2026-09-09,2026-09-09,BANCO SOLIDARIO,12.718,1,1558760.0
2026-09-08,2026-09-09,2026-09-09,BANCO BISA,12.72,1,120000.0
2026-09-08,2026-09-09,2026-09-09,BANCO GANADERO,12.72,1,88787.0
2026-09-08,2026-09-09,2026-09-09,BANCO SOLIDARIO,12.75,5,1041080.0
2026-09-08,2026-09-09,2026-09-09,BANCO BISA,12.76,1,1021905.0
2026-09-08,2026-09-09,2026-09-09,BANCO GANADERO,12.76,1,354274.0
2026-09-08,2026-09-09,2026-09-09,BANCO GANADERO,12.77,1,2004945.0
2026-09-08,2026-09-09,2026-09-09,BANCO UNION,12.78,1,1019551.0
2026-09-08,2026-09-09,2026-09-09,BANCO GANADERO,12.79,1,4999921.0
2026-09-08,2026-09-09,2026-09-09,BANCO DE CREDITO,12.8,3,8815.0
2026-09-08,2026-09-09,2026-09-09,BANCO UNION,12.82,2,999890.0
2026-09-09,2026-09-10,2026-09-10,BANCO GANADERO,9.63,1,7464.0
2026-09-09,2026-09-10,2026-09-10,BANCO GANADERO,9.73,1,49662.0
2026-09-09,2026-09-10,2026-09-10,BANCO DE CREDITO,9.96,1,398.0
2026-09-09,2026-09-10,2026-09-10,BANCO GANADERO,9.96,1,7745.0
2026-09-09,2026-09-10,2026-09-10,BANCO GANADERO,10.0,42,10403.0
2026-09-09,2026-09-10,2026-09-10,BANCO GANADERO,10.5,1,9992.0
2026-09-09,2026-09-10,2026-09-10,BANCO GANADERO,11.0,1,500.0
2026-09-09,2026-09-10,2026-09-10,BANCO GANADERO,11.2,1,674.0
2026-09-09,2026-09-10,2026-09-10,BANCO BISA,11.3,2,19.0
2026-09-09,2026-09-10,2026-09-10,BANCO UNION,11.3,41,10860.0
2026-09-09,2026-09-10,2026-09-10,BANCO BISA,11.4,2,72.0
2026-09-09,2026-09-10,2026-09-10,BANCO BISA,11.5,5,669.0
2026-09-09,2026-09-10,2026-09-10,BANCO BISA,11.55,2,1289.0
2026-09-09,2026-09-10,2026-09-10,BANCO BISA,11.6,4,740.0
2026-09-09,2026-09-10,2026-09-10,BANCO FORTALEZA,11.8,1,4100.0
2026-09-09,2026-09-10,2026-09-10,BANCO BISA,11.85,6,942.0
2026-09-09,2026-09-10,2026-09-10,BANCO GANADERO,11.9,2,279975.0
2026-09-09,2026-09-10,2026-09-10,BANCO NACIONAL DE BOLIVIA,11.94,169,248959.0
2026-09-09,2026-09-10,2026-09-10,BANCO BISA,11.95,6,5032.0
2026-09-09,2026-09-10,2026-09-10,BANCO BISA,12.0,37,593881.0
2026-09-09,2026-09-10,2026-09-10,BANCO DE CREDITO,12.0,13,732387.0
2026-09-09,2026-09-10,2026-09-10,BANCO ECONOMICO,12.0,39,45085.0
2026-09-09,2026-09-10,2026-09-10,BANCO FORTALEZA,12.0,1,19906.0
2026-09-09,2026-09-10,2026-09-10,BANCO NACIONAL DE BOLIVIA,12.0,1,1100.0
2026-09-09,2026-09-10,2026-09-10,BANCO SOLIDARIO,12.0,3,2962.0
2026-09-09,2026-09-10,2026-09-10,BANCO SOLIDARIO,12.01,30,23385.0
2026-09-09,2026-09-10,2026-09-10,BANCO BISA,12.05,2,13354.0
2026-09-09,2026-09-10,2026-09-10,BANCO SOLIDARIO,12.05,2,55679.0
2026-09-09,2026-09-10,2026-09-10,BANCO BISA,12.1,10,68529.0
2026-09-09,2026-09-10,2026-09-10,BANCO DE CREDITO,12.1,10,2975497.0
2026-09-09,2026-09-10,2026-09-10,BANCO DE LA NACIÓN ARGENTINA,12.1,1,500000.0
2026-09-09,2026-09-10,2026-09-10,BANCO ECONOMICO,12.1,2,2199990.0
2026-09-09,2026-09-10,2026-09-10,BANCO FIE,12.1,1,1000000.0
2026-09-09,2026-09-10,2026-09-10,BANCO GANADERO,12.1,4,6494324.0
2026-09-09,2026-09-10,2026-09-10,BANCO MERCANTIL SANTA CRUZ,12.1,1,1000000.0
2026-09-09,2026-09-10,2026-09-10,BANCO NACIONAL DE BOLIVIA,12.1,1,1000000.0
2026-09-09,2026-09-10,2026-09-10,BANCO SOLIDARIO,12.1,4,92385.0
2026-09-09,2026-09-10,2026-09-10,BANCO GANADERO,12.11,1,400658.0
2026-09-09,2026-09-10,2026-09-10,BANCO SOLIDARIO,12.116,2,2899810.0
2026-09-09,2026-09-10,2026-09-10,BANCO GANADERO,12.12,1,737576.0
2026-09-09,2026-09-10,2026-09-10,BANCO FIE,12.14,16,9998.0
2026-09-09,2026-09-10,2026-09-10,BANCO MERCANTIL SANTA CRUZ,12.14,204,535085.0
2026-09-09,2026-09-10,2026-09-10,BANCO NACIONAL DE BOLIVIA,12.14,147,335927.0
2026-09-09,2026-09-10,2026-09-10,BANCO DE CREDITO,12.15,1,39950.0
2026-09-09,2026-09-10,2026-09-10,BANCO MERCANTIL SANTA CRUZ,12.15,1,99945.0
2026-09-09,2026-09-10,2026-09-10,BANCO DE CREDITO,12.2,4,232295.0
2026-09-09,2026-09-10,2026-09-10,BANCO FORTALEZA,12.2,1,20000.0
2026-09-09,2026-09-10,2026-09-10,BANCO MERCANTIL SANTA CRUZ,12.2,1,99860.0
2026-09-09,2026-09-10,2026-09-10,BANCO PYME DE LA COMUNIDAD,12.24,4,3001.0
2026-09-09,2026-09-10,2026-09-10,BANCO PYME ECOFUTURO,12.24,1,12.0
2026-09-09,2026-09-10,2026-09-10,BANCO FORTALEZA,12.25,1,30000.0
2026-09-09,2026-09-10,2026-09-10,BANCO MERCANTIL SANTA CRUZ,12.26,2,110000.0
2026-09-09,2026-09-10,2026-09-10,BANCO DE CREDITO,12.3,1,4000.0
2026-09-09,2026-09-10,2026-09-10,BANCO FORTALEZA,12.3,2,54210.0
2026-09-09,2026-09-10,2026-09-10,BANCO MERCANTIL SANTA CRUZ,12.3,2,1449865.0
2026-09-09,2026-09-10,2026-09-10,BANCO DE LA NACIÓN ARGENTINA,12.32,1,1.0
2026-09-09,2026-09-10,2026-09-10,BANCO ECONOMICO,12.32,1,399975.0
2026-09-09,2026-09-10,2026-09-10,BANCO DE CREDITO,12.34,16,106164.0
2026-09-09,2026-09-10,2026-09-10,BANCO DE LA NACIÓN ARGENTINA,12.34,10,56369.0
2026-09-09,2026-09-10,2026-09-10,BANCO GANADERO,12.34,1,19988.0
2026-09-09,2026-09-10,2026-09-10,BANCO MERCANTIL SANTA CRUZ,12.34,1,17510.0
2026-09-09,2026-09-10,2026-09-10,BANCO PRODEM,12.34,31,88040.0
2026-09-09,2026-09-10,2026-09-10,BANCO BISA,12.35,16,228698.0
2026-09-09,2026-09-10,2026-09-10,BANCO MERCANTIL SANTA CRUZ,12.35,3,850000.0
2026-09-09,2026-09-10,2026-09-10,BANCO MERCANTIL SANTA CRUZ,12.36,1,5509727.0
2026-09-09,2026-09-10,2026-09-10,BANCO SOLIDARIO,12.39,12,49992.0
2026-09-09,2026-09-10,2026-09-10,BANCO BISA,12.4,6,26804879.0
2026-09-09,2026-09-10,2026-09-10,BANCO DE CREDITO,12.4,1,100000.0
2026-09-09,2026-09-10,2026-09-10,BANCO FIE,12.4,2,6950.0
2026-09-09,2026-09-10,2026-09-10,BANCO BISA,12.44,1,1500.0
2026-09-09,2026-09-10,2026-09-10,BANCO MERCANTIL SANTA CRUZ,12.44,3,220000.0
2026-09-09,2026-09-10,2026-09-10,BANCO MERCANTIL SANTA CRUZ,12.49,1,348133.0
2026-09-09,2026-09-10,2026-09-10,BANCO BISA,12.5,29,90373.0
2026-09-09,2026-09-10,2026-09-10,BANCO DE CREDITO,12.5,1,59988.0
2026-09-09,2026-09-10,2026-09-10,BANCO FIE,12.5,2,102475.0
2026-09-09,2026-09-10,2026-09-10,BANCO FORTALEZA,12.5,1,216731.0
2026-09-09,2026-09-10,2026-09-10,BANCO NACIONAL DE BOLIVIA,12.5,1,99975.0
2026-09-09,2026-09-10,2026-09-10,BANCO GANADERO,12.53,2,179930.0
2026-09-09,2026-09-10,2026-09-10,BANCO DE CREDITO,12.54,1,20000.0
2026-09-09,2026-09-10,2026-09-10,BANCO FORTALEZA,12.54,5,1459.0
2026-09-09,2026-09-10,2026-09-10,BANCO UNION,12.54,1,2000000.0
2026-09-09,2026-09-10,2026-09-10,BANCO DE CREDITO,12.55,2,1500895.0
2026-09-09,2026-09-10,2026-09-10,BANCO FIE,12.55,1,70685.0
2026-09-09,2026-09-10,2026-09-10,BANCO MERCANTIL SANTA CRUZ,12.55,1,99517.0
2026-09-09,2026-09-10,2026-09-10,BANCO MERCANTIL SANTA CRUZ,12.56,6,47700.0
2026-09-09,2026-09-10,2026-09-10,BANCO MERCANTIL SANTA CRUZ,12.59,1,27850.0
2026-09-09,2026-09-10,2026-09-10,BANCO ECONOMICO,12.6,1,600000.0
2026-09-09,2026-09-10,2026-09-10,BANCO FIE,12.6,1,2350.0
2026-09-09,2026-09-10,2026-09-10,BANCO FORTALEZA,12.6,1,2000000.0
2026-09-09,2026-09-10,2026-09-10,BANCO GANADERO,12.6,24,52109.0
2026-09-09,2026-09-10,2026-09-10,BANCO NACIONAL DE BOLIVIA,12.6,3,2061557.0
2026-09-09,2026-09-10,2026-09-10,BANCO PYME ECOFUTURO,12.61,1,282000.0
2026-09-09,2026-09-10,2026-09-10,BANCO FIE,12.62,2,488727.0
2026-09-09,2026-09-10,2026-09-10,BANCO GANADERO,12.62,17,110167.0
2026-09-09,2026-09-10,2026-09-10,BANCO GANADERO,12.63,1,1000000.0
2026-09-09,2026-09-10,2026-09-10,BANCO NACIONAL DE BOLIVIA,12.63,26,3341.0
2026-09-09,2026-09-10,2026-09-10,BANCO DE CREDITO,12.64,510,45315.0
2026-09-09,2026-09-10,2026-09-10,BANCO FIE,12.64,2,2017476.0
2026-09-09,2026-09-10,2026-09-10,BANCO FORTALEZA,12.64,2,625.0
2026-09-09,2026-09-10,2026-09-10,BANCO GANADERO,12.64,62,1357921.0
2026-09-09,2026-09-10,2026-09-10,BANCO NACIONAL DE BOLIVIA,12.64,13,1853821.0
2026-09-09,2026-09-10,2026-09-10,BANCO SOLIDARIO,12.64,1,49945.0
2026-09-09,2026-09-10,2026-09-10,BANCO DE CREDITO,12.65,3,580016.0
2026-09-09,2026-09-10,2026-09-10,BANCO SOLIDARIO,12.68,1,28405.0
2026-09-09,2026-09-10,2026-09-10,BANCO DE CREDITO,12.69,1,199940.0
2026-09-09,2026-09-10,2026-09-10,BANCO GANADERO,12.7,2,1596982.0
2026-09-09,2026-09-10,2026-09-10,BANCO NACIONAL DE BOLIVIA,12.7,1,100.0
2026-09-09,2026-09-10,2026-09-10,BANCO UNION,12.7,1,3099975.0
2026-09-09,2026-09-10,2026-09-10,BANCO GANADERO,12.72,2,500000.0
2026-09-09,2026-09-10,2026-09-10,BANCO GANADERO,12.73,4,4117056.0
2026-09-09,2026-09-10,2026-09-10,BANCO DE CREDITO,12.74,3,23781.0
2026-09-09,2026-09-10,2026-09-10,BANCO GANADERO,12.74,4,2.0
2026-09-09,2026-09-10,2026-09-10,BANCO UNION,12.74,1,49935.0
2026-09-09,2026-09-10,2026-09-10,BANCO SOLIDARIO,12.75,3,186906.0
2026-09-09,2026-09-10,2026-09-10,BANCO UNION,12.75,1,1000000.0
2026-09-09,2026-09-10,2026-09-10,BANCO SOLIDARIO,12.755,1,499975.0
2026-09-09,2026-09-10,2026-09-10,BANCO GANADERO,12.76,3,1994454.0
2026-09-09,2026-09-10,2026-09-10,BANCO UNION,12.84,1,99975.0
2026-09-09,2026-09-10,2026-09-10,BANCO UNION,12.86,1,3999975.0
2026-09-10,2026-09-11,2026-09-11,BANCO GANADERO,9.63,1,8617.0
2026-09-10,2026-09-11,2026-09-11,BANCO GANADERO,9.73,1,56272.0
2026-09-10,2026-09-11,2026-09-11,BANCO GANADERO,9.8,44,16007.0
2026-09-10,2026-09-11,2026-09-11,BANCO GANADERO,9.8039,1,5.0
2026-09-10,2026-09-11,2026-09-11,BANCO GANADERO,9.8046,1,7.0
2026-09-10,2026-09-11,2026-09-11,BANCO GANADERO,9.96,1,1604.0
2026-09-10,2026-09-11,2026-09-11,BANCO GANADERO,10.5,1,14900.0
2026-09-10,2026-09-11,2026-09-11,BANCO NACIONAL DE BOLIVIA,11.0,1,0.0
2026-09-10,2026-09-11,2026-09-11,BANCO NACIONAL DE BOLIVIA,11.02,168,423107.0
2026-09-10,2026-09-11,2026-09-11,BANCO GANADERO,11.2,2,3814.0
2026-09-10,2026-09-11,2026-09-11,BANCO BISA,11.3,1,190.0
2026-09-10,2026-09-11,2026-09-11,BANCO UNION,11.3,36,5232.0
2026-09-10,2026-09-11,2026-09-11,BANCO SOLIDARIO,11.5,1,299975.0
2026-09-10,2026-09-11,2026-09-11,BANCO UNION,11.5,1,76970.0
2026-09-10,2026-09-11,2026-09-11,BANCO DE CREDITO,11.52,529,311144.0
2026-09-10,2026-09-11,2026-09-11,BANCO BISA,11.55,1,26.0
2026-09-10,2026-09-11,2026-09-11,BANCO BISA,11.6,1,50000.0
2026-09-10,2026-09-11,2026-09-11,BANCO ECONOMICO,11.6,36,75274.0
2026-09-10,2026-09-11,2026-09-11,BANCO BISA,11.7,3,324080.0
2026-09-10,2026-09-11,2026-09-11,BANCO NACIONAL DE BOLIVIA,11.7,1,0.0
2026-09-10,2026-09-11,2026-09-11,BANCO SOLIDARIO,11.7,3,159855.0
2026-09-10,2026-09-11,2026-09-11,BANCO NACIONAL DE BOLIVIA,11.72,97,315790.0
2026-09-10,2026-09-11,2026-09-11,BANCO BISA,11.75,1,299981.0
2026-09-10,2026-09-11,2026-09-11,BANCO SOLIDARIO,11.77,1,85128.0
2026-09-10,2026-09-11,2026-09-11,BANCO BISA,11.8,1,100000.0
2026-09-10,2026-09-11,2026-09-11,BANCO ECONOMICO,11.8,59,821036.0
2026-09-10,2026-09-11,2026-09-11,BANCO FORTALEZA,11.8,1,100.0
2026-09-10,2026-09-11,2026-09-11,BANCO SOLIDARIO,11.8,44,209574.0
2026-09-10,2026-09-11,2026-09-11,BANCO GANADERO,11.83,1,56.0
2026-09-10,2026-09-11,2026-09-11,BANCO BISA,11.85,9,1324917.0
2026-09-10,2026-09-11,2026-09-11,BANCO GANADERO,11.85,2,776000.0
2026-09-10,2026-09-11,2026-09-11,BANCO BISA,11.87,1,108675.0
2026-09-10,2026-09-11,2026-09-11,BANCO BISA,11.9,14,3490795.0
2026-09-10,2026-09-11,2026-09-11,BANCO FIE,11.9,1,500000.0
2026-09-10,2026-09-11,2026-09-11,BANCO SOLIDARIO,11.9,1,50325.0
2026-09-10,2026-09-11,2026-09-11,BANCO BISA,11.92,1,300000.0
2026-09-10,2026-09-11,2026-09-11,BANCO FIE,11.92,22,58467.0
2026-09-10,2026-09-11,2026-09-11,BANCO MERCANTIL SANTA CRUZ,11.92,353,1901911.0
2026-09-10,2026-09-11,2026-09-11,BANCO BISA,11.95,5,2041.0
2026-09-10,2026-09-11,2026-09-11,BANCO BISA,11.97,1,299925.0
2026-09-10,2026-09-11,2026-09-11,BANCO BISA,12.0,55,148236.0
2026-09-10,2026-09-11,2026-09-11,BANCO FIE,12.0,1,4000000.0
2026-09-10,2026-09-11,2026-09-11,BANCO FORTALEZA,12.0,4,69730.0
2026-09-10,2026-09-11,2026-09-11,BANCO NACIONAL DE BOLIVIA,12.0,1,6693.0
2026-09-10,2026-09-11,2026-09-11,BANCO MERCANTIL SANTA CRUZ,12.02,1,19955.0
2026-09-10,2026-09-11,2026-09-11,BANCO NACIONAL DE BOLIVIA,12.02,1,48900.0
2026-09-10,2026-09-11,2026-09-11,BANCO PYME DE LA COMUNIDAD,12.02,13,2728.0
2026-09-10,2026-09-11,2026-09-11,BANCO PYME ECOFUTURO,12.02,2,7.0
2026-09-10,2026-09-11,2026-09-11,BANCO FIE,12.05,1,500000.0
2026-09-10,2026-09-11,2026-09-11,BANCO BISA,12.1,4,3791.0
2026-09-10,2026-09-11,2026-09-11,BANCO DE CREDITO,12.1,10,108383.0
2026-09-10,2026-09-11,2026-09-11,BANCO FIE,12.1,1,10315.0
2026-09-10,2026-09-11,2026-09-11,BANCO FORTALEZA,12.1,1,100000.0
2026-09-10,2026-09-11,2026-09-11,BANCO DE LA NACIÓN ARGENTINA,12.12,13,55159.0
2026-09-10,2026-09-11,2026-09-11,BANCO PRODEM,12.12,56,93599.0
2026-09-10,2026-09-11,2026-09-11,BANCO SOLIDARIO,12.12,1,910211.0
2026-09-10,2026-09-11,2026-09-11,BANCO MERCANTIL SANTA CRUZ,12.14,1,659.0
2026-09-10,2026-09-11,2026-09-11,BANCO DE CREDITO,12.2,3,24705.0
2026-09-10,2026-09-11,2026-09-11,BANCO FORTALEZA,12.2,1,22247.0
2026-09-10,2026-09-11,2026-09-11,BANCO MERCANTIL SANTA CRUZ,12.21,3,7386046.0
2026-09-10,2026-09-11,2026-09-11,BANCO GANADERO,12.26,1,106.0
2026-09-10,2026-09-11,2026-09-11,BANCO MERCANTIL SANTA CRUZ,12.27,1,19955.0
2026-09-10,2026-09-11,2026-09-11,BANCO BISA,12.3,190,49175.0
2026-09-10,2026-09-11,2026-09-11,BANCO FORTALEZA,12.3,1,17453.0
2026-09-10,2026-09-11,2026-09-11,BANCO DE CREDITO,12.32,1,29950.0
2026-09-10,2026-09-11,2026-09-11,BANCO FORTALEZA,12.32,3,1586.0
2026-09-10,2026-09-11,2026-09-11,BANCO MERCANTIL SANTA CRUZ,12.34,1,17100.0
2026-09-10,2026-09-11,2026-09-11,BANCO BISA,12.35,6,8772.0
2026-09-10,2026-09-11,2026-09-11,BANCO GANADERO,12.4,21,111942.0
2026-09-10,2026-09-11,2026-09-11,BANCO NACIONAL DE BOLIVIA,12.41,20,1176.0
2026-09-10,2026-09-11,2026-09-11,BANCO BISA,12.42,1,3380.0
2026-09-10,2026-09-11,2026-09-11,BANCO DE CREDITO,12.42,1,200000.0
2026-09-10,2026-09-11,2026-09-11,BANCO DE LA NACIÓN ARGENTINA,12.42,1,100.0
2026-09-10,2026-09-11,2026-09-11,BANCO FORTALEZA,12.42,2,100002.0
2026-09-10,2026-09-11,2026-09-11,BANCO GANADERO,12.42,132,3651238.0
2026-09-10,2026-09-11,2026-09-11,BANCO NACIONAL DE BOLIVIA,12.42,9,9742.0
2026-09-10,2026-09-11,2026-09-11,BANCO SOLIDARIO,12.42,2,77588.0
2026-09-10,2026-09-11,2026-09-11,BANCO GANADERO,12.45,4,2758.0
2026-09-10,2026-09-11,2026-09-11,BANCO BISA,12.5,13,53183.0
2026-09-10,2026-09-11,2026-09-11,BANCO DE CREDITO,12.52,1,103100.0
2026-09-10,2026-09-11,2026-09-11,BANCO GANADERO,12.52,3,4.0
2026-09-10,2026-09-11,2026-09-11,BANCO MERCANTIL SANTA CRUZ,12.52,7,195127.0
2026-09-10,2026-09-11,2026-09-11,BANCO DE CREDITO,12.57,1,2000.0
2026-09-10,2026-09-11,2026-09-11,BANCO GANADERO,12.6,14,8892.0
2026-09-10,2026-09-11,2026-09-11,BANCO GANADERO,12.64,26,80010.0
2026-09-10,2026-09-11,2026-09-11,BANCO DE CREDITO,12.77,1,2947.0
2026-09-11,2026-09-12,2026-09-14,BANCO GANADERO,9.63,1,3156.0
2026-09-11,2026-09-12,2026-09-14,BANCO GANADERO,9.73,1,58910.0
2026-09-11,2026-09-12,2026-09-14,BANCO GANADERO,9.8,77,19459.0
2026-09-11,2026-09-12,2026-09-14,BANCO GANADERO,9.96,1,6322.0
2026-09-11,2026-09-12,2026-09-14,BANCO GANADERO,10.0,1,1640.0
2026-09-11,2026-09-12,2026-09-14,BANCO GANADERO,10.23,1,2460.0
2026-09-11,2026-09-12,2026-09-14,BANCO NACIONAL DE BOLIVIA,10.64,238,354113.0
2026-09-11,2026-09-12,2026-09-14,BANCO BISA,10.9,2,192282.0
2026-09-11,2026-09-12,2026-09-14,BANCO BISA,11.0,12,2377519.0
2026-09-11,2026-09-12,2026-09-14,BANCO ECONOMICO,11.0,38,708887.0
2026-09-11,2026-09-12,2026-09-14,BANCO MERCANTIL SANTA CRUZ,11.04,3934,214424.0
2026-09-11,2026-09-12,2026-09-14,BANCO SOLIDARIO,11.05,6,235385.0
2026-09-11,2026-09-12,2026-09-14,BANCO SOLIDARIO,11.1,1,28405.0
2026-09-11,2026-09-12,2026-09-14,BANCO SOLIDARIO,11.13,1,14880.0
2026-09-11,2026-09-12,2026-09-14,BANCO SOLIDARIO,11.14,28,222379.0
2026-09-11,2026-09-12,2026-09-14,BANCO BISA,11.2,1,459194.0
2026-09-11,2026-09-12,2026-09-14,BANCO DE CREDITO,11.2,1,14970.0
2026-09-11,2026-09-12,2026-09-14,BANCO ECONOMICO,11.2,1,1500000.0
2026-09-11,2026-09-12,2026-09-14,BANCO GANADERO,11.25,2,800000.0
2026-09-11,2026-09-12,2026-09-14,BANCO BISA,11.3,1,673000.0
2026-09-11,2026-09-12,2026-09-14,BANCO GANADERO,11.3,1,74000.0
2026-09-11,2026-09-12,2026-09-14,BANCO UNION,11.3,30,3636.0
2026-09-11,2026-09-12,2026-09-14,BANCO DE CREDITO,11.4,2,66422.0
2026-09-11,2026-09-12,2026-09-14,BANCO DE CREDITO,11.44,34,238889.0
2026-09-11,2026-09-12,2026-09-14,BANCO DE LA NACIÓN ARGENTINA,11.44,12,8048.0
2026-09-11,2026-09-12,2026-09-14,BANCO BISA,11.5,2,61985.0
2026-09-11,2026-09-12,2026-09-14,BANCO SOLIDARIO,11.5,1,4975.0
2026-09-11,2026-09-12,2026-09-14,BANCO FIE,11.54,17,42016.0
2026-09-11,2026-09-12,2026-09-14,BANCO MERCANTIL SANTA CRUZ,11.54,1,12106.0
2026-09-11,2026-09-12,2026-09-14,BANCO NACIONAL DE BOLIVIA,11.6,1,1367278.0
2026-09-11,2026-09-12,2026-09-14,BANCO PYME DE LA COMUNIDAD,11.64,4,2425.0
2026-09-11,2026-09-12,2026-09-14,BANCO BISA,11.69,1,2629990.0
2026-09-11,2026-09-12,2026-09-14,BANCO BISA,11.7,4,991063.0
2026-09-11,2026-09-12,2026-09-14,BANCO SOLIDARIO,11.7,1,25.0
2026-09-11,2026-09-12,2026-09-14,BANCO BISA,11.74,41,68572.0
2026-09-11,2026-09-12,2026-09-14,BANCO PRODEM,11.74,58,221423.0
2026-09-11,2026-09-12,2026-09-14,BANCO BISA,11.75,1,499983.0
2026-09-11,2026-09-12,2026-09-14,BANCO DE LA NACIÓN ARGENTINA,11.8,1,13000.0
2026-09-11,2026-09-12,2026-09-14,BANCO BISA,11.85,2,1654358.0
2026-09-11,2026-09-12,2026-09-14,BANCO BISA,11.9,192,51157.0
2026-09-11,2026-09-12,2026-09-14,BANCO DE CREDITO,11.94,507,57344.0
2026-09-11,2026-09-12,2026-09-14,BANCO FORTALEZA,11.94,5,7845.0
2026-09-11,2026-09-12,2026-09-14,BANCO BISA,11.95,2,1767064.0
2026-09-11,2026-09-12,2026-09-14,BANCO SOLIDARIO,12.0,3,704129.0
2026-09-11,2026-09-12,2026-09-14,BANCO GANADERO,12.02,16,102605.0
2026-09-11,2026-09-12,2026-09-14,BANCO NACIONAL DE BOLIVIA,12.03,26,1248.0
2026-09-11,2026-09-12,2026-09-14,BANCO BISA,12.04,2,199965.0
2026-09-11,2026-09-12,2026-09-14,BANCO DE CREDITO,12.04,1,1494.0
2026-09-11,2026-09-12,2026-09-14,BANCO DE LA NACIÓN ARGENTINA,12.04,1,200.0
2026-09-11,2026-09-12,2026-09-14,BANCO FORTALEZA,12.04,2,203.0
2026-09-11,2026-09-12,2026-09-14,BANCO GANADERO,12.04,59,1393735.0
2026-09-11,2026-09-12,2026-09-14,BANCO MERCANTIL SANTA CRUZ,12.04,8,318000.0
2026-09-11,2026-09-12,2026-09-14,BANCO NACIONAL DE BOLIVIA,12.04,7,154.0
2026-09-11,2026-09-12,2026-09-14,BANCO SOLIDARIO,12.04,1,30000.0
2026-09-11,2026-09-12,2026-09-14,BANCO SOLIDARIO,12.08,1,29466.0
2026-09-11,2026-09-12,2026-09-14,BANCO GANADERO,12.12,1,99.0
2026-09-11,2026-09-12,2026-09-14,BANCO DE CREDITO,12.14,1,26590.0
2026-09-11,2026-09-12,2026-09-14,BANCO GANADERO,12.14,7,2510.0
2026-09-11,2026-09-12,2026-09-14,BANCO MERCANTIL SANTA CRUZ,12.14,2,58200.0
2026-09-11,2026-09-12,2026-09-14,BANCO GANADERO,12.26,2,796.0
2026-09-11,2026-09-12,2026-09-14,BANCO BISA,12.3,4,1278.0
2026-09-11,2026-09-12,2026-09-14,BANCO GANADERO,12.32,3,519.0
2026-09-11,2026-09-12,2026-09-14,BANCO BISA,12.35,1,285.0
2026-09-11,2026-09-12,2026-09-14,BANCO GANADERO,12.42,42,95180.0
2026-09-11,2026-09-12,2026-09-14,BANCO GANADERO,12.45,1,109.0
2026-09-11,2026-09-12,2026-09-14,BANCO BISA,12.5,1,3692.0
2026-09-11,2026-09-12,2026-09-14,BANCO DE CREDITO,12.57,1,3100.0
2026-09-11,2026-09-12,2026-09-14,BANCO GANADERO,12.58,4,1042.0
2026-09-11,2026-09-12,2026-09-14,BANCO GANADERO,12.6,6,1140.0
2026-09-11,2026-09-12,2026-09-14,BANCO GANADERO,12.64,15,6795.0
2026-09-11,2026-09-12,2026-09-14,BANCO DE CREDITO,12.65,1,4947.0
2026-09-11,2026-09-12,2026-09-14,BANCO DE CREDITO,12.87,1,5000.0
2026-09-14,2026-09-15,2026-09-15,BANCO GANADERO,9.63,1,5972.0
2026-09-14,2026-09-15,2026-09-15,BANCO GANADERO,9.73,1,38554.0
2026-09-14,2026-09-15,2026-09-15,BANCO GANADERO,9.8,51,37683.0
2026-09-14,2026-09-15,2026-09-15,BANCO GANADERO,9.96,1,5440.0
2026-09-14,2026-09-15,2026-09-15,BANCO MERCANTIL SANTA CRUZ,10.03,138,87219.0
2026-09-14,2026-09-15,2026-09-15,BANCO NACIONAL DE BOLIVIA,10.13,139,139069.0
2026-09-14,2026-09-15,2026-09-15,BANCO SOLIDARIO,10.3,2,3900.0
2026-09-14,2026-09-15,2026-09-15,BANCO SOLIDARIO,10.38,33,9502.0
2026-09-14,2026-09-15,2026-09-15,BANCO BISA,10.4,3,300000.0
2026-09-14,2026-09-15,2026-09-15,BANCO MERCANTIL SANTA CRUZ,10.48,1,59950.0
2026-09-14,2026-09-15,2026-09-15,BANCO BISA,10.5,2,472252.0
2026-09-14,2026-09-15,2026-09-15,BANCO DE CREDITO,10.5,14,232253.0
2026-09-14,2026-09-15,2026-09-15,BANCO SOLIDARIO,10.5,1,24875.0
2026-09-14,2026-09-15,2026-09-15,BANCO SOLIDARIO,10.55,1,87375.0
2026-09-14,2026-09-15,2026-09-15,BANCO SOLIDARIO,10.6,1,7873.0
2026-09-14,2026-09-15,2026-09-15,BANCO BISA,10.75,1,499965.0
2026-09-14,2026-09-15,2026-09-15,BANCO BISA,10.8,66,14876.0
2026-09-14,2026-09-15,2026-09-15,BANCO ECONOMICO,10.8,25,4903.0
2026-09-14,2026-09-15,2026-09-15,BANCO SOLIDARIO,10.8,2,54160.0
2026-09-14,2026-09-15,2026-09-15,BANCO SOLIDARIO,10.81,1,499880.0
2026-09-14,2026-09-15,2026-09-15,BANCO BISA,10.85,2,93918.0
2026-09-14,2026-09-15,2026-09-15,BANCO BISA,10.9,2,800000.0
2026-09-14,2026-09-15,2026-09-15,BANCO DE LA NACIÓN ARGENTINA,10.93,8,4407.0
2026-09-14,2026-09-15,2026-09-15,BANCO BISA,11.0,23,4754808.0
2026-09-14,2026-09-15,2026-09-15,BANCO DE CREDITO,11.0,62,3775039.0
2026-09-14,2026-09-15,2026-09-15,BANCO FORTALEZA,11.0,1,20.0
2026-09-14,2026-09-15,2026-09-15,BANCO FIE,11.03,11,13888.0
2026-09-14,2026-09-15,2026-09-15,BANCO SOLIDARIO,11.05,3,267372.0
2026-09-14,2026-09-15,2026-09-15,BANCO BISA,11.13,37,96052.0
2026-09-14,2026-09-15,2026-09-15,BANCO PRODEM,11.23,18,2114.0
2026-09-14,2026-09-15,2026-09-15,BANCO UNION,11.3,44,22220.0
2026-09-14,2026-09-15,2026-09-15,BANCO FORTALEZA,11.43,3,13345.0
2026-09-14,2026-09-15,2026-09-15,BANCO NACIONAL DE BOLIVIA,11.43,1,319264.0
2026-09-14,2026-09-15,2026-09-15,BANCO GANADERO,11.51,18,116887.0
2026-09-14,2026-09-15,2026-09-15,BANCO NACIONAL DE BOLIVIA,11.52,25,1134.0
2026-09-14,2026-09-15,2026-09-15,BANCO BISA,11.53,1,100.0
2026-09-14,2026-09-15,2026-09-15,BANCO DE CREDITO,11.53,1,34196.0
2026-09-14,2026-09-15,2026-09-15,BANCO GANADERO,11.53,34,1176091.0
2026-09-14,2026-09-15,2026-09-15,BANCO NACIONAL DE BOLIVIA,11.53,3,3868.0
2026-09-14,2026-09-15,2026-09-15,BANCO DE CREDITO,11.6,1,404.0
2026-09-14,2026-09-15,2026-09-15,BANCO NACIONAL DE BOLIVIA,11.6,14,59478.0
2026-09-14,2026-09-15,2026-09-15,BANCO GANADERO,11.63,3,3.0
2026-09-14,2026-09-15,2026-09-15,BANCO MERCANTIL SANTA CRUZ,11.63,2,122778.0
2026-09-14,2026-09-15,2026-09-15,BANCO BISA,11.74,1,3474.0
2026-09-14,2026-09-15,2026-09-15,BANCO DE CREDITO,12.0,1,5000.0
2026-09-14,2026-09-15,2026-09-15,BANCO DE CREDITO,12.04,2,10685.0
2026-09-14,2026-09-15,2026-09-15,BANCO GANADERO,12.04,12,3860.0
2026-09-14,2026-09-15,2026-09-15,BANCO DE CREDITO,12.14,2,35331.0
2026-09-14,2026-09-15,2026-09-15,BANCO DE CREDITO,12.27,1,4947.0
2026-09-14,2026-09-15,2026-09-15,BANCO GANADERO,12.42,5,3319.0
2026-09-14,2026-09-15,2026-09-15,BANCO GANADERO,12.45,1,37.0
2026-09-14,2026-09-15,2026-09-15,BANCO DE CREDITO,12.58,1,4933.0
2026-09-14,2026-09-15,2026-09-15,BANCO GANADERO,12.58,2,278.0
2026-09-14,2026-09-15,2026-09-15,BANCO DE CREDITO,12.61,1,2000.0
2026-09-14,2026-09-15,2026-09-15,BANCO GANADERO,12.64,2,435.0
2026-09-14,2026-09-15,2026-09-15,BANCO DE CREDITO,12.65,1,650.0
2026-09-14,2026-09-15,2026-09-15,BANCO DE CREDITO,12.7,1,1943.0
2026-09-14,2026-09-15,2026-09-15,BANCO DE CREDITO,12.77,1,5000.0
2026-09-15,2026-09-16,2026-09-16,BANCO MERCANTIL SANTA CRUZ,9.49,147,1149494.0
2026-09-15,2026-09-16,2026-09-16,BANCO BISA,9.5,1,17430.0
2026-09-15,2026-09-16,2026-09-16,BANCO DE CREDITO,9.5,13,49559.0
2026-09-15,2026-09-16,2026-09-16,BANCO SOLIDARIO,9.5,2,3345.0
2026-09-15,2026-09-16,2026-09-16,BANCO GANADERO,9.55,1,53982.0
2026-09-15,2026-09-16,2026-09-16,BANCO NACIONAL DE BOLIVIA,9.589,1,1.0
2026-09-15,2026-09-16,2026-09-16,BANCO NACIONAL DE BOLIVIA,9.59,203,453467.0
2026-09-15,2026-09-16,2026-09-16,BANCO NACIONAL DE BOLIVIA,9.6,1,1.0
2026-09-15,2026-09-16,2026-09-16,BANCO SOLIDARIO,9.6,2,201623.0
2026-09-15,2026-09-16,2026-09-16,BANCO GANADERO,9.63,1,7338.0
2026-09-15,2026-09-16,2026-09-16,BANCO BISA,9.7,1,37233.0
2026-09-15,2026-09-16,2026-09-16,BANCO SOLIDARIO,9.7,1,544.0
2026-09-15,2026-09-16,2026-09-16,BANCO BISA,9.75,2,587500.0
2026-09-15,2026-09-16,2026-09-16,BANCO BISA,9.8,6,15753921.0
2026-09-15,2026-09-16,2026-09-16,BANCO DE CREDITO,9.8,1,18200.0
2026-09-15,2026-09-16,2026-09-16,BANCO GANADERO,9.8,38,90841.0
2026-09-15,2026-09-16,2026-09-16,BANCO MERCANTIL SANTA CRUZ,9.8,1,499932.0
2026-09-15,2026-09-16,2026-09-16,BANCO BISA,9.85,1,105000.0
2026-09-15,2026-09-16,2026-09-16,BANCO GANADERO,9.85,3,810394.0
2026-09-15,2026-09-16,2026-09-16,BANCO SOLIDARIO,9.89,30,3149.0
2026-09-15,2026-09-16,2026-09-16,BANCO SOLIDARIO,9.9,1,459435.0
2026-09-15,2026-09-16,2026-09-16,BANCO GANADERO,9.96,1,1350.0
2026-09-15,2026-09-16,2026-09-16,BANCO BISA,10.0,10,380291.0
2026-09-15,2026-09-16,2026-09-16,BANCO DE CREDITO,10.0,11,53156.0
2026-09-15,2026-09-16,2026-09-16,BANCO ECONOMICO,10.0,28,51679.0
2026-09-15,2026-09-16,2026-09-16,BANCO UNION,10.0,48,36038.0
2026-09-15,2026-09-16,2026-09-16,BANCO ECONOMICO,10.1,1,99680.0
2026-09-15,2026-09-16,2026-09-16,BANCO FORTALEZA,10.2,1,28.0
2026-09-15,2026-09-16,2026-09-16,BANCO DE CREDITO,10.3,2,773544.0
2026-09-15,2026-09-16,2026-09-16,BANCO FIE,10.3,1,2400000.0
2026-09-15,2026-09-16,2026-09-16,BANCO DE LA NACIÓN ARGENTINA,10.39,9,10647.0
2026-09-15,2026-09-16,2026-09-16,BANCO DE CREDITO,10.4,1,375676.0
2026-09-15,2026-09-16,2026-09-16,BANCO FORTALEZA,10.4,1,11165.0
2026-09-15,2026-09-16,2026-09-16,BANCO UNION,10.4,2,24096.0
2026-09-15,2026-09-16,2026-09-16,BANCO BISA,10.49,36,112064.0
2026-09-15,2026-09-16,2026-09-16,BANCO FIE,10.49,18,1136.0
2026-09-15,2026-09-16,2026-09-16,BANCO DE CREDITO,10.5,487,1734319.0
2026-09-15,2026-09-16,2026-09-16,BANCO FORTALEZA,10.5,1,150000.0
2026-09-15,2026-09-16,2026-09-16,BANCO NACIONAL DE BOLIVIA,10.5,2,3106.0
2026-09-15,2026-09-16,2026-09-16,BANCO PYME DE LA COMUNIDAD,10.59,3,392.0
2026-09-15,2026-09-16,2026-09-16,BANCO PYME ECOFUTURO,10.59,2,4010.0
2026-09-15,2026-09-16,2026-09-16,BANCO FORTALEZA,10.6,1,49987.0
2026-09-15,2026-09-16,2026-09-16,BANCO SOLIDARIO,10.6,1,3499950.0
2026-09-15,2026-09-16,2026-09-16,BANCO FIE,10.61,1,1000000.0
2026-09-15,2026-09-16,2026-09-16,BANCO PRODEM,10.69,9,1397.0
2026-09-15,2026-09-16,2026-09-16,BANCO ECONOMICO,10.7,1,1000000.0
2026-09-15,2026-09-16,2026-09-16,BANCO UNION,10.7,1,468970.0
2026-09-15,2026-09-16,2026-09-16,BANCO BISA,10.8,177,51630.0
2026-09-15,2026-09-16,2026-09-16,BANCO SOLIDARIO,10.85,4,1956173.0
2026-09-15,2026-09-16,2026-09-16,BANCO FORTALEZA,10.89,4,7387.0
2026-09-15,2026-09-16,2026-09-16,BANCO NACIONAL DE BOLIVIA,10.89,2,35905.0
2026-09-15,2026-09-16,2026-09-16,BANCO GANADERO,10.97,32,146078.0
2026-09-15,2026-09-16,2026-09-16,BANCO NACIONAL DE BOLIVIA,10.98,27,1107.0
2026-09-15,2026-09-16,2026-09-16,BANCO DE CREDITO,10.99,1,67986.0
2026-09-15,2026-09-16,2026-09-16,BANCO DE LA NACIÓN ARGENTINA,10.99,1,200.0
2026-09-15,2026-09-16,2026-09-16,BANCO FORTALEZA,10.99,5,1030.0
2026-09-15,2026-09-16,2026-09-16,BANCO GANADERO,10.99,45,809952.0
2026-09-15,2026-09-16,2026-09-16,BANCO MERCANTIL SANTA CRUZ,10.99,1,174935.0
2026-09-15,2026-09-16,2026-09-16,BANCO NACIONAL DE BOLIVIA,10.99,3,3901.0
2026-09-15,2026-09-16,2026-09-16,BANCO BISA,11.0,1,504918.0
2026-09-15,2026-09-16,2026-09-16,BANCO GANADERO,11.09,2,2.0
2026-09-15,2026-09-16,2026-09-16,BANCO MERCANTIL SANTA CRUZ,11.09,4,210000.0
2026-09-15,2026-09-16,2026-09-16,BANCO NACIONAL DE BOLIVIA,11.09,1,5000.0
2026-09-15,2026-09-16,2026-09-16,BANCO GANADERO,11.53,67,72047.0
2026-09-15,2026-09-16,2026-09-16,BANCO DE CREDITO,11.63,1,90433.0
2026-09-15,2026-09-16,2026-09-16,BANCO BISA,11.9,2,998.0
2026-09-15,2026-09-16,2026-09-16,BANCO DE CREDITO,12.01,1,940.0
2026-09-15,2026-09-16,2026-09-16,BANCO GANADERO,12.04,27,11441.0
2026-09-15,2026-09-16,2026-09-16,BANCO DE CREDITO,12.27,2,7815.0
2026-09-15,2026-09-16,2026-09-16,BANCO BISA,12.3,1,123.0
2026-09-15,2026-09-16,2026-09-16,BANCO BISA,12.35,1,135.0
2026-09-15,2026-09-16,2026-09-16,BANCO GANADERO,12.42,16,5250.0
2026-09-15,2026-09-16,2026-09-16,BANCO BISA,12.5,1,128.0
2026-09-15,2026-09-16,2026-09-16,BANCO DE CREDITO,12.57,5,15411.0
2026-09-15,2026-09-16,2026-09-16,BANCO GANADERO,12.64,4,5677.0
2026-09-15,2026-09-16,2026-09-16,BANCO DE CREDITO,12.71,1,5373.0
2026-09-16,2026-09-17,2026-09-17,BANCO GANADERO,8.63,1,9257.0
2026-09-16,2026-09-17,2026-09-17,BANCO MERCANTIL SANTA CRUZ,8.65,140,61604.0
2026-09-16,2026-09-17,2026-09-17,BANCO NACIONAL DE BOLIVIA,8.75,25,11279.0
2026-09-16,2026-09-17,2026-09-17,BANCO NACIONAL DE BOLIVIA,8.8,1,0.0
2026-09-16,2026-09-17,2026-09-17,BANCO SOLIDARIO,9.14,26,14979.0
2026-09-16,2026-09-17,2026-09-17,BANCO DE CREDITO,9.15,11,40593.0
2026-09-16,2026-09-17,2026-09-17,BANCO UNION,9.15,48,128497.0
2026-09-16,2026-09-17,2026-09-17,BANCO ECONOMICO,9.2,22,49175.0
2026-09-16,2026-09-17,2026-09-17,BANCO GANADERO,9.3,37,8394.0
2026-09-16,2026-09-17,2026-09-17,BANCO FIE,9.31,1,199975.0
2026-09-16,2026-09-17,2026-09-17,BANCO DE CREDITO,9.35,1,19304.0
2026-09-16,2026-09-17,2026-09-17,BANCO DE LA NACIÓN ARGENTINA,9.35,6,436.0
2026-09-16,2026-09-17,2026-09-17,BANCO FIE,9.36,2,566702.0
2026-09-16,2026-09-17,2026-09-17,BANCO SOLIDARIO,9.4,2,5247.0
2026-09-16,2026-09-17,2026-09-17,BANCO BISA,9.5,20,19297.0
2026-09-16,2026-09-17,2026-09-17,BANCO DE CREDITO,9.5,1,35000.0
2026-09-16,2026-09-17,2026-09-17,BANCO SOLIDARIO,9.5,1,3405.0
2026-09-16,2026-09-17,2026-09-17,BANCO FORTALEZA,9.6,1,49.0
2026-09-16,2026-09-17,2026-09-17,BANCO SOLIDARIO,9.6,2,50776.0
2026-09-16,2026-09-17,2026-09-17,BANCO GANADERO,9.63,16,2109.0
2026-09-16,2026-09-17,2026-09-17,BANCO FIE,9.65,16,8867.0
2026-09-16,2026-09-17,2026-09-17,BANCO BISA,9.7,3,30924.0
2026-09-16,2026-09-17,2026-09-17,BANCO DE CREDITO,9.7,1,22825.0
2026-09-16,2026-09-17,2026-09-17,BANCO GANADERO,9.7,1,170570.0
2026-09-16,2026-09-17,2026-09-17,BANCO SOLIDARIO,9.7,2,813261.0
2026-09-16,2026-09-17,2026-09-17,BANCO BISA,9.75,5,16213812.0
2026-09-16,2026-09-17,2026-09-17,BANCO NACIONAL DE BOLIVIA,9.75,123,59216.0
2026-09-16,2026-09-17,2026-09-17,BANCO PYME DE LA COMUNIDAD,9.75,5,217.0
2026-09-16,2026-09-17,2026-09-17,BANCO PYME ECOFUTURO,9.75,2,1368.0
2026-09-16,2026-09-17,2026-09-17,BANCO BISA,9.78,1,220761.0
2026-09-16,2026-09-17,2026-09-17,BANCO BISA,9.8,4,1292590.0
2026-09-16,2026-09-17,2026-09-17,BANCO DE CREDITO,9.8,2,98262.0
2026-09-16,2026-09-17,2026-09-17,BANCO FORTALEZA,9.8,1,41.0
2026-09-16,2026-09-17,2026-09-17,BANCO GANADERO,9.8,1,17080.0
2026-09-16,2026-09-17,2026-09-17,BANCO MERCANTIL SANTA CRUZ,9.8,1,300000.0
2026-09-16,2026-09-17,2026-09-17,BANCO NACIONAL DE BOLIVIA,9.8,1,250000.0
2026-09-16,2026-09-17,2026-09-17,BANCO BISA,9.85,3,634406.0
2026-09-16,2026-09-17,2026-09-17,BANCO DE CREDITO,9.85,1,440000.0
2026-09-16,2026-09-17,2026-09-17,BANCO PRODEM,9.85,9,889.0
2026-09-16,2026-09-17,2026-09-17,BANCO DE CREDITO,9.9,3,135056.0
2026-09-16,2026-09-17,2026-09-17,BANCO DE CREDITO,9.93,1,1000000.0
2026-09-16,2026-09-17,2026-09-17,BANCO DE LA NACIÓN ARGENTINA,9.95,1,169950.0
2026-09-16,2026-09-17,2026-09-17,BANCO GANADERO,9.96,1,3181.0
2026-09-16,2026-09-17,2026-09-17,BANCO BISA,10.0,1,18509.0
2026-09-16,2026-09-17,2026-09-17,BANCO DE CREDITO,10.0,414,407397.0
2026-09-16,2026-09-17,2026-09-17,BANCO ECONOMICO,10.0,5,2200084.0
2026-09-16,2026-09-17,2026-09-17,BANCO FORTALEZA,10.0,2,58250.0
2026-09-16,2026-09-17,2026-09-17,BANCO MERCANTIL SANTA CRUZ,10.0,1,1012475.0
2026-09-16,2026-09-17,2026-09-17,BANCO NACIONAL DE BOLIVIA,10.0,2,1500000.0
2026-09-16,2026-09-17,2026-09-17,BANCO FORTALEZA,10.05,2,6192.0
2026-09-16,2026-09-17,2026-09-17,BANCO GANADERO,10.13,24,119295.0
2026-09-16,2026-09-17,2026-09-17,BANCO NACIONAL DE BOLIVIA,10.14,17,1805.0
2026-09-16,2026-09-17,2026-09-17,BANCO NACIONAL DE BOLIVIA,10.148,2,4000.0
2026-09-16,2026-09-17,2026-09-17,BANCO BISA,10.15,1,52165.0
2026-09-16,2026-09-17,2026-09-17,BANCO DE LA NACIÓN ARGENTINA,10.15,1,300.0
2026-09-16,2026-09-17,2026-09-17,BANCO FORTALEZA,10.15,2,2083.0
2026-09-16,2026-09-17,2026-09-17,BANCO GANADERO,10.15,239,696297.0
2026-09-16,2026-09-17,2026-09-17,BANCO DE CREDITO,10.25,1,8500.0
2026-09-16,2026-09-17,2026-09-17,BANCO GANADERO,10.25,2,2.0
2026-09-16,2026-09-17,2026-09-17,BANCO MERCANTIL SANTA CRUZ,10.25,4,50000.0
2026-09-16,2026-09-17,2026-09-17,BANCO PYME DE LA COMUNIDAD,10.25,3,162.0
2026-09-16,2026-09-17,2026-09-17,BANCO DE CREDITO,10.3,1,3950.0
2026-09-16,2026-09-17,2026-09-17,BANCO SOLIDARIO,10.4,3,709925.0
2026-09-16,2026-09-17,2026-09-17,BANCO BISA,10.49,7,16503.0
2026-09-16,2026-09-17,2026-09-17,BANCO BISA,10.8,197,54352.0
2026-09-16,2026-09-17,2026-09-17,BANCO GANADERO,10.99,32,37535.0
2026-09-16,2026-09-17,2026-09-17,BANCO DE CREDITO,11.09,1,88672.0
2026-09-16,2026-09-17,2026-09-17,BANCO BISA,11.13,1,950.0
2026-09-16,2026-09-17,2026-09-17,BANCO DE CREDITO,11.21,1,410.0
2026-09-16,2026-09-17,2026-09-17,BANCO UNION,11.3,1,264.0
2026-09-16,2026-09-17,2026-09-17,BANCO GANADERO,11.53,40,21188.0
2026-09-16,2026-09-17,2026-09-17,BANCO BISA,11.6,1,78.0
2026-09-16,2026-09-17,2026-09-17,BANCO BISA,11.9,12,4333.0
2026-09-16,2026-09-17,2026-09-17,BANCO GANADERO,11.92,1,881.0
2026-09-16,2026-09-17,2026-09-17,BANCO GANADERO,12.04,11,5078.0
2026-09-16,2026-09-17,2026-09-17,BANCO DE CREDITO,12.27,1,600.0
2026-09-16,2026-09-17,2026-09-17,BANCO BISA,12.3,1,409.0
2026-09-16,2026-09-17,2026-09-17,BANCO BISA,12.35,1,542.0
2026-09-16,2026-09-17,2026-09-17,BANCO GANADERO,12.42,6,3047.0
2026-09-16,2026-09-17,2026-09-17,BANCO GANADERO,12.45,1,228.0
2026-09-16,2026-09-17,2026-09-17,BANCO BISA,12.5,1,410.0
2026-09-16,2026-09-17,2026-09-17,BANCO DE CREDITO,12.52,1,15000.0
2026-09-16,2026-09-17,2026-09-17,BANCO GANADERO,12.58,3,1110.0
2026-09-16,2026-09-17,2026-09-17,BANCO GANADERO,12.6,1,63.0
2026-09-16,2026-09-17,2026-09-17,BANCO GANADERO,12.64,3,2031.0
2026-09-17,2026-09-18,2026-09-18,BANCO GANADERO,8.1,1,4876.0
2026-09-17,2026-09-18,2026-09-18,BANCO GANADERO,8.2,1,23616.0
2026-09-17,2026-09-18,2026-09-18,BANCO MERCANTIL SANTA CRUZ,8.33,116,134731.0
2026-09-17,2026-09-18,2026-09-18,BANCO GANADERO,8.36,1,5229.0
2026-09-17,2026-09-18,2026-09-18,BANCO MERCANTIL SANTA CRUZ,8.65,1,8735.0
2026-09-17,2026-09-18,2026-09-18,BANCO UNION,8.83,30,5945.0
2026-09-17,2026-09-18,2026-09-18,BANCO SOLIDARIO,8.85,33,5891.0
2026-09-17,2026-09-18,2026-09-18,BANCO ECONOMICO,9.0,26,58113.0
2026-09-17,2026-09-18,2026-09-18,BANCO FORTALEZA,9.0,2,66.0
2026-09-17,2026-09-18,2026-09-18,BANCO GANADERO,9.0,46,8594.0
2026-09-17,2026-09-18,2026-09-18,BANCO DE LA NACIÓN ARGENTINA,9.03,20,2180.0
2026-09-17,2026-09-18,2026-09-18,BANCO UNION,9.15,1,6990.0
2026-09-17,2026-09-18,2026-09-18,BANCO GANADERO,9.3,1,49950.0
2026-09-17,2026-09-18,2026-09-18,BANCO DE CREDITO,9.33,7,31165.0
2026-09-17,2026-09-18,2026-09-18,BANCO FIE,9.33,7,66.0
2026-09-17,2026-09-18,2026-09-18,BANCO DE CREDITO,9.4,1,18695.0
2026-09-17,2026-09-18,2026-09-18,BANCO NACIONAL DE BOLIVIA,9.43,141,114276.0
2026-09-17,2026-09-18,2026-09-18,BANCO PYME DE LA COMUNIDAD,9.43,6,266.0
2026-09-17,2026-09-18,2026-09-18,BANCO PYME ECOFUTURO,9.43,1,18.0
2026-09-17,2026-09-18,2026-09-18,BANCO DE CREDITO,9.5,1,19950.0
2026-09-17,2026-09-18,2026-09-18,BANCO SOLIDARIO,9.5,1,95.0
2026-09-17,2026-09-18,2026-09-18,BANCO BISA,9.53,37,79574.0
2026-09-17,2026-09-18,2026-09-18,BANCO PRODEM,9.53,11,4648.0
2026-09-17,2026-09-18,2026-09-18,BANCO DE CREDITO,9.6,2,199950.0
2026-09-17,2026-09-18,2026-09-18,BANCO BISA,9.63,2,1526.0
2026-09-17,2026-09-18,2026-09-18,BANCO GANADERO,9.63,6,694.0
2026-09-17,2026-09-18,2026-09-18,BANCO BISA,9.65,1,10245.0
2026-09-17,2026-09-18,2026-09-18,BANCO FIE,9.7,1,150035.0
2026-09-17,2026-09-18,2026-09-18,BANCO SOLIDARIO,9.7,1,27.0
2026-09-17,2026-09-18,2026-09-18,BANCO NACIONAL DE BOLIVIA,9.73,2,24390.0
2026-09-17,2026-09-18,2026-09-18,BANCO BISA,9.75,1,22582.0
2026-09-17,2026-09-18,2026-09-18,BANCO SOLIDARIO,9.755,1,75575.0
2026-09-17,2026-09-18,2026-09-18,BANCO BISA,9.8,2,800000.0
2026-09-17,2026-09-18,2026-09-18,BANCO DE CREDITO,9.8,1,49925.0
2026-09-17,2026-09-18,2026-09-18,BANCO FIE,9.8,1,50000.0
2026-09-17,2026-09-18,2026-09-18,BANCO NACIONAL DE BOLIVIA,9.8,1,145733.0
2026-09-17,2026-09-18,2026-09-18,BANCO SOLIDARIO,9.8,5,99855.0
2026-09-17,2026-09-18,2026-09-18,BANCO GANADERO,9.81,12,95975.0
2026-09-17,2026-09-18,2026-09-18,BANCO NACIONAL DE BOLIVIA,9.82,16,2392.0
2026-09-17,2026-09-18,2026-09-18,BANCO BISA,9.83,6,1410851.0
2026-09-17,2026-09-18,2026-09-18,BANCO DE CREDITO,9.83,1,1270.0
2026-09-17,2026-09-18,2026-09-18,BANCO FORTALEZA,9.83,4,25275.0
2026-09-17,2026-09-18,2026-09-18,BANCO GANADERO,9.83,144,348334.0
2026-09-17,2026-09-18,2026-09-18,BANCO MERCANTIL SANTA CRUZ,9.83,1,90000.0
2026-09-17,2026-09-18,2026-09-18,BANCO SOLIDARIO,9.83,3,186245.0
2026-09-17,2026-09-18,2026-09-18,BANCO DE CREDITO,9.85,1,6348.0
2026-09-17,2026-09-18,2026-09-18,BANCO GANADERO,9.86,26,258148.0
2026-09-17,2026-09-18,2026-09-18,BANCO BISA,9.9,2,733418.0
2026-09-17,2026-09-18,2026-09-18,BANCO DE CREDITO,9.9,9,289229.0
2026-09-17,2026-09-18,2026-09-18,BANCO DE LA NACIÓN ARGENTINA,9.9,1,15000.0
2026-09-17,2026-09-18,2026-09-18,BANCO ECONOMICO,9.92,1,99990.0
2026-09-17,2026-09-18,2026-09-18,BANCO BISA,9.93,1,100000.0
2026-09-17,2026-09-18,2026-09-18,BANCO DE CREDITO,9.93,1,25000.0
2026-09-17,2026-09-18,2026-09-18,BANCO GANADERO,9.93,3,3.0
2026-09-17,2026-09-18,2026-09-18,BANCO SOLIDARIO,9.94,1,1999975.0
2026-09-17,2026-09-18,2026-09-18,BANCO DE CREDITO,9.95,2,17791.0
2026-09-17,2026-09-18,2026-09-18,BANCO BISA,10.0,139,33583.0
2026-09-17,2026-09-18,2026-09-18,BANCO DE CREDITO,10.0,4,767240.0
2026-09-17,2026-09-18,2026-09-18,BANCO GANADERO,10.0,1,319982.0
2026-09-17,2026-09-18,2026-09-18,BANCO MERCANTIL SANTA CRUZ,10.0,1,99940.0
2026-09-17,2026-09-18,2026-09-18,BANCO NACIONAL DE BOLIVIA,10.0,2,1409233.0
2026-09-17,2026-09-18,2026-09-18,BANCO SOLIDARIO,10.0,1,7705.0
2026-09-17,2026-09-18,2026-09-18,BANCO BISA,10.01,1,5000000.0
2026-09-17,2026-09-18,2026-09-18,BANCO MERCANTIL SANTA CRUZ,10.01,1,1000000.0
2026-09-17,2026-09-18,2026-09-18,BANCO MERCANTIL SANTA CRUZ,10.02,2,209800.0
2026-09-17,2026-09-18,2026-09-18,BANCO DE CREDITO,10.03,445,29787.0
2026-09-17,2026-09-18,2026-09-18,BANCO NACIONAL DE BOLIVIA,10.05,3,1999900.0
2026-09-17,2026-09-18,2026-09-18,BANCO MERCANTIL SANTA CRUZ,10.06,1,500000.0
2026-09-17,2026-09-18,2026-09-18,BANCO GANADERO,10.15,22,37585.0
2026-09-17,2026-09-18,2026-09-18,BANCO DE CREDITO,10.25,1,4575.0
2026-09-17,2026-09-18,2026-09-18,BANCO DE CREDITO,10.5,1,349915.0
2026-09-17,2026-09-18,2026-09-18,BANCO ECONOMICO,10.5,3,470627.0
2026-09-17,2026-09-18,2026-09-18,BANCO DE CREDITO,10.52,2,5151.0
2026-09-17,2026-09-18,2026-09-18,BANCO GANADERO,10.6,1,199975.0
2026-09-17,2026-09-18,2026-09-18,BANCO BISA,10.8,6,2604.0
2026-09-17,2026-09-18,2026-09-18,BANCO GANADERO,10.99,5,1742.0
2026-09-17,2026-09-18,2026-09-18,BANCO DE CREDITO,11.5,1,605132.0
2026-09-17,2026-09-18,2026-09-18,BANCO GANADERO,11.53,16,13137.0
2026-09-17,2026-09-18,2026-09-18,BANCO DE CREDITO,11.64,1,4616.0
2026-09-17,2026-09-18,2026-09-18,BANCO DE CREDITO,11.97,1,1000.0
2026-09-17,2026-09-18,2026-09-18,BANCO DE CREDITO,12.01,3,5815.0
2026-09-17,2026-09-18,2026-09-18,BANCO GANADERO,12.04,5,1213.0
2026-09-17,2026-09-18,2026-09-18,BANCO BISA,12.1,1,83.0
2026-09-17,2026-09-18,2026-09-18,BANCO GANADERO,12.42,4,1578.0
2026-09-17,2026-09-18,2026-09-18,BANCO BISA,12.5,1,161.0
2026-09-17,2026-09-18,2026-09-18,BANCO GANADERO,12.58,2,2515.0
2026-09-17,2026-09-18,2026-09-18,BANCO GANADERO,12.6,2,167.0
2026-09-17,2026-09-18,2026-09-18,BANCO DE CREDITO,12.7,1,20299.0
2026-09-17,2026-09-18,2026-09-18,BANCO DE CREDITO,13.97,1,4800.0
2026-09-18,2026-09-19,2026-09-21,BANCO GANADERO,8.1,2,3070.0
2026-09-18,2026-09-19,2026-09-21,BANCO GANADERO,8.2,1,31027.0
2026-09-18,2026-09-19,2026-09-21,BANCO GANADERO,8.5,2,6714.0
2026-09-18,2026-09-19,2026-09-21,BANCO BISA,8.51,1,1.0
2026-09-18,2026-09-19,2026-09-21,BANCO GANADERO,9.0,34,28182.0
2026-09-18,2026-09-19,2026-09-21,BANCO SOLIDARIO,9.01,20,2815.0
2026-09-18,2026-09-19,2026-09-21,BANCO UNION,9.01,35,86099.0
2026-09-18,2026-09-19,2026-09-21,BANCO FORTALEZA,9.2,1,16.0
2026-09-18,2026-09-19,2026-09-21,BANCO GANADERO,9.2,1,4000.0
2026-09-18,2026-09-19,2026-09-21,BANCO DE LA NACIÓN ARGENTINA,9.21,5,635.0
2026-09-18,2026-09-19,2026-09-21,BANCO NACIONAL DE BOLIVIA,9.43,2,7452.0
2026-09-18,2026-09-19,2026-09-21,BANCO DE LA NACIÓN ARGENTINA,9.5,1,4500.0
2026-09-18,2026-09-19,2026-09-21,BANCO ECONOMICO,9.5,15,11614.0
2026-09-18,2026-09-19,2026-09-21,BANCO FORTALEZA,9.5,1,121.0
2026-09-18,2026-09-19,2026-09-21,BANCO DE CREDITO,9.51,14,48822.0
2026-09-18,2026-09-19,2026-09-21,BANCO FIE,9.51,10,157.0
2026-09-18,2026-09-19,2026-09-21,BANCO BISA,9.53,1,2785.0
2026-09-18,2026-09-19,2026-09-21,BANCO DE CREDITO,9.6,1,9980.0
2026-09-18,2026-09-19,2026-09-21,BANCO NACIONAL DE BOLIVIA,9.61,19,661.0
2026-09-18,2026-09-19,2026-09-21,BANCO PYME DE LA COMUNIDAD,9.61,2,10400.0
2026-09-18,2026-09-19,2026-09-21,BANCO PYME ECOFUTURO,9.61,2,1.0
2026-09-18,2026-09-19,2026-09-21,BANCO NACIONAL DE BOLIVIA,9.62,1,1.0
2026-09-18,2026-09-19,2026-09-21,BANCO GANADERO,9.63,1,363.0
2026-09-18,2026-09-19,2026-09-21,BANCO PRODEM,9.71,4,617.0
2026-09-18,2026-09-19,2026-09-21,BANCO MERCANTIL SANTA CRUZ,9.76,4885,127756.0
2026-09-18,2026-09-19,2026-09-21,BANCO MERCANTIL SANTA CRUZ,9.8,1,6555.0
2026-09-18,2026-09-19,2026-09-21,BANCO BISA,9.81,23,38624.0
2026-09-18,2026-09-19,2026-09-21,BANCO GANADERO,9.83,37,13171.0
2026-09-18,2026-09-19,2026-09-21,BANCO GANADERO,9.86,9,27542.0
2026-09-18,2026-09-19,2026-09-21,BANCO BISA,9.9,297,163558.0
2026-09-18,2026-09-19,2026-09-21,BANCO BISA,9.91,1,994.0
2026-09-18,2026-09-19,2026-09-21,BANCO FORTALEZA,9.91,1,36000.0
2026-09-18,2026-09-19,2026-09-21,BANCO NACIONAL DE BOLIVIA,9.91,1,166.0
2026-09-18,2026-09-19,2026-09-21,BANCO GANADERO,9.99,62,95827.0
2026-09-18,2026-09-19,2026-09-21,BANCO BISA,10.0,1,1769.0
2026-09-18,2026-09-19,2026-09-21,BANCO DE CREDITO,10.0,1,154645.0
2026-09-18,2026-09-19,2026-09-21,BANCO FIE,10.0,1,549849.0
2026-09-18,2026-09-19,2026-09-21,BANCO NACIONAL DE BOLIVIA,10.0,1,296.0
2026-09-18,2026-09-19,2026-09-21,BANCO SOLIDARIO,10.0,2,100000.0
2026-09-18,2026-09-19,2026-09-21,BANCO BISA,10.01,7,1134857.0
2026-09-18,2026-09-19,2026-09-21,BANCO DE CREDITO,10.01,1,179940.0
2026-09-18,2026-09-19,2026-09-21,BANCO DE LA NACIÓN ARGENTINA,10.01,1,200.0
2026-09-18,2026-09-19,2026-09-21,BANCO FORTALEZA,10.01,3,618.0
2026-09-18,2026-09-19,2026-09-21,BANCO GANADERO,10.01,61,286195.0
2026-09-18,2026-09-19,2026-09-21,BANCO NACIONAL DE BOLIVIA,10.01,6,12680.0
2026-09-18,2026-09-19,2026-09-21,BANCO SOLIDARIO,10.01,4,79418.0
2026-09-18,2026-09-19,2026-09-21,BANCO SOLIDARIO,10.026,1,518605.0
2026-09-18,2026-09-19,2026-09-21,BANCO FIE,10.03,1,23975.0
2026-09-18,2026-09-19,2026-09-21,BANCO SOLIDARIO,10.03,1,20310.0
2026-09-18,2026-09-19,2026-09-21,BANCO SOLIDARIO,10.05,1,499955.0
2026-09-18,2026-09-19,2026-09-21,BANCO GANADERO,10.06,14,895957.0
2026-09-18,2026-09-19,2026-09-21,BANCO BISA,10.1,3,44715.0
2026-09-18,2026-09-19,2026-09-21,BANCO ECONOMICO,10.1,1,500000.0
2026-09-18,2026-09-19,2026-09-21,BANCO FIE,10.1,1,300000.0
2026-09-18,2026-09-19,2026-09-21,BANCO MERCANTIL SANTA CRUZ,10.1,2,500000.0
2026-09-18,2026-09-19,2026-09-21,BANCO SOLIDARIO,10.1,1,50551.0
2026-09-18,2026-09-19,2026-09-21,BANCO DE CREDITO,10.11,2,24437.0
2026-09-18,2026-09-19,2026-09-21,BANCO GANADERO,10.11,3,3.0
2026-09-18,2026-09-19,2026-09-21,BANCO NACIONAL DE BOLIVIA,10.11,173,79222.0
2026-09-18,2026-09-19,2026-09-21,BANCO GANADERO,10.15,7,1339.0
2026-09-18,2026-09-19,2026-09-21,BANCO MERCANTIL SANTA CRUZ,10.15,1,8472.0
2026-09-18,2026-09-19,2026-09-21,BANCO NACIONAL DE BOLIVIA,10.25,1,4932.0
2026-09-18,2026-09-19,2026-09-21,BANCO GANADERO,10.3,2,807882.0
2026-09-18,2026-09-19,2026-09-21,BANCO GANADERO,10.43,1,100000.0
2026-09-18,2026-09-19,2026-09-21,BANCO BISA,10.45,1,27500.0
2026-09-18,2026-09-19,2026-09-21,BANCO BISA,10.5,2,6226000.0
2026-09-18,2026-09-19,2026-09-21,BANCO DE CREDITO,10.5,1,7950.0
2026-09-18,2026-09-19,2026-09-21,BANCO DE CREDITO,10.52,1,200.0
2026-09-18,2026-09-19,2026-09-21,BANCO DE CREDITO,10.55,1,236.0
2026-09-18,2026-09-19,2026-09-21,BANCO BISA,10.6,1,200000.0
2026-09-18,2026-09-19,2026-09-21,BANCO NACIONAL DE BOLIVIA,10.6,1,273152.0
2026-09-18,2026-09-19,2026-09-21,BANCO BISA,10.8,1,111.0
2026-09-18,2026-09-19,2026-09-21,BANCO GANADERO,10.8,1,50000.0
2026-09-18,2026-09-19,2026-09-21,BANCO GANADERO,10.99,5,541.0
2026-09-18,2026-09-19,2026-09-21,BANCO DE CREDITO,11.0,2,512686.0
2026-09-18,2026-09-19,2026-09-21,BANCO NACIONAL DE BOLIVIA,11.0,1,1184875.0
2026-09-18,2026-09-19,2026-09-21,BANCO SOLIDARIO,11.0,1,49785.0
2026-09-18,2026-09-19,2026-09-21,BANCO DE CREDITO,11.11,1,1537204.0
2026-09-18,2026-09-19,2026-09-21,BANCO DE CREDITO,11.2,1,36854.0
2026-09-18,2026-09-19,2026-09-21,BANCO GANADERO,11.2,1,1184500.0
2026-09-18,2026-09-19,2026-09-21,BANCO ECONOMICO,11.3,1,200000.0
2026-09-18,2026-09-19,2026-09-21,BANCO GANADERO,11.3,1,136426.0
2026-09-18,2026-09-19,2026-09-21,BANCO BISA,11.4,1,50.0
2026-09-18,2026-09-19,2026-09-21,BANCO DE CREDITO,11.5,528,276879.0
2026-09-18,2026-09-19,2026-09-21,BANCO NACIONAL DE BOLIVIA,11.51,1,1000000.0
2026-09-18,2026-09-19,2026-09-21,BANCO GANADERO,11.53,5,1031.0
2026-09-18,2026-09-19,2026-09-21,BANCO MERCANTIL SANTA CRUZ,11.6,1,50000.0
2026-09-18,2026-09-19,2026-09-21,BANCO SOLIDARIO,11.81,1,1218.0
2026-09-18,2026-09-19,2026-09-21,BANCO DE CREDITO,12.0,3,350000.0
2026-09-18,2026-09-19,2026-09-21,BANCO ECONOMICO,12.0,4,2320988.0
2026-09-18,2026-09-19,2026-09-21,BANCO MERCANTIL SANTA CRUZ,12.02,1,5025759.0
2026-09-18,2026-09-19,2026-09-21,BANCO GANADERO,12.04,2,560.0
2026-09-18,2026-09-19,2026-09-21,BANCO GANADERO,12.08,1,499975.0
2026-09-18,2026-09-19,2026-09-21,BANCO MERCANTIL SANTA CRUZ,12.1,2,1000000.0
2026-09-18,2026-09-19,2026-09-21,BANCO DE CREDITO,12.19,1,200.0
2026-09-18,2026-09-19,2026-09-21,BANCO GANADERO,12.42,2,133.0
2026-09-18,2026-09-19,2026-09-21,BANCO GANADERO,12.45,1,161.0
2026-09-18,2026-09-19,2026-09-21,BANCO BISA,12.5,3,1405.0
2026-09-21,2026-09-22,2026-09-22,BANCO GANADERO,8.1,1,11137.0
2026-09-21,2026-09-22,2026-09-22,BANCO GANADERO,8.2,1,27794.0
2026-09-21,2026-09-22,2026-09-22,BANCO MERCANTIL SANTA CRUZ,8.86,4,66275.0
2026-09-21,2026-09-22,2026-09-22,BANCO GANADERO,9.0,38,5492.0
2026-09-21,2026-09-22,2026-09-22,BANCO GANADERO,9.63,2,426.0
2026-09-21,2026-09-22,2026-09-22,BANCO GANADERO,9.83,5,675.0
2026-09-21,2026-09-22,2026-09-22,BANCO SOLIDARIO,9.9,44,8966.0
2026-09-21,2026-09-22,2026-09-22,BANCO SOLIDARIO,10.0,1,144.0
2026-09-21,2026-09-22,2026-09-22,BANCO UNION,10.0,45,20478.0
2026-09-21,2026-09-22,2026-09-22,BANCO GANADERO,10.01,6,2009.0
2026-09-21,2026-09-22,2026-09-22,BANCO BISA,10.1,59,14194.0
2026-09-21,2026-09-22,2026-09-22,BANCO DE CREDITO,10.2,1,6268.0
2026-09-21,2026-09-22,2026-09-22,BANCO BISA,10.4,1,0.0
2026-09-21,2026-09-22,2026-09-22,BANCO DE CREDITO,10.5,13,39980.0
2026-09-21,2026-09-22,2026-09-22,BANCO DE LA NACIÓN ARGENTINA,10.5,34,3945.0
2026-09-21,2026-09-22,2026-09-22,BANCO ECONOMICO,10.5,26,9491.0
2026-09-21,2026-09-22,2026-09-22,BANCO FIE,10.5,11,651.0
2026-09-21,2026-09-22,2026-09-22,BANCO GANADERO,10.5997,1,149.0
2026-09-21,2026-09-22,2026-09-22,BANCO BISA,10.6,1,1.0
2026-09-21,2026-09-22,2026-09-22,BANCO PYME DE LA COMUNIDAD,10.6,3,111.0
2026-09-21,2026-09-22,2026-09-22,BANCO PRODEM,10.7,12,5942.0
2026-09-21,2026-09-22,2026-09-22,BANCO MERCANTIL SANTA CRUZ,10.75,138,1398032.0
2026-09-21,2026-09-22,2026-09-22,BANCO BISA,10.8,29,10225.0
2026-09-21,2026-09-22,2026-09-22,BANCO FORTALEZA,10.9,2,213.0
2026-09-21,2026-09-22,2026-09-22,BANCO MERCANTIL SANTA CRUZ,10.9,2,51000.0
2026-09-21,2026-09-22,2026-09-22,BANCO NACIONAL DE BOLIVIA,10.9,2,2600.0
2026-09-21,2026-09-22,2026-09-22,BANCO GANADERO,10.99,1,42.0
2026-09-21,2026-09-22,2026-09-22,BANCO BISA,11.0,6,21151.0
2026-09-21,2026-09-22,2026-09-22,BANCO FORTALEZA,11.0,1,8.0
2026-09-21,2026-09-22,2026-09-22,BANCO GANADERO,11.0,21,222493.0
2026-09-21,2026-09-22,2026-09-22,BANCO MERCANTIL SANTA CRUZ,11.0,1,15.0
2026-09-21,2026-09-22,2026-09-22,BANCO NACIONAL DE BOLIVIA,11.0,2,1184896.0
2026-09-21,2026-09-22,2026-09-22,BANCO GANADERO,11.0014,1,29.0
2026-09-21,2026-09-22,2026-09-22,BANCO NACIONAL DE BOLIVIA,11.01,1,613.0
2026-09-21,2026-09-22,2026-09-22,BANCO DE CREDITO,11.1,1,10900.0
2026-09-21,2026-09-22,2026-09-22,BANCO GANADERO,11.1,1,1.0
2026-09-21,2026-09-22,2026-09-22,BANCO MERCANTIL SANTA CRUZ,11.1,1,49070.0
2026-09-21,2026-09-22,2026-09-22,BANCO NACIONAL DE BOLIVIA,11.1,214,168266.0
2026-09-21,2026-09-22,2026-09-22,BANCO NACIONAL DE BOLIVIA,11.125,1,0.0
2026-09-21,2026-09-22,2026-09-22,BANCO DE CREDITO,11.17,1,4954.0
2026-09-21,2026-09-22,2026-09-22,BANCO GANADERO,11.2,1,22.0
2026-09-21,2026-09-22,2026-09-22,BANCO DE CREDITO,11.21,2,7500.0
2026-09-21,2026-09-22,2026-09-22,BANCO GANADERO,11.23,16,140628.0
2026-09-21,2026-09-22,2026-09-22,BANCO GANADERO,11.25,61,811964.0
2026-09-21,2026-09-22,2026-09-22,BANCO DE LA NACIÓN ARGENTINA,11.3,1,6800.0
2026-09-21,2026-09-22,2026-09-22,BANCO BISA,11.5,3,523771.0
2026-09-21,2026-09-22,2026-09-22,BANCO DE CREDITO,11.5,744,280622.0
2026-09-21,2026-09-22,2026-09-22,BANCO DE LA NACIÓN ARGENTINA,11.5,1,54000.0
2026-09-21,2026-09-22,2026-09-22,BANCO ECONOMICO,11.5,1,30000.0
2026-09-21,2026-09-22,2026-09-22,BANCO GANADERO,11.52,1,475816.0
2026-09-21,2026-09-22,2026-09-22,BANCO GANADERO,11.53,3,572.0
2026-09-21,2026-09-22,2026-09-22,BANCO DE CREDITO,11.6,1,376.0
2026-09-21,2026-09-22,2026-09-22,BANCO GANADERO,11.6499,1,93.0
2026-09-21,2026-09-22,2026-09-22,BANCO BISA,11.65,1,500000.0
2026-09-21,2026-09-22,2026-09-22,BANCO DE CREDITO,11.65,1,82000.0
2026-09-21,2026-09-22,2026-09-22,BANCO DE CREDITO,11.7,1,11828.0
2026-09-21,2026-09-22,2026-09-22,BANCO GANADERO,11.7,2,1050000.0
2026-09-21,2026-09-22,2026-09-22,BANCO NACIONAL DE BOLIVIA,11.7,1,299982.0
2026-09-21,2026-09-22,2026-09-22,BANCO DE CREDITO,11.75,1,100418.0
2026-09-21,2026-09-22,2026-09-22,BANCO DE CREDITO,11.8,2,6100.0
2026-09-21,2026-09-22,2026-09-22,BANCO FORTALEZA,11.8,1,97535.0
2026-09-21,2026-09-22,2026-09-22,BANCO DE CREDITO,11.9,1,56850.0
2026-09-21,2026-09-22,2026-09-22,BANCO ECONOMICO,11.9,1,250000.0
2026-09-21,2026-09-22,2026-09-22,BANCO SOLIDARIO,11.9,1,25.0
2026-09-21,2026-09-22,2026-09-22,BANCO DE CREDITO,11.95,1,40000.0
2026-09-21,2026-09-22,2026-09-22,BANCO GANADERO,11.95,1,349980.0
2026-09-21,2026-09-22,2026-09-22,BANCO DE CREDITO,12.0,10,104942.0
2026-09-21,2026-09-22,2026-09-22,BANCO MERCANTIL SANTA CRUZ,12.0,2,2000000.0
2026-09-21,2026-09-22,2026-09-22,BANCO GANADERO,12.04,1,83.0
2026-09-21,2026-09-22,2026-09-22,BANCO DE CREDITO,12.05,2,686532.0
2026-09-21,2026-09-22,2026-09-22,BANCO BISA,12.1,2,399900.0
2026-09-21,2026-09-22,2026-09-22,BANCO DE CREDITO,12.1,1,49925.0
2026-09-21,2026-09-22,2026-09-22,BANCO MERCANTIL SANTA CRUZ,12.1,1,999925.0
2026-09-21,2026-09-22,2026-09-22,BANCO SOLIDARIO,12.1,1,25.0
2026-09-21,2026-09-22,2026-09-22,BANCO GANADERO,12.18,1,99920.0
2026-09-21,2026-09-22,2026-09-22,BANCO BISA,12.2,1,299980.0
2026-09-21,2026-09-22,2026-09-22,BANCO DE CREDITO,12.2,1,221311.0
2026-09-21,2026-09-22,2026-09-22,BANCO ECONOMICO,12.2,1,499982.0
2026-09-21,2026-09-22,2026-09-22,BANCO DE CREDITO,12.24,1,640.0
2026-09-21,2026-09-22,2026-09-22,BANCO DE CREDITO,12.25,1,179900.0
2026-09-21,2026-09-22,2026-09-22,BANCO GANADERO,12.25,1,299975.0
2026-09-21,2026-09-22,2026-09-22,BANCO GANADERO,12.26,1,10.0
2026-09-21,2026-09-22,2026-09-22,BANCO DE CREDITO,12.3,2,399900.0
2026-09-21,2026-09-22,2026-09-22,BANCO ECONOMICO,12.3,1,449975.0
2026-09-21,2026-09-22,2026-09-22,BANCO GANADERO,12.32,1,899975.0
2026-09-21,2026-09-22,2026-09-22,BANCO DE CREDITO,12.35,2,1040000.0
2026-09-21,2026-09-22,2026-09-22,BANCO ECONOMICO,12.35,2,1813628.0
2026-09-21,2026-09-22,2026-09-22,BANCO GANADERO,12.35,1,500000.0
2026-09-21,2026-09-22,2026-09-22,BANCO NACIONAL DE BOLIVIA,12.4,1,1000000.0
2026-09-21,2026-09-22,2026-09-22,BANCO GANADERO,12.405,1,2000000.0
2026-09-21,2026-09-22,2026-09-22,BANCO GANADERO,12.42,2,1162.0
2026-09-21,2026-09-22,2026-09-22,BANCO ECONOMICO,12.45,3,999925.0
2026-09-21,2026-09-22,2026-09-22,BANCO DE CREDITO,12.54,1,285.0
2026-09-21,2026-09-22,2026-09-22,BANCO GANADERO,12.58,1,56.0
2026-09-21,2026-09-22,2026-09-22,BANCO GANADERO,12.6,2,238.0
2026-09-21,2026-09-22,2026-09-22,BANCO GANADERO,12.64,1,1157.0
2026-09-22,2026-09-23,2026-09-23,BANCO GANADERO,8.1,1,5387.0
2026-09-22,2026-09-23,2026-09-23,BANCO GANADERO,8.2,2,19941.0
2026-09-22,2026-09-23,2026-09-23,BANCO UNION,9.01,1,6.0
2026-09-22,2026-09-23,2026-09-23,BANCO GANADERO,9.5,35,17657.0
2026-09-22,2026-09-23,2026-09-23,BANCO BISA,9.9,1,30.0
2026-09-22,2026-09-23,2026-09-23,BANCO BISA,10.0,1,141.0
2026-09-22,2026-09-23,2026-09-23,BANCO BISA,10.1,138,31869.0
2026-09-22,2026-09-23,2026-09-23,BANCO GANADERO,10.15,2,208.0
2026-09-22,2026-09-23,2026-09-23,BANCO FORTALEZA,10.25,1,960.0
2026-09-22,2026-09-23,2026-09-23,BANCO DE CREDITO,10.52,5,18970.0
2026-09-22,2026-09-23,2026-09-23,BANCO SOLIDARIO,10.71,23,7602.0
2026-09-22,2026-09-23,2026-09-23,BANCO UNION,10.9,52,54532.0
2026-09-22,2026-09-23,2026-09-23,BANCO ECONOMICO,11.0,46,72275.0
2026-09-22,2026-09-23,2026-09-23,BANCO FIE,11.0,1,499905.0
2026-09-22,2026-09-23,2026-09-23,BANCO GANADERO,11.0,6,1337.0
2026-09-22,2026-09-23,2026-09-23,BANCO SOLIDARIO,11.0,1,8815.0
2026-09-22,2026-09-23,2026-09-23,BANCO NACIONAL DE BOLIVIA,11.1,1,2475.0
2026-09-22,2026-09-23,2026-09-23,BANCO SOLIDARIO,11.2,4,30160.0
2026-09-22,2026-09-23,2026-09-23,BANCO GANADERO,11.25,29,55126.0
2026-09-22,2026-09-23,2026-09-23,BANCO FIE,11.4,16,1596.0
2026-09-22,2026-09-23,2026-09-23,BANCO BISA,11.5,1,105228.0
2026-09-22,2026-09-23,2026-09-23,BANCO DE CREDITO,11.5,16,29788.0
2026-09-22,2026-09-23,2026-09-23,BANCO GANADERO,11.5,1,60.0
2026-09-22,2026-09-23,2026-09-23,BANCO PYME DE LA COMUNIDAD,11.5,3,225.0
2026-09-22,2026-09-23,2026-09-23,BANCO PYME ECOFUTURO,11.5,1,49.0
2026-09-22,2026-09-23,2026-09-23,BANCO SOLIDARIO,11.5,2,1235.0
2026-09-22,2026-09-23,2026-09-23,BANCO GANADERO,11.53,3,373.0
2026-09-22,2026-09-23,2026-09-23,BANCO DE CREDITO,11.6,2,20995.0
2026-09-22,2026-09-23,2026-09-23,BANCO DE LA NACIÓN ARGENTINA,11.6,11,3024.0
2026-09-22,2026-09-23,2026-09-23,BANCO GANADERO,11.6,3,2426677.0
2026-09-22,2026-09-23,2026-09-23,BANCO PRODEM,11.6,13,12259.0
2026-09-22,2026-09-23,2026-09-23,BANCO DE CREDITO,11.63,1,12931.0
2026-09-22,2026-09-23,2026-09-23,BANCO MERCANTIL SANTA CRUZ,11.65,296,403825.0
2026-09-22,2026-09-23,2026-09-23,BANCO BISA,11.7,47,57861.0
2026-09-22,2026-09-23,2026-09-23,BANCO GANADERO,11.7,1,100000.0
2026-09-22,2026-09-23,2026-09-23,BANCO DE CREDITO,11.8,1,76831.0
2026-09-22,2026-09-23,2026-09-23,BANCO FORTALEZA,11.8,2,5004.0
2026-09-22,2026-09-23,2026-09-23,BANCO NACIONAL DE BOLIVIA,11.8,6,18969.0
2026-09-22,2026-09-23,2026-09-23,BANCO GANADERO,11.88,17,25260.0
2026-09-22,2026-09-23,2026-09-23,BANCO BISA,11.9,8,25688830.0
2026-09-22,2026-09-23,2026-09-23,BANCO DE CREDITO,11.9,1,100000.0
2026-09-22,2026-09-23,2026-09-23,BANCO GANADERO,11.9,22,1660647.0
2026-09-22,2026-09-23,2026-09-23,BANCO NACIONAL DE BOLIVIA,11.9,13,2006893.0
2026-09-22,2026-09-23,2026-09-23,BANCO SOLIDARIO,11.9,1,34935.0
2026-09-22,2026-09-23,2026-09-23,BANCO MERCANTIL SANTA CRUZ,11.93,1,4525510.0
2026-09-22,2026-09-23,2026-09-23,BANCO BISA,11.94,1,4482167.0
2026-09-22,2026-09-23,2026-09-23,BANCO BISA,11.95,3,45968.0
2026-09-22,2026-09-23,2026-09-23,BANCO BISA,12.0,17,2933382.0
2026-09-22,2026-09-23,2026-09-23,BANCO DE CREDITO,12.0,5,421714.0
2026-09-22,2026-09-23,2026-09-23,BANCO DE LA NACIÓN ARGENTINA,12.0,1,8500.0
2026-09-22,2026-09-23,2026-09-23,BANCO GANADERO,12.0,3,2.0
2026-09-22,2026-09-23,2026-09-23,BANCO NACIONAL DE BOLIVIA,12.0,294,382546.0
2026-09-22,2026-09-23,2026-09-23,BANCO PYME ECOFUTURO,12.0,1,1000000.0
2026-09-22,2026-09-23,2026-09-23,BANCO SOLIDARIO,12.0,2,2484722.0
2026-09-22,2026-09-23,2026-09-23,BANCO GANADERO,12.04,3,428.0
2026-09-22,2026-09-23,2026-09-23,BANCO BISA,12.05,4,153924.0
2026-09-22,2026-09-23,2026-09-23,BANCO MERCANTIL SANTA CRUZ,12.05,1,48364.0
2026-09-22,2026-09-23,2026-09-23,BANCO SOLIDARIO,12.05,1,99975.0
2026-09-22,2026-09-23,2026-09-23,BANCO GANADERO,12.08,13,59891.0
2026-09-22,2026-09-23,2026-09-23,BANCO BISA,12.1,3,1294933.0
2026-09-22,2026-09-23,2026-09-23,BANCO DE CREDITO,12.1,580,234340.0
2026-09-22,2026-09-23,2026-09-23,BANCO ECONOMICO,12.1,1,12550.0
2026-09-22,2026-09-23,2026-09-23,BANCO GANADERO,12.1,42,817762.0
2026-09-22,2026-09-23,2026-09-23,BANCO MERCANTIL SANTA CRUZ,12.13,1,49899.0
2026-09-22,2026-09-23,2026-09-23,BANCO DE CREDITO,12.15,2,399865.0
2026-09-22,2026-09-23,2026-09-23,BANCO DE LA NACIÓN ARGENTINA,12.15,1,28000.0
2026-09-22,2026-09-23,2026-09-23,BANCO BISA,12.18,1,599988.0
2026-09-22,2026-09-23,2026-09-23,BANCO GANADERO,12.18,1,99216.0
2026-09-22,2026-09-23,2026-09-23,BANCO GANADERO,12.2,1,872987.0
2026-09-22,2026-09-23,2026-09-23,BANCO MERCANTIL SANTA CRUZ,12.21,2,372459.0
2026-09-22,2026-09-23,2026-09-23,BANCO BISA,12.22,1,130661.0
2026-09-22,2026-09-23,2026-09-23,BANCO BISA,12.25,1,999960.0
2026-09-22,2026-09-23,2026-09-23,BANCO DE CREDITO,12.25,4,974024.0
2026-09-22,2026-09-23,2026-09-23,BANCO ECONOMICO,12.25,2,217767.0
2026-09-22,2026-09-23,2026-09-23,BANCO NACIONAL DE BOLIVIA,12.265,1,699980.0
2026-09-22,2026-09-23,2026-09-23,BANCO BISA,12.28,1,500000.0
2026-09-22,2026-09-23,2026-09-23,BANCO BISA,12.3,1,1000000.0
2026-09-22,2026-09-23,2026-09-23,BANCO DE CREDITO,12.3,2,2019983.0
2026-09-22,2026-09-23,2026-09-23,BANCO ECONOMICO,12.3,2,1837704.0
2026-09-22,2026-09-23,2026-09-23,BANCO BISA,12.31,1,319960.0
2026-09-22,2026-09-23,2026-09-23,BANCO GANADERO,12.32,1,499975.0
2026-09-22,2026-09-23,2026-09-23,BANCO DE CREDITO,12.34,1,999940.0
2026-09-22,2026-09-23,2026-09-23,BANCO GANADERO,12.34,1,800077.0
2026-09-22,2026-09-23,2026-09-23,BANCO NACIONAL DE BOLIVIA,12.34,1,668792.0
2026-09-22,2026-09-23,2026-09-23,BANCO DE CREDITO,12.35,2,406915.0
2026-09-22,2026-09-23,2026-09-23,BANCO GANADERO,12.35,1,605902.0
2026-09-22,2026-09-23,2026-09-23,BANCO NACIONAL DE BOLIVIA,12.35,2,1081180.0
2026-09-22,2026-09-23,2026-09-23,BANCO ECONOMICO,12.4,1,499982.0
2026-09-22,2026-09-23,2026-09-23,BANCO FORTALEZA,12.4,1,500000.0
2026-09-22,2026-09-23,2026-09-23,BANCO GANADERO,12.42,2,415.0
2026-09-22,2026-09-23,2026-09-23,BANCO DE CREDITO,12.45,1,309940.0
2026-09-22,2026-09-23,2026-09-23,BANCO ECONOMICO,12.45,1,450000.0
2026-09-22,2026-09-23,2026-09-23,BANCO GANADERO,12.45,2,2999964.0
2026-09-22,2026-09-23,2026-09-23,BANCO MERCANTIL SANTA CRUZ,12.48,1,2280258.0
2026-09-22,2026-09-23,2026-09-23,BANCO BISA,12.5,1,119.0
2026-09-22,2026-09-23,2026-09-23,BANCO DE CREDITO,12.5,1,3000000.0
2026-09-22,2026-09-23,2026-09-23,BANCO ECONOMICO,12.5,2,1004950.0
2026-09-22,2026-09-23,2026-09-23,BANCO DE CREDITO,12.555,1,499975.0
2026-09-22,2026-09-23,2026-09-23,BANCO DE CREDITO,12.57,1,655.0
2026-09-22,2026-09-23,2026-09-23,BANCO DE CREDITO,12.58,1,1250.0
2026-09-23,2026-09-24,2026-09-24,BANCO GANADERO,8.1,1,6627.0
2026-09-23,2026-09-24,2026-09-24,BANCO GANADERO,8.2,1,33005.0
2026-09-23,2026-09-24,2026-09-24,BANCO GANADERO,9.5,35,7286.0
2026-09-23,2026-09-24,2026-09-24,BANCO GANADERO,9.63,1,80.0
2026-09-23,2026-09-24,2026-09-24,BANCO BISA,9.9,1,988.0
2026-09-23,2026-09-24,2026-09-24,BANCO BISA,10.0,1,101.0
2026-09-23,2026-09-24,2026-09-24,BANCO UNION,10.0,2,20.0
2026-09-23,2026-09-24,2026-09-24,BANCO GANADERO,10.01,2,531.0
2026-09-23,2026-09-24,2026-09-24,BANCO BISA,10.1,108,27997.0
2026-09-23,2026-09-24,2026-09-24,BANCO GANADERO,10.15,2,88.0
2026-09-23,2026-09-24,2026-09-24,BANCO DE CREDITO,10.2,2,7173.0
2026-09-23,2026-09-24,2026-09-24,BANCO SOLIDARIO,10.85,30,25327.0
2026-09-23,2026-09-24,2026-09-24,BANCO GANADERO,10.99,1,159.0
2026-09-23,2026-09-24,2026-09-24,BANCO GANADERO,11.0,1,157.0
2026-09-23,2026-09-24,2026-09-24,BANCO UNION,11.06,57,24619.0
2026-09-23,2026-09-24,2026-09-24,BANCO DE CREDITO,11.21,1,5000.0
2026-09-23,2026-09-24,2026-09-24,BANCO GANADERO,11.25,22,4180.0
2026-09-23,2026-09-24,2026-09-24,BANCO GANADERO,11.5,1,70000.0
2026-09-23,2026-09-24,2026-09-24,BANCO DE CREDITO,11.56,19,121193.0
2026-09-23,2026-09-24,2026-09-24,BANCO ECONOMICO,11.56,42,52615.0
2026-09-23,2026-09-24,2026-09-24,BANCO FIE,11.56,14,3359.0
2026-09-23,2026-09-24,2026-09-24,BANCO BISA,11.6,1,50000.0
2026-09-23,2026-09-24,2026-09-24,BANCO DE CREDITO,11.6,1,30566.0
2026-09-23,2026-09-24,2026-09-24,BANCO PYME DE LA COMUNIDAD,11.66,4,1290.0
2026-09-23,2026-09-24,2026-09-24,BANCO PYME ECOFUTURO,11.66,1,3.0
2026-09-23,2026-09-24,2026-09-24,BANCO NACIONAL DE BOLIVIA,11.758,1,2.0
2026-09-23,2026-09-24,2026-09-24,BANCO DE LA NACIÓN ARGENTINA,11.76,20,1847.0
2026-09-23,2026-09-24,2026-09-24,BANCO NACIONAL DE BOLIVIA,11.76,193,287329.0
2026-09-23,2026-09-24,2026-09-24,BANCO PRODEM,11.76,17,15443.0
2026-09-23,2026-09-24,2026-09-24,BANCO MERCANTIL SANTA CRUZ,11.81,157,353019.0
2026-09-23,2026-09-24,2026-09-24,BANCO FORTALEZA,11.85,2,51347.0
2026-09-23,2026-09-24,2026-09-24,BANCO BISA,11.86,22,61371.0
2026-09-23,2026-09-24,2026-09-24,BANCO NACIONAL DE BOLIVIA,11.86,1,80427.0
2026-09-23,2026-09-24,2026-09-24,BANCO BISA,11.9,3,130987.0
2026-09-23,2026-09-24,2026-09-24,BANCO GANADERO,11.9,12,3252.0
2026-09-23,2026-09-24,2026-09-24,BANCO GANADERO,11.92,1,134.0
2026-09-23,2026-09-24,2026-09-24,BANCO BISA,11.96,1,25552.0
2026-09-23,2026-09-24,2026-09-24,BANCO DE LA NACIÓN ARGENTINA,11.96,1,9000.0
2026-09-23,2026-09-24,2026-09-24,BANCO FORTALEZA,11.96,5,11198.0
2026-09-23,2026-09-24,2026-09-24,BANCO NACIONAL DE BOLIVIA,11.96,1,228000.0
2026-09-23,2026-09-24,2026-09-24,BANCO BISA,11.98,1,20000.0
2026-09-23,2026-09-24,2026-09-24,BANCO BISA,12.0,5,205949.0
2026-09-23,2026-09-24,2026-09-24,BANCO GANADERO,12.0,2,11583.0
2026-09-23,2026-09-24,2026-09-24,BANCO NACIONAL DE BOLIVIA,12.0,1,9025.0
2026-09-23,2026-09-24,2026-09-24,BANCO NACIONAL DE BOLIVIA,12.02,1,570768.0
2026-09-23,2026-09-24,2026-09-24,BANCO GANADERO,12.04,2,357.0
2026-09-23,2026-09-24,2026-09-24,BANCO BISA,12.05,1,50000.0
2026-09-23,2026-09-24,2026-09-24,BANCO FIE,12.05,2,104705.0
2026-09-23,2026-09-24,2026-09-24,BANCO NACIONAL DE BOLIVIA,12.05,23,551012.0
2026-09-23,2026-09-24,2026-09-24,BANCO SOLIDARIO,12.05,2,50000.0
2026-09-23,2026-09-24,2026-09-24,BANCO BISA,12.06,3,120955.0
2026-09-23,2026-09-24,2026-09-24,BANCO DE CREDITO,12.06,2,35245.0
2026-09-23,2026-09-24,2026-09-24,BANCO DE LA NACIÓN ARGENTINA,12.06,2,400.0
2026-09-23,2026-09-24,2026-09-24,BANCO FORTALEZA,12.06,3,53.0
2026-09-23,2026-09-24,2026-09-24,BANCO GANADERO,12.06,5,151923.0
2026-09-23,2026-09-24,2026-09-24,BANCO NACIONAL DE BOLIVIA,12.06,2,0.0
2026-09-23,2026-09-24,2026-09-24,BANCO SOLIDARIO,12.06,2,18980.0
2026-09-23,2026-09-24,2026-09-24,BANCO GANADERO,12.08,25,129621.0
2026-09-23,2026-09-24,2026-09-24,BANCO DE CREDITO,12.1,1,168125.0
2026-09-23,2026-09-24,2026-09-24,BANCO DE LA NACIÓN ARGENTINA,12.1,1,18000.0
2026-09-23,2026-09-24,2026-09-24,BANCO GANADERO,12.1,70,977863.0
2026-09-23,2026-09-24,2026-09-24,BANCO DE CREDITO,12.11,498,37714.0
2026-09-23,2026-09-24,2026-09-24,BANCO MERCANTIL SANTA CRUZ,12.13,1,50000.0
2026-09-23,2026-09-24,2026-09-24,BANCO BISA,12.15,6,2278987.0
2026-09-23,2026-09-24,2026-09-24,BANCO DE CREDITO,12.15,5,103933.0
2026-09-23,2026-09-24,2026-09-24,BANCO SOLIDARIO,12.15,1,718703.0
2026-09-23,2026-09-24,2026-09-24,BANCO BISA,12.16,1,31470.0
2026-09-23,2026-09-24,2026-09-24,BANCO DE CREDITO,12.16,3,106192.0
2026-09-23,2026-09-24,2026-09-24,BANCO MERCANTIL SANTA CRUZ,12.16,1,52400.0
2026-09-23,2026-09-24,2026-09-24,BANCO NACIONAL DE BOLIVIA,12.16,55,239347.0
2026-09-23,2026-09-24,2026-09-24,BANCO SOLIDARIO,12.16,1,3525.0
2026-09-23,2026-09-24,2026-09-24,BANCO BISA,12.17,1,450000.0
2026-09-23,2026-09-24,2026-09-24,BANCO SOLIDARIO,12.19,1,29975.0
2026-09-23,2026-09-24,2026-09-24,BANCO BISA,12.2,2,300000.0
2026-09-23,2026-09-24,2026-09-24,BANCO DE CREDITO,12.2,1,12920.0
2026-09-23,2026-09-24,2026-09-24,BANCO ECONOMICO,12.2,1,400000.0
2026-09-23,2026-09-24,2026-09-24,BANCO MERCANTIL SANTA CRUZ,12.23,1,500000.0
2026-09-23,2026-09-24,2026-09-24,BANCO BISA,12.25,1,49970.0
2026-09-23,2026-09-24,2026-09-24,BANCO GANADERO,12.25,1,2000000.0
2026-09-23,2026-09-24,2026-09-24,BANCO BISA,12.3,1,1000000.0
2026-09-23,2026-09-24,2026-09-24,BANCO DE CREDITO,12.3,2,245438.0
2026-09-23,2026-09-24,2026-09-24,BANCO FIE,12.3,2,700000.0
2026-09-23,2026-09-24,2026-09-24,BANCO GANADERO,12.3,2,2299935.0
2026-09-23,2026-09-24,2026-09-24,BANCO NACIONAL DE BOLIVIA,12.3,1,49975.0
2026-09-23,2026-09-24,2026-09-24,BANCO BISA,12.31,1,1160000.0
2026-09-23,2026-09-24,2026-09-24,BANCO SOLIDARIO,12.315,1,459880.0
2026-09-23,2026-09-24,2026-09-24,BANCO ECONOMICO,12.32,1,999980.0
2026-09-23,2026-09-24,2026-09-24,BANCO GANADERO,12.335,1,500000.0
2026-09-23,2026-09-24,2026-09-24,BANCO GANADERO,12.35,6,2959078.0
2026-09-23,2026-09-24,2026-09-24,BANCO NACIONAL DE BOLIVIA,12.35,1,199807.0
2026-09-23,2026-09-24,2026-09-24,BANCO SOLIDARIO,12.351,1,89905.0
2026-09-23,2026-09-24,2026-09-24,BANCO GANADERO,12.37,1,599975.0
2026-09-23,2026-09-24,2026-09-24,BANCO MERCANTIL SANTA CRUZ,12.38,1,299915.0
2026-09-23,2026-09-24,2026-09-24,BANCO SOLIDARIO,12.38,2,87389.0
2026-09-23,2026-09-24,2026-09-24,BANCO ECONOMICO,12.4,4,1232983.0
2026-09-23,2026-09-24,2026-09-24,BANCO GANADERO,12.4,2,2000000.0
2026-09-23,2026-09-24,2026-09-24,BANCO SOLIDARIO,12.405,1,85629.0
2026-09-23,2026-09-24,2026-09-24,BANCO SOLIDARIO,12.41,1,862887.0
2026-09-23,2026-09-24,2026-09-24,BANCO GANADERO,12.415,1,3900000.0
2026-09-23,2026-09-24,2026-09-24,BANCO SOLIDARIO,12.46,1,99905.0
2026-09-23,2026-09-24,2026-09-24,BANCO FIE,12.48,1,64000.0
2026-09-23,2026-09-24,2026-09-24,BANCO BISA,12.5,1,201.0
2026-09-23,2026-09-24,2026-09-24,BANCO FORTALEZA,12.5,1,342945.0
2026-09-23,2026-09-24,2026-09-24,BANCO PYME ECOFUTURO,12.56,1,500000.0
2026-09-23,2026-09-24,2026-09-24,BANCO GANADERO,12.58,1,115.0
2026-09-23,2026-09-24,2026-09-24,BANCO GANADERO,12.64,3,524.0
2026-09-23,2026-09-24,2026-09-24,BANCO DE CREDITO,12.65,1,2601.0
2026-09-23,2026-09-24,2026-09-24,BANCO DE CREDITO,12.8,1,4968.0
2026-09-24,2026-09-25,2026-09-25,BANCO GANADERO,8.1,1,2274.0
2026-09-24,2026-09-25,2026-09-25,BANCO GANADERO,8.2,1,28800.0
2026-09-24,2026-09-25,2026-09-25,BANCO GANADERO,9.5,16,1588.0
2026-09-24,2026-09-25,2026-09-25,BANCO GANADERO,9.83,1,153.0
2026-09-24,2026-09-25,2026-09-25,BANCO BISA,9.9,1,183.0
2026-09-24,2026-09-25,2026-09-25,BANCO BISA,10.0,1,40.0
2026-09-24,2026-09-25,2026-09-25,BANCO BISA,10.1,6,11885.0
2026-09-24,2026-09-25,2026-09-25,BANCO GANADERO,10.15,1,99.0
2026-09-24,2026-09-25,2026-09-25,BANCO DE CREDITO,10.52,1,2800.0
2026-09-24,2026-09-25,2026-09-25,BANCO UNION,10.9,1,33.0
2026-09-24,2026-09-25,2026-09-25,BANCO GANADERO,11.0,1,109.0
2026-09-24,2026-09-25,2026-09-25,BANCO SOLIDARIO,11.03,14,2461.0
2026-09-24,2026-09-25,2026-09-25,BANCO GANADERO,11.25,8,2172.0
2026-09-24,2026-09-25,2026-09-25,BANCO UNION,11.26,43,59356.0
2026-09-24,2026-09-25,2026-09-25,BANCO ECONOMICO,11.6,1,50.0
2026-09-24,2026-09-25,2026-09-25,BANCO DE CREDITO,11.76,13,20739.0
2026-09-24,2026-09-25,2026-09-25,BANCO FIE,11.76,10,271.0
2026-09-24,2026-09-25,2026-09-25,BANCO BISA,11.86,3,2992.0
2026-09-24,2026-09-25,2026-09-25,BANCO PYME DE LA COMUNIDAD,11.86,4,15123.0
2026-09-24,2026-09-25,2026-09-25,BANCO GANADERO,11.9,3,1496.0
2026-09-24,2026-09-25,2026-09-25,BANCO NACIONAL DE BOLIVIA,11.947,1,0.0
2026-09-24,2026-09-25,2026-09-25,BANCO NACIONAL DE BOLIVIA,11.96,185,180715.0
2026-09-24,2026-09-25,2026-09-25,BANCO PRODEM,11.96,9,18000.0
2026-09-24,2026-09-25,2026-09-25,BANCO BISA,12.0,135,107907.0
2026-09-24,2026-09-25,2026-09-25,BANCO DE CREDITO,12.0,6,24565.0
2026-09-24,2026-09-25,2026-09-25,BANCO FIE,12.0,1,500000.0
2026-09-24,2026-09-25,2026-09-25,BANCO NACIONAL DE BOLIVIA,12.0,1,0.0
2026-09-24,2026-09-25,2026-09-25,BANCO FIE,12.01,1,1000000.0
2026-09-24,2026-09-25,2026-09-25,BANCO MERCANTIL SANTA CRUZ,12.01,146,1203001.0
2026-09-24,2026-09-25,2026-09-25,BANCO NACIONAL DE BOLIVIA,12.02,1,1429232.0
2026-09-24,2026-09-25,2026-09-25,BANCO GANADERO,12.05,1,606.0
2026-09-24,2026-09-25,2026-09-25,BANCO BISA,12.06,49,5135319.0
2026-09-24,2026-09-25,2026-09-25,BANCO BISA,12.1,2,205302.0
2026-09-24,2026-09-25,2026-09-25,BANCO DE CREDITO,12.1,4,53038.0
2026-09-24,2026-09-25,2026-09-25,BANCO GANADERO,12.1,34,40206.0
2026-09-24,2026-09-25,2026-09-25,BANCO FIE,12.15,1,8770.0
2026-09-24,2026-09-25,2026-09-25,BANCO SOLIDARIO,12.15,1,95.0
2026-09-24,2026-09-25,2026-09-25,BANCO BISA,12.16,1,39017.0
2026-09-24,2026-09-25,2026-09-25,BANCO FORTALEZA,12.16,6,15600.0
2026-09-24,2026-09-25,2026-09-25,BANCO NACIONAL DE BOLIVIA,12.16,3,93915.0
2026-09-24,2026-09-25,2026-09-25,BANCO FIE,12.18,1,18240.0
2026-09-24,2026-09-25,2026-09-25,BANCO NACIONAL DE BOLIVIA,12.18,1,25331.0
2026-09-24,2026-09-25,2026-09-25,BANCO BISA,12.2,2,289000.0
2026-09-24,2026-09-25,2026-09-25,BANCO DE CREDITO,12.2,309,328088.0
2026-09-24,2026-09-25,2026-09-25,BANCO MERCANTIL SANTA CRUZ,12.2,1,100000.0
2026-09-24,2026-09-25,2026-09-25,BANCO NACIONAL DE BOLIVIA,12.2,1,183005.0
2026-09-24,2026-09-25,2026-09-25,BANCO NACIONAL DE BOLIVIA,12.23,1,299985.0
2026-09-24,2026-09-25,2026-09-25,BANCO GANADERO,12.24,26,62105.0
2026-09-24,2026-09-25,2026-09-25,BANCO BISA,12.245,1,16032350.0
2026-09-24,2026-09-25,2026-09-25,BANCO BISA,12.25,1,500000.0
2026-09-24,2026-09-25,2026-09-25,BANCO MERCANTIL SANTA CRUZ,12.25,1,499932.0
2026-09-24,2026-09-25,2026-09-25,BANCO NACIONAL DE BOLIVIA,12.25,26,1441.0
2026-09-24,2026-09-25,2026-09-25,BANCO NACIONAL DE BOLIVIA,12.258,3,585500.0
2026-09-24,2026-09-25,2026-09-25,BANCO DE CREDITO,12.26,1,32353.0
2026-09-24,2026-09-25,2026-09-25,BANCO FORTALEZA,12.26,2,101.0
2026-09-24,2026-09-25,2026-09-25,BANCO GANADERO,12.26,50,924798.0
2026-09-24,2026-09-25,2026-09-25,BANCO MERCANTIL SANTA CRUZ,12.26,1,280000.0
2026-09-24,2026-09-25,2026-09-25,BANCO PYME DE LA COMUNIDAD,12.26,1,800.0
2026-09-24,2026-09-25,2026-09-25,BANCO BISA,12.3,1,3000000.0
2026-09-24,2026-09-25,2026-09-25,BANCO FIE,12.3,1,130369.0
2026-09-24,2026-09-25,2026-09-25,BANCO MERCANTIL SANTA CRUZ,12.32,1,1027007.0
2026-09-24,2026-09-25,2026-09-25,BANCO GANADERO,12.36,7,65.0
2026-09-24,2026-09-25,2026-09-25,BANCO MERCANTIL SANTA CRUZ,12.36,3,2125456.0
2026-09-24,2026-09-25,2026-09-25,BANCO MERCANTIL SANTA CRUZ,12.38,2,3000000.0
2026-09-24,2026-09-25,2026-09-25,BANCO FORTALEZA,12.4,1,986287.0
2026-09-24,2026-09-25,2026-09-25,BANCO SOLIDARIO,12.46,1,6962.0
2026-09-24,2026-09-25,2026-09-25,BANCO DE CREDITO,12.47,1,2054.0
2026-09-24,2026-09-25,2026-09-25,BANCO DE CREDITO,12.5,1,15624.0
2026-09-24,2026-09-25,2026-09-25,BANCO UNION,12.51,1,350000.0
2026-09-24,2026-09-25,2026-09-25,BANCO FIE,12.54,1,300000.0
2026-09-24,2026-09-25,2026-09-25,BANCO DE CREDITO,12.55,1,2400.0
2026-09-24,2026-09-25,2026-09-25,BANCO FIE,12.56,1,399975.0
2026-09-24,2026-09-25,2026-09-25,BANCO FIE,12.5615,1,68546.0
2026-09-24,2026-09-25,2026-09-25,BANCO DE CREDITO,12.66,1,3500.0
2026-09-25,2026-09-26,2026-09-28,BANCO GANADERO,8.1,1,4782.0
2026-09-25,2026-09-26,2026-09-28,BANCO GANADERO,8.2,1,62239.0
2026-09-25,2026-09-26,2026-09-28,BANCO GANADERO,9.5,12,213.0
2026-09-25,2026-09-26,2026-09-28,BANCO GANADERO,9.83,1,72.0
2026-09-25,2026-09-26,2026-09-28,BANCO BISA,9.9,1,183.0
2026-09-25,2026-09-26,2026-09-28,BANCO BISA,10.0,1,40.0
2026-09-25,2026-09-26,2026-09-28,BANCO GANADERO,10.01,1,95.0
2026-09-25,2026-09-26,2026-09-28,BANCO BISA,10.1,2,2680.0
2026-09-25,2026-09-26,2026-09-28,BANCO GANADERO,10.15,1,570.0
2026-09-25,2026-09-26,2026-09-28,BANCO DE CREDITO,10.52,2,12230.0
2026-09-25,2026-09-26,2026-09-28,BANCO GANADERO,11.0,1,2051.0
2026-09-25,2026-09-26,2026-09-28,BANCO SOLIDARIO,11.0,35,7374.0
2026-09-25,2026-09-26,2026-09-28,BANCO SOLIDARIO,11.03,4,4532.0
2026-09-25,2026-09-26,2026-09-28,BANCO NACIONAL DE BOLIVIA,11.09,1,20675.0
2026-09-25,2026-09-26,2026-09-28,BANCO NACIONAL DE BOLIVIA,11.22,173,223815.0
2026-09-25,2026-09-26,2026-09-28,BANCO UNION,11.22,57,176979.0
2026-09-25,2026-09-26,2026-09-28,BANCO NACIONAL DE BOLIVIA,11.225,1,0.0
2026-09-25,2026-09-26,2026-09-28,BANCO DE CREDITO,11.25,1,0.0
2026-09-25,2026-09-26,2026-09-28,BANCO GANADERO,11.25,4,1744.0
2026-09-25,2026-09-26,2026-09-28,BANCO BISA,11.5,1,100000.0
2026-09-25,2026-09-26,2026-09-28,BANCO FORTALEZA,11.5,2,168.0
2026-09-25,2026-09-26,2026-09-28,BANCO GANADERO,11.53,1,2280.0
2026-09-25,2026-09-26,2026-09-28,BANCO GANADERO,11.55,1,41920.0
2026-09-25,2026-09-26,2026-09-28,BANCO DE CREDITO,11.5512,1,3.0
2026-09-25,2026-09-26,2026-09-28,BANCO DE CREDITO,11.56,5,1095.0
2026-09-25,2026-09-26,2026-09-28,BANCO DE CREDITO,11.6,1,2963.0
2026-09-25,2026-09-26,2026-09-28,BANCO ECONOMICO,11.6,10,3006.0
2026-09-25,2026-09-26,2026-09-28,BANCO DE CREDITO,11.62,25,104058.0
2026-09-25,2026-09-26,2026-09-28,BANCO FIE,11.72,9,1148.0
2026-09-25,2026-09-26,2026-09-28,BANCO DE CREDITO,11.7493,1,4.0
2026-09-25,2026-09-26,2026-09-28,BANCO DE CREDITO,11.7512,1,7.0
2026-09-25,2026-09-26,2026-09-28,BANCO DE CREDITO,11.7558,1,13.0
2026-09-25,2026-09-26,2026-09-28,BANCO DE CREDITO,11.7567,1,15.0
2026-09-25,2026-09-26,2026-09-28,BANCO DE CREDITO,11.7568,1,1.0
2026-09-25,2026-09-26,2026-09-28,BANCO DE CREDITO,11.7578,2,34.0
2026-09-25,2026-09-26,2026-09-28,BANCO DE CREDITO,11.7585,1,9.0
2026-09-25,2026-09-26,2026-09-28,BANCO DE CREDITO,11.7589,1,10.0
2026-09-25,2026-09-26,2026-09-28,BANCO DE CREDITO,11.7595,1,68.0
2026-09-25,2026-09-26,2026-09-28,BANCO DE CREDITO,11.7599,2,663.0
2026-09-25,2026-09-26,2026-09-28,BANCO DE CREDITO,11.76,61,93058.0
2026-09-25,2026-09-26,2026-09-28,BANCO FIE,11.76,5,13050.0
2026-09-25,2026-09-26,2026-09-28,BANCO DE CREDITO,11.7601,6,1443.0
2026-09-25,2026-09-26,2026-09-28,BANCO DE CREDITO,11.7602,2,41.0
2026-09-25,2026-09-26,2026-09-28,BANCO DE CREDITO,11.7605,1,14.0
2026-09-25,2026-09-26,2026-09-28,BANCO DE CREDITO,11.7606,1,85.0
2026-09-25,2026-09-26,2026-09-28,BANCO DE CREDITO,11.7607,1,18.0
2026-09-25,2026-09-26,2026-09-28,BANCO DE CREDITO,11.7608,1,30.0
2026-09-25,2026-09-26,2026-09-28,BANCO DE CREDITO,11.7611,1,32.0
2026-09-25,2026-09-26,2026-09-28,BANCO DE CREDITO,11.7647,12,74.0
2026-09-25,2026-09-26,2026-09-28,BANCO DE CREDITO,11.7674,1,0.0
2026-09-25,2026-09-26,2026-09-28,BANCO FORTALEZA,11.8,3,119480.0
2026-09-25,2026-09-26,2026-09-28,BANCO PYME DE LA COMUNIDAD,11.82,5,51653.0
2026-09-25,2026-09-26,2026-09-28,BANCO PYME ECOFUTURO,11.82,1,35.0
2026-09-25,2026-09-26,2026-09-28,BANCO GANADERO,11.86,1,9000.0
2026-09-25,2026-09-26,2026-09-28,BANCO BISA,11.9,3,87061.0
2026-09-25,2026-09-26,2026-09-28,BANCO DE CREDITO,11.9,2,21718.0
2026-09-25,2026-09-26,2026-09-28,BANCO DE CREDITO,11.92,1,3585.0
2026-09-25,2026-09-26,2026-09-28,BANCO NACIONAL DE BOLIVIA,11.92,29,8243.0
2026-09-25,2026-09-26,2026-09-28,BANCO PRODEM,11.92,27,20675.0
2026-09-25,2026-09-26,2026-09-28,BANCO BISA,11.95,1,49760.0
2026-09-25,2026-09-26,2026-09-28,BANCO NACIONAL DE BOLIVIA,11.96,82,1078548.0
2026-09-25,2026-09-26,2026-09-28,BANCO MERCANTIL SANTA CRUZ,11.97,163,1598024.0
2026-09-25,2026-09-26,2026-09-28,BANCO MERCANTIL SANTA CRUZ,11.98,1,115860.0
2026-09-25,2026-09-26,2026-09-28,BANCO BISA,12.0,13,2165967.0
2026-09-25,2026-09-26,2026-09-28,BANCO DE CREDITO,12.0,457,1208566.0
2026-09-25,2026-09-26,2026-09-28,BANCO MERCANTIL SANTA CRUZ,12.0,4,1543555.0
2026-09-25,2026-09-26,2026-09-28,BANCO NACIONAL DE BOLIVIA,12.0,3,79635.0
2026-09-25,2026-09-26,2026-09-28,BANCO MERCANTIL SANTA CRUZ,12.01,69,1678470.0
2026-09-25,2026-09-26,2026-09-28,BANCO BISA,12.02,41,98130.0
2026-09-25,2026-09-26,2026-09-28,BANCO BISA,12.03,1,200000.0
2026-09-25,2026-09-26,2026-09-28,BANCO GANADERO,12.04,4,416.0
2026-09-25,2026-09-26,2026-09-28,BANCO GANADERO,12.05,3,809363.0
2026-09-25,2026-09-26,2026-09-28,BANCO NACIONAL DE BOLIVIA,12.05,1,149975.0
2026-09-25,2026-09-26,2026-09-28,BANCO NACIONAL DE BOLIVIA,12.07,1,466119.0
2026-09-25,2026-09-26,2026-09-28,BANCO DE CREDITO,12.1,1,199950.0
2026-09-25,2026-09-26,2026-09-28,BANCO GANADERO,12.1,12,5084.0
2026-09-25,2026-09-26,2026-09-28,BANCO FORTALEZA,12.12,3,2436.0
2026-09-25,2026-09-26,2026-09-28,BANCO BISA,12.15,140,40899.0
2026-09-25,2026-09-26,2026-09-28,BANCO GANADERO,12.15,1,1114982.0
2026-09-25,2026-09-26,2026-09-28,BANCO NACIONAL DE BOLIVIA,12.15,3,632336.0
2026-09-25,2026-09-26,2026-09-28,BANCO NACIONAL DE BOLIVIA,12.16,1,50000.0
2026-09-25,2026-09-26,2026-09-28,BANCO DE CREDITO,12.2,308,609582.0
2026-09-25,2026-09-26,2026-09-28,BANCO GANADERO,12.2,26,82575.0
2026-09-25,2026-09-26,2026-09-28,BANCO NACIONAL DE BOLIVIA,12.2,1,205280.0
2026-09-25,2026-09-26,2026-09-28,BANCO NACIONAL DE BOLIVIA,12.21,20,1008.0
2026-09-25,2026-09-26,2026-09-28,BANCO NACIONAL DE BOLIVIA,12.218,1,7300.0
2026-09-25,2026-09-26,2026-09-28,BANCO DE CREDITO,12.22,3,318524.0
2026-09-25,2026-09-26,2026-09-28,BANCO GANADERO,12.22,57,1594114.0
2026-09-25,2026-09-26,2026-09-28,BANCO MERCANTIL SANTA CRUZ,12.22,1,7344.0
2026-09-25,2026-09-26,2026-09-28,BANCO SOLIDARIO,12.22,1,31950.0
2026-09-25,2026-09-26,2026-09-28,BANCO GANADERO,12.24,1,18935.0
2026-09-25,2026-09-26,2026-09-28,BANCO NACIONAL DE BOLIVIA,12.25,12,436.0
2026-09-25,2026-09-26,2026-09-28,BANCO NACIONAL DE BOLIVIA,12.258,1,120000.0
2026-09-25,2026-09-26,2026-09-28,BANCO GANADERO,12.26,47,483982.0
2026-09-25,2026-09-26,2026-09-28,BANCO NACIONAL DE BOLIVIA,12.26,13,17.0
2026-09-25,2026-09-26,2026-09-28,BANCO PYME ECOFUTURO,12.28,1,100000.0
2026-09-25,2026-09-26,2026-09-28,BANCO GANADERO,12.3,1,1000000.0
2026-09-25,2026-09-26,2026-09-28,BANCO DE CREDITO,12.32,1,7840.0
2026-09-25,2026-09-26,2026-09-28,BANCO GANADERO,12.32,9,74.0
2026-09-25,2026-09-26,2026-09-28,BANCO GANADERO,12.35,1,1999982.0
2026-09-25,2026-09-26,2026-09-28,BANCO MERCANTIL SANTA CRUZ,12.36,1,235248.0
2026-09-25,2026-09-26,2026-09-28,BANCO FORTALEZA,12.37,1,309641.0
2026-09-25,2026-09-26,2026-09-28,BANCO FORTALEZA,12.5,1,500000.0
2026-09-25,2026-09-26,2026-09-28,BANCO GANADERO,12.64,1,396.0
2026-09-25,2026-09-26,2026-09-28,BANCO DE CREDITO,12.66,1,3000.0
2026-09-25,2026-09-26,2026-09-28,BANCO DE CREDITO,12.7,1,1029.0
2026-09-25,2026-09-26,2026-09-28,BANCO DE CREDITO,12.86,1,1490.0
2026-09-25,2026-09-26,2026-09-28,BANCO DE CREDITO,13.97,1,804.0
2026-09-28,2026-09-29,2026-09-29,BANCO GANADERO,8.1,1,8902.0
2026-09-28,2026-09-29,2026-09-29,BANCO GANADERO,8.2,1,41312.0
2026-09-28,2026-09-29,2026-09-29,BANCO GANADERO,9.5,115,89711.0
2026-09-28,2026-09-29,2026-09-29,BANCO GANADERO,9.83,1,395.0
2026-09-28,2026-09-29,2026-09-29,BANCO BISA,10.1,1,1033.0
2026-09-28,2026-09-29,2026-09-29,BANCO DE CREDITO,10.52,1,2155.0
2026-09-28,2026-09-29,2026-09-29,BANCO SOLIDARIO,10.85,68,23466.0
2026-09-28,2026-09-29,2026-09-29,BANCO FORTALEZA,11.0,2,21.0
2026-09-28,2026-09-29,2026-09-29,BANCO GANADERO,11.0,1,58200.0
2026-09-28,2026-09-29,2026-09-29,BANCO SOLIDARIO,11.0,7,45.0
2026-09-28,2026-09-29,2026-09-29,BANCO MERCANTIL SANTA CRUZ,11.05,280,747463.0
2026-09-28,2026-09-29,2026-09-29,BANCO NACIONAL DE BOLIVIA,11.05,244,274253.0
2026-09-28,2026-09-29,2026-09-29,BANCO UNION,11.05,25,24249.0
2026-09-28,2026-09-29,2026-09-29,BANCO NACIONAL DE BOLIVIA,11.22,71,22698.0
2026-09-28,2026-09-29,2026-09-29,BANCO GANADERO,11.25,3,209.0
2026-09-28,2026-09-29,2026-09-29,BANCO DE CREDITO,11.45,10,53627.0
2026-09-28,2026-09-29,2026-09-29,BANCO ECONOMICO,11.45,55,65458.0
2026-09-28,2026-09-29,2026-09-29,BANCO FIE,11.45,1,18019.0
2026-09-28,2026-09-29,2026-09-29,BANCO DE CREDITO,11.5,311,46166.0
2026-09-28,2026-09-29,2026-09-29,BANCO MERCANTIL SANTA CRUZ,11.5,1,13000.0
2026-09-28,2026-09-29,2026-09-29,BANCO NACIONAL DE BOLIVIA,11.5,1,89975.0
2026-09-28,2026-09-29,2026-09-29,BANCO DE CREDITO,11.5385,1,1.0
2026-09-28,2026-09-29,2026-09-29,BANCO DE CREDITO,11.55,1,1800.0
2026-09-28,2026-09-29,2026-09-29,BANCO FIE,11.55,17,10999.0
2026-09-28,2026-09-29,2026-09-29,BANCO NACIONAL DE BOLIVIA,11.55,1,37661.0
2026-09-28,2026-09-29,2026-09-29,BANCO DE CREDITO,11.5789,1,1.0
2026-09-28,2026-09-29,2026-09-29,BANCO DE CREDITO,11.5934,1,2.0
2026-09-28,2026-09-29,2026-09-29,BANCO DE CREDITO,11.6,1,7120.0
2026-09-28,2026-09-29,2026-09-29,BANCO DE CREDITO,11.6071,2,4.0
2026-09-28,2026-09-29,2026-09-29,BANCO DE CREDITO,11.6111,1,0.0
2026-09-28,2026-09-29,2026-09-29,BANCO DE CREDITO,11.6162,1,4.0
2026-09-28,2026-09-29,2026-09-29,BANCO DE CREDITO,11.6167,1,10.0
2026-09-28,2026-09-29,2026-09-29,BANCO DE CREDITO,11.6178,1,9.0
2026-09-28,2026-09-29,2026-09-29,BANCO DE CREDITO,11.6183,1,27.0
2026-09-28,2026-09-29,2026-09-29,BANCO DE CREDITO,11.6187,1,3.0
2026-09-28,2026-09-29,2026-09-29,BANCO DE CREDITO,11.6189,5,116.0
2026-09-28,2026-09-29,2026-09-29,BANCO DE CREDITO,11.6195,2,75.0
2026-09-28,2026-09-29,2026-09-29,BANCO DE CREDITO,11.6196,1,56.0
2026-09-28,2026-09-29,2026-09-29,BANCO DE CREDITO,11.6197,2,346.0
2026-09-28,2026-09-29,2026-09-29,BANCO DE CREDITO,11.6198,5,729.0
2026-09-28,2026-09-29,2026-09-29,BANCO DE CREDITO,11.6199,1,263.0
2026-09-28,2026-09-29,2026-09-29,BANCO DE CREDITO,11.62,77,120544.0
2026-09-28,2026-09-29,2026-09-29,BANCO DE CREDITO,11.6201,6,1054.0
2026-09-28,2026-09-29,2026-09-29,BANCO DE CREDITO,11.6202,2,444.0
2026-09-28,2026-09-29,2026-09-29,BANCO DE CREDITO,11.6204,1,8.0
2026-09-28,2026-09-29,2026-09-29,BANCO DE CREDITO,11.6205,1,95.0
2026-09-28,2026-09-29,2026-09-29,BANCO DE CREDITO,11.6212,2,52.0
2026-09-28,2026-09-29,2026-09-29,BANCO DE CREDITO,11.6215,1,36.0
2026-09-28,2026-09-29,2026-09-29,BANCO DE CREDITO,11.6226,1,13.0
2026-09-28,2026-09-29,2026-09-29,BANCO DE CREDITO,11.623,1,1.0
2026-09-28,2026-09-29,2026-09-29,BANCO DE CREDITO,11.6245,1,11.0
2026-09-28,2026-09-29,2026-09-29,BANCO DE CREDITO,11.6279,9,23.0
2026-09-28,2026-09-29,2026-09-29,BANCO DE CREDITO,11.6327,1,4.0
2026-09-28,2026-09-29,2026-09-29,BANCO DE CREDITO,11.65,2,50450.0
2026-09-28,2026-09-29,2026-09-29,BANCO PYME DE LA COMUNIDAD,11.65,5,2434.0
2026-09-28,2026-09-29,2026-09-29,BANCO PYME ECOFUTURO,11.65,1,405.0
2026-09-28,2026-09-29,2026-09-29,BANCO DE CREDITO,11.6505,2,2.0
2026-09-28,2026-09-29,2026-09-29,BANCO DE CREDITO,11.6667,1,0.0
2026-09-28,2026-09-29,2026-09-29,BANCO DE CREDITO,11.6883,2,2.0
2026-09-28,2026-09-29,2026-09-29,BANCO BISA,11.75,56,130957.0
2026-09-28,2026-09-29,2026-09-29,BANCO DE LA NACIÓN ARGENTINA,11.75,32,3944.0
2026-09-28,2026-09-29,2026-09-29,BANCO PRODEM,11.75,12,11293.0
2026-09-28,2026-09-29,2026-09-29,BANCO DE CREDITO,11.76,1,100.0
2026-09-28,2026-09-29,2026-09-29,BANCO DE LA NACIÓN ARGENTINA,11.76,1,0.0
2026-09-28,2026-09-29,2026-09-29,BANCO DE CREDITO,11.7647,1,6.0
2026-09-28,2026-09-29,2026-09-29,BANCO BISA,11.8,58,2120801.0
2026-09-28,2026-09-29,2026-09-29,BANCO DE CREDITO,11.8,5,134543.0
2026-09-28,2026-09-29,2026-09-29,BANCO BISA,11.85,5,4793.0
2026-09-28,2026-09-29,2026-09-29,BANCO DE CREDITO,11.85,1,44520.0
2026-09-28,2026-09-29,2026-09-29,BANCO DE CREDITO,11.86,5,19280.0
2026-09-28,2026-09-29,2026-09-29,BANCO BISA,11.9,5,108530.0
2026-09-28,2026-09-29,2026-09-29,BANCO DE CREDITO,11.9,3,353470.0
2026-09-28,2026-09-29,2026-09-29,BANCO NACIONAL DE BOLIVIA,11.9,5,194931.0
2026-09-28,2026-09-29,2026-09-29,BANCO SOLIDARIO,11.91,5,9833.0
2026-09-28,2026-09-29,2026-09-29,BANCO BISA,11.95,7,1344838.0
2026-09-28,2026-09-29,2026-09-29,BANCO FORTALEZA,11.95,4,18025.0
2026-09-28,2026-09-29,2026-09-29,BANCO GANADERO,11.95,2,393420.0
2026-09-28,2026-09-29,2026-09-29,BANCO NACIONAL DE BOLIVIA,11.95,2,74365.0
2026-09-28,2026-09-29,2026-09-29,BANCO SOLIDARIO,11.95,14,267004.0
2026-09-28,2026-09-29,2026-09-29,BANCO BISA,11.96,2,820000.0
2026-09-28,2026-09-29,2026-09-29,BANCO GANADERO,11.96,2,699295.0
2026-09-28,2026-09-29,2026-09-29,BANCO BISA,11.975,1,34970.0
2026-09-28,2026-09-29,2026-09-29,BANCO BISA,11.98,3,304965.0
2026-09-28,2026-09-29,2026-09-29,BANCO BISA,12.0,17,1097085.0
2026-09-28,2026-09-29,2026-09-29,BANCO DE CREDITO,12.0,2,506765.0
2026-09-28,2026-09-29,2026-09-29,BANCO DE LA NACIÓN ARGENTINA,12.0,2,70000.0
2026-09-28,2026-09-29,2026-09-29,BANCO ECONOMICO,12.0,2,2050000.0
2026-09-28,2026-09-29,2026-09-29,BANCO GANADERO,12.0,4,503878.0
2026-09-28,2026-09-29,2026-09-29,BANCO MERCANTIL SANTA CRUZ,12.0,3,1663925.0
2026-09-28,2026-09-29,2026-09-29,BANCO SOLIDARIO,12.0,1,88715.0
2026-09-28,2026-09-29,2026-09-29,BANCO GANADERO,12.01,1,273865.0
2026-09-28,2026-09-29,2026-09-29,BANCO BISA,12.02,1,101966.0
2026-09-28,2026-09-29,2026-09-29,BANCO GANADERO,12.02,1,999982.0
2026-09-28,2026-09-29,2026-09-29,BANCO BISA,12.03,1,500000.0
2026-09-28,2026-09-29,2026-09-29,BANCO GANADERO,12.03,23,107131.0
2026-09-28,2026-09-29,2026-09-29,BANCO GANADERO,12.04,1,415.0
2026-09-28,2026-09-29,2026-09-29,BANCO NACIONAL DE BOLIVIA,12.04,32,2306.0
2026-09-28,2026-09-29,2026-09-29,BANCO BISA,12.05,4,1103466.0
2026-09-28,2026-09-29,2026-09-29,BANCO DE CREDITO,12.05,5,455951.0
2026-09-28,2026-09-29,2026-09-29,BANCO ECONOMICO,12.05,1,500000.0
2026-09-28,2026-09-29,2026-09-29,BANCO FORTALEZA,12.05,3,100.0
2026-09-28,2026-09-29,2026-09-29,BANCO GANADERO,12.05,88,3625014.0
2026-09-28,2026-09-29,2026-09-29,BANCO MERCANTIL SANTA CRUZ,12.05,7,503852.0
2026-09-28,2026-09-29,2026-09-29,BANCO PYME DE LA COMUNIDAD,12.05,1,20000.0
2026-09-28,2026-09-29,2026-09-29,BANCO SOLIDARIO,12.05,4,121631.0
2026-09-28,2026-09-29,2026-09-29,BANCO BISA,12.06,1,2000000.0
2026-09-28,2026-09-29,2026-09-29,BANCO NACIONAL DE BOLIVIA,12.07,1,1000000.0
2026-09-28,2026-09-29,2026-09-29,BANCO DE CREDITO,12.1,2,271513.0
2026-09-28,2026-09-29,2026-09-29,BANCO GANADERO,12.1,5,1349.0
2026-09-28,2026-09-29,2026-09-29,BANCO NACIONAL DE BOLIVIA,12.1,2,593653.0
2026-09-28,2026-09-29,2026-09-29,BANCO SOLIDARIO,12.1,1,5505.0
2026-09-28,2026-09-29,2026-09-29,BANCO SOLIDARIO,12.13,2,164536.0
2026-09-28,2026-09-29,2026-09-29,BANCO BISA,12.15,1,133965.0
2026-09-28,2026-09-29,2026-09-29,BANCO FORTALEZA,12.15,1,270000.0
2026-09-28,2026-09-29,2026-09-29,BANCO GANADERO,12.15,5,70105.0
2026-09-28,2026-09-29,2026-09-29,BANCO MERCANTIL SANTA CRUZ,12.15,3,136500.0
2026-09-28,2026-09-29,2026-09-29,BANCO NACIONAL DE BOLIVIA,12.15,1,136576.0
2026-09-28,2026-09-29,2026-09-29,BANCO DE CREDITO,12.2,301,14472.0
2026-09-28,2026-09-29,2026-09-29,BANCO GANADERO,12.2,1,8513.0
2026-09-28,2026-09-29,2026-09-29,BANCO NACIONAL DE BOLIVIA,12.21,10,293.0
2026-09-28,2026-09-29,2026-09-29,BANCO GANADERO,12.22,17,320476.0
2026-09-28,2026-09-29,2026-09-29,BANCO NACIONAL DE BOLIVIA,12.22,16,55.0
2026-09-28,2026-09-29,2026-09-29,BANCO GANADERO,12.26,4,249.0
2026-09-28,2026-09-29,2026-09-29,BANCO SOLIDARIO,12.33,2,1473575.0
2026-09-28,2026-09-29,2026-09-29,BANCO SOLIDARIO,12.351,1,95.0
2026-09-28,2026-09-29,2026-09-29,BANCO SOLIDARIO,12.4,1,227061.0
2026-09-28,2026-09-29,2026-09-29,BANCO SOLIDARIO,12.4182,1,399905.0
2026-09-28,2026-09-29,2026-09-29,BANCO GANADERO,12.42,2,213.0
2026-09-28,2026-09-29,2026-09-29,BANCO DE CREDITO,12.86,1,5368.0
2026-09-29,2026-09-30,2026-09-30,BANCO GANADERO,8.1,1,6950.0
2026-09-29,2026-09-30,2026-09-30,BANCO GANADERO,8.2,1,56198.0
2026-09-29,2026-09-30,2026-09-30,BANCO GANADERO,9.5,61,48492.0
2026-09-29,2026-09-30,2026-09-30,BANCO BISA,9.9,1,91.0
2026-09-29,2026-09-30,2026-09-30,BANCO BISA,10.0,1,30.0
2026-09-29,2026-09-30,2026-09-30,BANCO SOLIDARIO,10.01,1,95.0
2026-09-29,2026-09-30,2026-09-30,BANCO BISA,10.1,1,70.0
2026-09-29,2026-09-30,2026-09-30,BANCO DE CREDITO,10.2,1,425.0
2026-09-29,2026-09-30,2026-09-30,BANCO NACIONAL DE BOLIVIA,10.25,1,12975.0
2026-09-29,2026-09-30,2026-09-30,BANCO MERCANTIL SANTA CRUZ,10.77,217,85949.0
2026-09-29,2026-09-30,2026-09-30,BANCO GANADERO,10.8,1,32470.0
2026-09-29,2026-09-30,2026-09-30,BANCO SOLIDARIO,10.82,29,7695.0
2026-09-29,2026-09-30,2026-09-30,BANCO SOLIDARIO,10.85,2,104.0
2026-09-29,2026-09-30,2026-09-30,BANCO MERCANTIL SANTA CRUZ,10.87,1,17500.0
2026-09-29,2026-09-30,2026-09-30,BANCO NACIONAL DE BOLIVIA,11.02,244,191796.0
2026-09-29,2026-09-30,2026-09-30,BANCO PYME ECOFUTURO,11.02,2,115.0
2026-09-29,2026-09-30,2026-09-30,BANCO UNION,11.02,29,5950.0
2026-09-29,2026-09-30,2026-09-30,BANCO MERCANTIL SANTA CRUZ,11.05,66,8124.0
2026-09-29,2026-09-30,2026-09-30,BANCO NACIONAL DE BOLIVIA,11.05,115,71275.0
2026-09-29,2026-09-30,2026-09-30,BANCO DE CREDITO,11.1111,2,0.0
2026-09-29,2026-09-30,2026-09-30,BANCO GANADERO,11.2,1,21055.0
2026-09-29,2026-09-30,2026-09-30,BANCO GANADERO,11.3,1,10764.0
2026-09-29,2026-09-30,2026-09-30,BANCO BISA,11.32,42,88946.0
2026-09-29,2026-09-30,2026-09-30,BANCO FORTALEZA,11.4,1,400.0
2026-09-29,2026-09-30,2026-09-30,BANCO ECONOMICO,11.42,44,29794.0
2026-09-29,2026-09-30,2026-09-30,BANCO DE CREDITO,11.4286,5,7.0
2026-09-29,2026-09-30,2026-09-30,BANCO DE CREDITO,11.4416,2,9.0
2026-09-29,2026-09-30,2026-09-30,BANCO DE CREDITO,11.4428,1,2.0
2026-09-29,2026-09-30,2026-09-30,BANCO DE CREDITO,11.4474,1,11.0
2026-09-29,2026-09-30,2026-09-30,BANCO DE CREDITO,11.4482,1,17.0
2026-09-29,2026-09-30,2026-09-30,BANCO DE CREDITO,11.4488,1,10.0
2026-09-29,2026-09-30,2026-09-30,BANCO DE CREDITO,11.4494,1,15.0
2026-09-29,2026-09-30,2026-09-30,BANCO DE CREDITO,11.4497,1,11.0
2026-09-29,2026-09-30,2026-09-30,BANCO DE CREDITO,11.4498,1,183.0
2026-09-29,2026-09-30,2026-09-30,BANCO DE CREDITO,11.4499,2,506.0
2026-09-29,2026-09-30,2026-09-30,BANCO DE CREDITO,11.45,56,80008.0
2026-09-29,2026-09-30,2026-09-30,BANCO ECONOMICO,11.45,1,100.0
2026-09-29,2026-09-30,2026-09-30,BANCO DE CREDITO,11.4502,2,218.0
2026-09-29,2026-09-30,2026-09-30,BANCO DE CREDITO,11.4504,11,402.0
2026-09-29,2026-09-30,2026-09-30,BANCO DE CREDITO,11.4512,1,9.0
2026-09-29,2026-09-30,2026-09-30,BANCO DE CREDITO,11.4515,1,35.0
2026-09-29,2026-09-30,2026-09-30,BANCO DE CREDITO,11.4516,1,26.0
2026-09-29,2026-09-30,2026-09-30,BANCO DE CREDITO,11.4519,2,49.0
2026-09-29,2026-09-30,2026-09-30,BANCO DE CREDITO,11.4521,1,22.0
2026-09-29,2026-09-30,2026-09-30,BANCO DE CREDITO,11.4548,2,17.0
2026-09-29,2026-09-30,2026-09-30,BANCO DE CREDITO,11.4583,1,4.0
2026-09-29,2026-09-30,2026-09-30,BANCO DE CREDITO,11.4613,1,3.0
2026-09-29,2026-09-30,2026-09-30,BANCO DE CREDITO,11.4633,1,4.0
2026-09-29,2026-09-30,2026-09-30,BANCO DE CREDITO,11.465,1,2.0
2026-09-29,2026-09-30,2026-09-30,BANCO DE CREDITO,11.4667,1,1.0
2026-09-29,2026-09-30,2026-09-30,BANCO DE CREDITO,11.4679,1,2.0
2026-09-29,2026-09-30,2026-09-30,BANCO DE CREDITO,11.4754,1,1.0
2026-09-29,2026-09-30,2026-09-30,BANCO DE CREDITO,11.4943,1,1.0
2026-09-29,2026-09-30,2026-09-30,BANCO DE CREDITO,11.5,248,10265.0
2026-09-29,2026-09-30,2026-09-30,BANCO MERCANTIL SANTA CRUZ,11.5,1,73650.0
2026-09-29,2026-09-30,2026-09-30,BANCO NACIONAL DE BOLIVIA,11.5,3,115130.0
2026-09-29,2026-09-30,2026-09-30,BANCO DE CREDITO,11.52,19,59998.0
2026-09-29,2026-09-30,2026-09-30,BANCO DE LA NACIÓN ARGENTINA,11.52,35,14831.0
2026-09-29,2026-09-30,2026-09-30,BANCO FIE,11.52,19,10353.0
2026-09-29,2026-09-30,2026-09-30,BANCO FIE,11.55,6,453.0
2026-09-29,2026-09-30,2026-09-30,BANCO DE CREDITO,11.56,1,9950.0
2026-09-29,2026-09-30,2026-09-30,BANCO DE CREDITO,11.6,1,24965.0
2026-09-29,2026-09-30,2026-09-30,BANCO NACIONAL DE BOLIVIA,11.6,1,40000.0
2026-09-29,2026-09-30,2026-09-30,BANCO PYME DE LA COMUNIDAD,11.62,8,2122.0
2026-09-29,2026-09-30,2026-09-30,BANCO BISA,11.72,1,285.0
2026-09-29,2026-09-30,2026-09-30,BANCO PRODEM,11.72,9,35465.0
2026-09-29,2026-09-30,2026-09-30,BANCO BISA,11.75,4,18154.0
2026-09-29,2026-09-30,2026-09-30,BANCO DE CREDITO,11.7647,1,0.0
2026-09-29,2026-09-30,2026-09-30,BANCO BISA,11.8,176,63606.0
2026-09-29,2026-09-30,2026-09-30,BANCO DE CREDITO,11.8,1,9920.0
2026-09-29,2026-09-30,2026-09-30,BANCO FORTALEZA,11.8,2,263145.0
2026-09-29,2026-09-30,2026-09-30,BANCO MERCANTIL SANTA CRUZ,11.8,3,198080.0
2026-09-29,2026-09-30,2026-09-30,BANCO BISA,11.82,4,61050.0
2026-09-29,2026-09-30,2026-09-30,BANCO NACIONAL DE BOLIVIA,11.82,1,25800.0
2026-09-29,2026-09-30,2026-09-30,BANCO BISA,11.85,2,15210.0
2026-09-29,2026-09-30,2026-09-30,BANCO SOLIDARIO,11.85,1,3630.0
2026-09-29,2026-09-30,2026-09-30,BANCO SOLIDARIO,11.86,1,419.0
2026-09-29,2026-09-30,2026-09-30,BANCO BISA,11.9,6,1269906.0
2026-09-29,2026-09-30,2026-09-30,BANCO DE CREDITO,11.9,5,344747.0
2026-09-29,2026-09-30,2026-09-30,BANCO DE LA NACIÓN ARGENTINA,11.9,1,3800.0
2026-09-29,2026-09-30,2026-09-30,BANCO ECONOMICO,11.9,1,40000.0
2026-09-29,2026-09-30,2026-09-30,BANCO MERCANTIL SANTA CRUZ,11.9,1,134440.0
2026-09-29,2026-09-30,2026-09-30,BANCO NACIONAL DE BOLIVIA,11.9,1,1059.0
2026-09-29,2026-09-30,2026-09-30,BANCO SOLIDARIO,11.9,2,30811.0
2026-09-29,2026-09-30,2026-09-30,BANCO BISA,11.92,1,48835.0
2026-09-29,2026-09-30,2026-09-30,BANCO DE CREDITO,11.92,408,143958.0
2026-09-29,2026-09-30,2026-09-30,BANCO GANADERO,11.92,1,100000.0
2026-09-29,2026-09-30,2026-09-30,BANCO NACIONAL DE BOLIVIA,11.92,1,3955.0
2026-09-29,2026-09-30,2026-09-30,BANCO BISA,11.95,6,386823.0
2026-09-29,2026-09-30,2026-09-30,BANCO DE CREDITO,11.95,9,77528.0
2026-09-29,2026-09-30,2026-09-30,BANCO FORTALEZA,11.95,1,519567.0
2026-09-29,2026-09-30,2026-09-30,BANCO GANADERO,11.95,4,888367.0
2026-09-29,2026-09-30,2026-09-30,BANCO NACIONAL DE BOLIVIA,11.95,2,4216.0
2026-09-29,2026-09-30,2026-09-30,BANCO SOLIDARIO,11.95,6,232672.0
2026-09-29,2026-09-30,2026-09-30,BANCO BISA,11.96,1,300000.0
2026-09-29,2026-09-30,2026-09-30,BANCO GANADERO,11.96,1,329982.0
2026-09-29,2026-09-30,2026-09-30,BANCO GANADERO,11.97,1,1945.0
2026-09-29,2026-09-30,2026-09-30,BANCO BISA,11.98,2,561334.0
2026-09-29,2026-09-30,2026-09-30,BANCO MERCANTIL SANTA CRUZ,11.98,1,200000.0
2026-09-29,2026-09-30,2026-09-30,BANCO BISA,11.99,2,1485481.0
2026-09-29,2026-09-30,2026-09-30,BANCO MERCANTIL SANTA CRUZ,11.99,3,460155.0
2026-09-29,2026-09-30,2026-09-30,BANCO BISA,12.0,5,679571.0
2026-09-29,2026-09-30,2026-09-30,BANCO DE CREDITO,12.0,2,699830.0
2026-09-29,2026-09-30,2026-09-30,BANCO ECONOMICO,12.0,5,2649964.0
2026-09-29,2026-09-30,2026-09-30,BANCO GANADERO,12.0,22,3584281.0
2026-09-29,2026-09-30,2026-09-30,BANCO NACIONAL DE BOLIVIA,12.0,1,43975.0
2026-09-29,2026-09-30,2026-09-30,BANCO SOLIDARIO,12.0,1,3175.0
2026-09-29,2026-09-30,2026-09-30,BANCO MERCANTIL SANTA CRUZ,12.01,1,199932.0
2026-09-29,2026-09-30,2026-09-30,BANCO NACIONAL DE BOLIVIA,12.01,21,1343.0
2026-09-29,2026-09-30,2026-09-30,BANCO BISA,12.02,1,60955.0
2026-09-29,2026-09-30,2026-09-30,BANCO DE CREDITO,12.02,4,1600343.0
2026-09-29,2026-09-30,2026-09-30,BANCO FORTALEZA,12.02,5,16814.0
2026-09-29,2026-09-30,2026-09-30,BANCO GANADERO,12.02,202,906465.0
2026-09-29,2026-09-30,2026-09-30,BANCO MERCANTIL SANTA CRUZ,12.02,4,1014500.0
2026-09-29,2026-09-30,2026-09-30,BANCO NACIONAL DE BOLIVIA,12.02,4,6747.0
2026-09-29,2026-09-30,2026-09-30,BANCO DE CREDITO,12.0261,1,99950.0
2026-09-29,2026-09-30,2026-09-30,BANCO GANADERO,12.03,1,6316.0
2026-09-29,2026-09-30,2026-09-30,BANCO NACIONAL DE BOLIVIA,12.04,12,587.0
2026-09-29,2026-09-30,2026-09-30,BANCO NACIONAL DE BOLIVIA,12.048,1,30000.0
2026-09-29,2026-09-30,2026-09-30,BANCO BISA,12.05,1,299965.0
2026-09-29,2026-09-30,2026-09-30,BANCO DE CREDITO,12.05,1,499915.0
2026-09-29,2026-09-30,2026-09-30,BANCO GANADERO,12.05,31,275026.0
2026-09-29,2026-09-30,2026-09-30,BANCO MERCANTIL SANTA CRUZ,12.05,1,6557701.0
2026-09-29,2026-09-30,2026-09-30,BANCO NACIONAL DE BOLIVIA,12.05,49,792741.0
2026-09-29,2026-09-30,2026-09-30,BANCO UNION,12.05,2,4099945.0
2026-09-29,2026-09-30,2026-09-30,BANCO SOLIDARIO,12.0523,2,2999810.0
2026-09-29,2026-09-30,2026-09-30,BANCO NACIONAL DE BOLIVIA,12.07,4,540972.0
2026-09-29,2026-09-30,2026-09-30,BANCO DE CREDITO,12.1,1,682076.0
2026-09-29,2026-09-30,2026-09-30,BANCO GANADERO,12.1,8,1153.0
2026-09-29,2026-09-30,2026-09-30,BANCO BISA,12.15,3,4876.0
2026-09-29,2026-09-30,2026-09-30,BANCO DE CREDITO,12.17,1,4012.0
2026-09-29,2026-09-30,2026-09-30,BANCO NACIONAL DE BOLIVIA,12.2,1,3000.0
2026-09-29,2026-09-30,2026-09-30,BANCO GANADERO,12.22,11,11975.0
2026-09-29,2026-09-30,2026-09-30,BANCO GANADERO,12.26,7,1943.0
2026-09-29,2026-09-30,2026-09-30,BANCO DE CREDITO,12.32,1,30000.0
2026-09-29,2026-09-30,2026-09-30,BANCO GANADERO,12.32,3,4.0
2026-09-29,2026-09-30,2026-09-30,BANCO NACIONAL DE BOLIVIA,12.32,1,1270.0
2026-09-29,2026-09-30,2026-09-30,BANCO BISA,12.5,1,161.0
2026-09-29,2026-09-30,2026-09-30,BANCO DE CREDITO,12.66,1,850.0
2026-09-29,2026-09-30,2026-09-30,BANCO DE CREDITO,12.86,1,4500.0
2026-09-30,2026-10-01,2026-10-01,BANCO GANADERO,8.1,1,3654.0
2026-09-30,2026-10-01,2026-10-01,BANCO GANADERO,8.2,1,2976.0
2026-09-30,2026-10-01,2026-10-01,BANCO GANADERO,9.5,39,6127.0
2026-09-30,2026-10-01,2026-10-01,BANCO GANADERO,9.83,1,76.0
2026-09-30,2026-10-01,2026-10-01,BANCO BISA,9.9,1,91.0
2026-09-30,2026-10-01,2026-10-01,BANCO BISA,10.0,1,30.0
2026-09-30,2026-10-01,2026-10-01,BANCO GANADERO,10.0,1,9954.0
2026-09-30,2026-10-01,2026-10-01,BANCO BISA,10.1,2,219.0
2026-09-30,2026-10-01,2026-10-01,BANCO GANADERO,10.15,1,99.0
2026-09-30,2026-10-01,2026-10-01,BANCO DE CREDITO,10.52,1,985.0
2026-09-30,2026-10-01,2026-10-01,BANCO DE CREDITO,10.6,1,1308.0
2026-09-30,2026-10-01,2026-10-01,BANCO MERCANTIL SANTA CRUZ,10.77,257,727357.0
2026-09-30,2026-10-01,2026-10-01,BANCO SOLIDARIO,10.82,36,7769.0
2026-09-30,2026-10-01,2026-10-01,BANCO FORTALEZA,11.0,1,102.0
2026-09-30,2026-10-01,2026-10-01,BANCO GANADERO,11.0,2,63000.0
2026-09-30,2026-10-01,2026-10-01,BANCO MERCANTIL SANTA CRUZ,11.0,1,1052.0
2026-09-30,2026-10-01,2026-10-01,BANCO NACIONAL DE BOLIVIA,11.0,1,0.0
2026-09-30,2026-10-01,2026-10-01,BANCO NACIONAL DE BOLIVIA,11.02,276,201111.0
2026-09-30,2026-10-01,2026-10-01,BANCO PYME ECOFUTURO,11.02,1,18.0
2026-09-30,2026-10-01,2026-10-01,BANCO UNION,11.02,40,7134.0
2026-09-30,2026-10-01,2026-10-01,BANCO NACIONAL DE BOLIVIA,11.021,2,9.0
2026-09-30,2026-10-01,2026-10-01,BANCO NACIONAL DE BOLIVIA,11.029,1,0.0
2026-09-30,2026-10-01,2026-10-01,BANCO UNION,11.05,1,41.0
2026-09-30,2026-10-01,2026-10-01,BANCO DE CREDITO,11.09,1,50.0
2026-09-30,2026-10-01,2026-10-01,BANCO DE CREDITO,11.1111,1,0.0
2026-09-30,2026-10-01,2026-10-01,BANCO GANADERO,11.25,1,56.0
2026-09-30,2026-10-01,2026-10-01,BANCO GANADERO,11.3,2,68606.0
2026-09-30,2026-10-01,2026-10-01,BANCO BISA,11.32,34,37439.0
2026-09-30,2026-10-01,2026-10-01,BANCO BISA,11.35,1,1446.0
2026-09-30,2026-10-01,2026-10-01,BANCO ECONOMICO,11.42,44,83302.0
2026-09-30,2026-10-01,2026-10-01,BANCO DE CREDITO,11.4286,1,0.0
2026-09-30,2026-10-01,2026-10-01,BANCO DE CREDITO,11.4421,1,4.0
2026-09-30,2026-10-01,2026-10-01,BANCO DE CREDITO,11.4527,1,17.0
2026-09-30,2026-10-01,2026-10-01,BANCO DE CREDITO,11.4754,1,1.0
2026-09-30,2026-10-01,2026-10-01,BANCO DE CREDITO,11.4943,1,2.0
2026-09-30,2026-10-01,2026-10-01,BANCO DE CREDITO,11.5,1,0.0
2026-09-30,2026-10-01,2026-10-01,BANCO DE CREDITO,11.5089,1,2.0
2026-09-30,2026-10-01,2026-10-01,BANCO DE CREDITO,11.512,1,7.0
2026-09-30,2026-10-01,2026-10-01,BANCO DE CREDITO,11.5132,1,3.0
2026-09-30,2026-10-01,2026-10-01,BANCO DE CREDITO,11.5169,1,4.0
2026-09-30,2026-10-01,2026-10-01,BANCO DE CREDITO,11.5174,1,5.0
2026-09-30,2026-10-01,2026-10-01,BANCO DE CREDITO,11.5179,1,13.0
2026-09-30,2026-10-01,2026-10-01,BANCO DE CREDITO,11.5185,1,3.0
2026-09-30,2026-10-01,2026-10-01,BANCO DE CREDITO,11.5191,1,14.0
2026-09-30,2026-10-01,2026-10-01,BANCO DE CREDITO,11.5193,1,82.0
2026-09-30,2026-10-01,2026-10-01,BANCO DE CREDITO,11.5194,1,10.0
2026-09-30,2026-10-01,2026-10-01,BANCO DE CREDITO,11.5195,1,36.0
2026-09-30,2026-10-01,2026-10-01,BANCO DE CREDITO,11.5196,1,59.0
2026-09-30,2026-10-01,2026-10-01,BANCO DE CREDITO,11.5197,1,41.0
2026-09-30,2026-10-01,2026-10-01,BANCO DE CREDITO,11.5198,1,93.0
2026-09-30,2026-10-01,2026-10-01,BANCO DE CREDITO,11.5199,5,1588.0
2026-09-30,2026-10-01,2026-10-01,BANCO BISA,11.52,3,22158.0
2026-09-30,2026-10-01,2026-10-01,BANCO DE CREDITO,11.52,88,132391.0
2026-09-30,2026-10-01,2026-10-01,BANCO DE LA NACIÓN ARGENTINA,11.52,20,5644.0
2026-09-30,2026-10-01,2026-10-01,BANCO FIE,11.52,20,1852.0
2026-09-30,2026-10-01,2026-10-01,BANCO DE CREDITO,11.5202,2,181.0
2026-09-30,2026-10-01,2026-10-01,BANCO DE CREDITO,11.5207,34,614.0
2026-09-30,2026-10-01,2026-10-01,BANCO DE CREDITO,11.5213,1,1.0
2026-09-30,2026-10-01,2026-10-01,BANCO DE CREDITO,11.5214,1,8.0
2026-09-30,2026-10-01,2026-10-01,BANCO DE CREDITO,11.5217,1,9.0
2026-09-30,2026-10-01,2026-10-01,BANCO DE CREDITO,11.5224,1,22.0
2026-09-30,2026-10-01,2026-10-01,BANCO DE CREDITO,11.5226,2,15.0
2026-09-30,2026-10-01,2026-10-01,BANCO DE CREDITO,11.523,1,14.0
2026-09-30,2026-10-01,2026-10-01,BANCO DE CREDITO,11.5234,1,5.0
2026-09-30,2026-10-01,2026-10-01,BANCO DE CREDITO,11.5242,1,3.0
2026-09-30,2026-10-01,2026-10-01,BANCO DE CREDITO,11.5245,1,11.0
2026-09-30,2026-10-01,2026-10-01,BANCO GANADERO,11.53,1,356.0
2026-09-30,2026-10-01,2026-10-01,BANCO DE CREDITO,11.5302,1,3.0
2026-09-30,2026-10-01,2026-10-01,BANCO DE CREDITO,11.5357,1,0.0
2026-09-30,2026-10-01,2026-10-01,BANCO DE CREDITO,11.5385,4,8.0
2026-09-30,2026-10-01,2026-10-01,BANCO DE CREDITO,11.5517,1,1.0
2026-09-30,2026-10-01,2026-10-01,BANCO DE CREDITO,11.6,2,5787.0
2026-09-30,2026-10-01,2026-10-01,BANCO BISA,11.62,1,855.0
2026-09-30,2026-10-01,2026-10-01,BANCO FORTALEZA,11.62,2,728.0
2026-09-30,2026-10-01,2026-10-01,BANCO PYME DE LA COMUNIDAD,11.62,5,221.0
2026-09-30,2026-10-01,2026-10-01,BANCO BISA,11.7,2,31502.0
2026-09-30,2026-10-01,2026-10-01,BANCO ECONOMICO,11.7,1,3500.0
2026-09-30,2026-10-01,2026-10-01,BANCO BISA,11.72,5,96944.0
2026-09-30,2026-10-01,2026-10-01,BANCO FORTALEZA,11.72,2,4.0
2026-09-30,2026-10-01,2026-10-01,BANCO NACIONAL DE BOLIVIA,11.72,2,7000.0
2026-09-30,2026-10-01,2026-10-01,BANCO PRODEM,11.72,16,4283.0
2026-09-30,2026-10-01,2026-10-01,BANCO BISA,11.75,3,225897.0
2026-09-30,2026-10-01,2026-10-01,BANCO DE CREDITO,11.7647,1,0.0
2026-09-30,2026-10-01,2026-10-01,BANCO MERCANTIL SANTA CRUZ,11.77,1,40000.0
2026-09-30,2026-10-01,2026-10-01,BANCO BISA,11.8,29,259568.0
2026-09-30,2026-10-01,2026-10-01,BANCO ECONOMICO,11.8,1,14139.0
2026-09-30,2026-10-01,2026-10-01,BANCO BISA,11.82,3,101699.0
2026-09-30,2026-10-01,2026-10-01,BANCO DE CREDITO,11.82,1,32932.0
2026-09-30,2026-10-01,2026-10-01,BANCO SOLIDARIO,11.82,1,22560.0
2026-09-30,2026-10-01,2026-10-01,BANCO BISA,11.84,1,400000.0
2026-09-30,2026-10-01,2026-10-01,BANCO BISA,11.85,4,46570.0
2026-09-30,2026-10-01,2026-10-01,BANCO SOLIDARIO,11.86,5,17303.0
2026-09-30,2026-10-01,2026-10-01,BANCO BISA,11.87,3,1903350.0
2026-09-30,2026-10-01,2026-10-01,BANCO SOLIDARIO,11.88,1,103114.0
2026-09-30,2026-10-01,2026-10-01,BANCO BISA,11.9,4,262976.0
2026-09-30,2026-10-01,2026-10-01,BANCO DE CREDITO,11.9,1,5570.0
2026-09-30,2026-10-01,2026-10-01,BANCO DE LA NACIÓN ARGENTINA,11.9,1,23000.0
2026-09-30,2026-10-01,2026-10-01,BANCO GANADERO,11.9,1,262606.0
2026-09-30,2026-10-01,2026-10-01,BANCO MERCANTIL SANTA CRUZ,11.9,1,40000.0
2026-09-30,2026-10-01,2026-10-01,BANCO NACIONAL DE BOLIVIA,11.9,1,136243.0
2026-09-30,2026-10-01,2026-10-01,BANCO BISA,11.92,3,201507.0
2026-09-30,2026-10-01,2026-10-01,BANCO DE CREDITO,11.92,792,41946.0
2026-09-30,2026-10-01,2026-10-01,BANCO FORTALEZA,11.92,2,833.0
2026-09-30,2026-10-01,2026-10-01,BANCO NACIONAL DE BOLIVIA,11.92,2,263475.0
2026-09-30,2026-10-01,2026-10-01,BANCO SOLIDARIO,11.92,2,140000.0
2026-09-30,2026-10-01,2026-10-01,BANCO BISA,11.93,2,150336.0
2026-09-30,2026-10-01,2026-10-01,BANCO MERCANTIL SANTA CRUZ,11.93,1,99940.0
2026-09-30,2026-10-01,2026-10-01,BANCO BISA,11.95,5,196060.0
2026-09-30,2026-10-01,2026-10-01,BANCO DE CREDITO,11.95,4,680311.0
2026-09-30,2026-10-01,2026-10-01,BANCO GANADERO,11.95,5,1770716.0
2026-09-30,2026-10-01,2026-10-01,BANCO MERCANTIL SANTA CRUZ,11.95,3,804783.0
2026-09-30,2026-10-01,2026-10-01,BANCO NACIONAL DE BOLIVIA,11.95,2,103958.0
2026-09-30,2026-10-01,2026-10-01,BANCO BISA,11.96,3,671830.0
2026-09-30,2026-10-01,2026-10-01,BANCO DE CREDITO,11.96,1,49921.0
2026-09-30,2026-10-01,2026-10-01,BANCO GANADERO,11.96,1,50000.0
2026-09-30,2026-10-01,2026-10-01,BANCO DE CREDITO,11.97,6,128444.0
2026-09-30,2026-10-01,2026-10-01,BANCO GANADERO,11.97,1,6481.0
2026-09-30,2026-10-01,2026-10-01,BANCO MERCANTIL SANTA CRUZ,11.97,1,99975.0
2026-09-30,2026-10-01,2026-10-01,BANCO NACIONAL DE BOLIVIA,11.97,1,906820.0
2026-09-30,2026-10-01,2026-10-01,BANCO DE CREDITO,11.98,7,109771.0
2026-09-30,2026-10-01,2026-10-01,BANCO GANADERO,11.98,1,1227725.0
2026-09-30,2026-10-01,2026-10-01,BANCO MERCANTIL SANTA CRUZ,11.98,1,150000.0
2026-09-30,2026-10-01,2026-10-01,BANCO NACIONAL DE BOLIVIA,11.98,1,1000000.0
2026-09-30,2026-10-01,2026-10-01,BANCO BISA,12.0,8,5595845.0
2026-09-30,2026-10-01,2026-10-01,BANCO DE CREDITO,12.0,2,535241.0
2026-09-30,2026-10-01,2026-10-01,BANCO ECONOMICO,12.0,1,150000.0
2026-09-30,2026-10-01,2026-10-01,BANCO GANADERO,12.0,17,107544.0
2026-09-30,2026-10-01,2026-10-01,BANCO UNION,12.0,1,199985.0
2026-09-30,2026-10-01,2026-10-01,BANCO NACIONAL DE BOLIVIA,12.01,36,1710.0
2026-09-30,2026-10-01,2026-10-01,BANCO MERCANTIL SANTA CRUZ,12.015,1,443110.0
2026-09-30,2026-10-01,2026-10-01,BANCO DE CREDITO,12.02,9,2990874.0
2026-09-30,2026-10-01,2026-10-01,BANCO ECONOMICO,12.02,1,1000000.0
2026-09-30,2026-10-01,2026-10-01,BANCO GANADERO,12.02,166,1639115.0
2026-09-30,2026-10-01,2026-10-01,BANCO MERCANTIL SANTA CRUZ,12.02,6,1153917.0
2026-09-30,2026-10-01,2026-10-01,BANCO NACIONAL DE BOLIVIA,12.02,163,158882.0
2026-09-30,2026-10-01,2026-10-01,BANCO SOLIDARIO,12.02,1,179975.0
2026-09-30,2026-10-01,2026-10-01,BANCO BISA,12.05,253,87375.0
2026-09-30,2026-10-01,2026-10-01,BANCO GANADERO,12.05,16,11519.0
2026-09-30,2026-10-01,2026-10-01,BANCO MERCANTIL SANTA CRUZ,12.05,1,700000.0
2026-09-30,2026-10-01,2026-10-01,BANCO UNION,12.05,1,170485.0
2026-09-30,2026-10-01,2026-10-01,BANCO MERCANTIL SANTA CRUZ,12.055,1,599895.0
2026-09-30,2026-10-01,2026-10-01,BANCO GANADERO,12.1,2,285.0
2026-09-30,2026-10-01,2026-10-01,BANCO MERCANTIL SANTA CRUZ,12.1,1,999920.0
2026-09-30,2026-10-01,2026-10-01,BANCO BISA,12.15,4,4942.0
2026-09-30,2026-10-01,2026-10-01,BANCO NACIONAL DE BOLIVIA,12.2,5,13674.0
2026-09-30,2026-10-01,2026-10-01,BANCO GANADERO,12.22,2,1235.0
2026-09-30,2026-10-01,2026-10-01,BANCO UNION,12.22,1,499970.0
2026-09-30,2026-10-01,2026-10-01,BANCO DE CREDITO,12.24,1,640.0
2026-09-30,2026-10-01,2026-10-01,BANCO UNION,12.25,3,2000000.0
2026-09-30,2026-10-01,2026-10-01,BANCO GANADERO,12.26,4,326.0
2026-09-30,2026-10-01,2026-10-01,BANCO GANADERO,12.32,1,1.0
2026-09-30,2026-10-01,2026-10-01,BANCO BISA,12.35,1,81.0
2026-09-30,2026-10-01,2026-10-01,BANCO NACIONAL DE BOLIVIA,12.36,1,21156.0
2026-09-30,2026-10-01,2026-10-01,BANCO FIE,12.45,1,325240.0
2026-09-30,2026-10-01,2026-10-01,BANCO FIE,12.48,1,236000.0
2026-09-30,2026-10-01,2026-10-01,BANCO BISA,12.5,1,161.0
2026-09-30,2026-10-01,2026-10-01,BANCO DE CREDITO,12.5,1,0.0
2026-09-30,2026-10-01,2026-10-01,BANCO FIE,12.5,1,598230.0
2026-09-30,2026-10-01,2026-10-01,BANCO GANADERO,12.64,1,25.0
2026-09-30,2026-10-01,2026-10-01,BANCO DE CREDITO,12.7,1,921.0
2026-10-01,2026-10-02,2026-10-02,BANCO GANADERO,9.5,11,796.0
2026-10-01,2026-10-02,2026-10-02,BANCO BISA,9.9,2,30.0
2026-10-01,2026-10-02,2026-10-02,BANCO NACIONAL DE BOLIVIA,10.0,3,2755.0
2026-10-01,2026-10-02,2026-10-02,BANCO BISA,10.1,4,597.0
2026-10-01,2026-10-02,2026-10-02,BANCO GANADERO,10.75,19,6876.0
2026-10-01,2026-10-02,2026-10-02,BANCO MERCANTIL SANTA CRUZ,10.75,142,371236.0
2026-10-01,2026-10-02,2026-10-02,BANCO MERCANTIL SANTA CRUZ,10.77,72,63076.0
2026-10-01,2026-10-02,2026-10-02,BANCO BISA,10.8,2,977.0
2026-10-01,2026-10-02,2026-10-02,BANCO SOLIDARIO,10.8,27,8624.0
2026-10-01,2026-10-02,2026-10-02,BANCO FORTALEZA,11.0,1,33.0
2026-10-01,2026-10-02,2026-10-02,BANCO GANADERO,11.0,1,300.0
2026-10-01,2026-10-02,2026-10-02,BANCO MERCANTIL SANTA CRUZ,11.0,1,5000.0
2026-10-01,2026-10-02,2026-10-02,BANCO NACIONAL DE BOLIVIA,11.0,184,147718.0
2026-10-01,2026-10-02,2026-10-02,BANCO PYME ECOFUTURO,11.0,2,23.0
2026-10-01,2026-10-02,2026-10-02,BANCO UNION,11.0,42,11617.0
2026-10-01,2026-10-02,2026-10-02,BANCO FORTALEZA,11.2,1,14306.0
2026-10-01,2026-10-02,2026-10-02,BANCO NACIONAL DE BOLIVIA,11.2,1,8895.0
2026-10-01,2026-10-02,2026-10-02,BANCO GANADERO,11.25,1,1106.0
2026-10-01,2026-10-02,2026-10-02,BANCO BISA,11.3,45,83674.0
2026-10-01,2026-10-02,2026-10-02,BANCO BISA,11.35,1,1950.0
2026-10-01,2026-10-02,2026-10-02,BANCO BISA,11.4,1,48600.0
2026-10-01,2026-10-02,2026-10-02,BANCO ECONOMICO,11.4,29,15060.0
2026-10-01,2026-10-02,2026-10-02,BANCO ECONOMICO,11.42,2,6496.0
2026-10-01,2026-10-02,2026-10-02,BANCO BISA,11.45,1,2604.0
2026-10-01,2026-10-02,2026-10-02,BANCO DE CREDITO,11.4583,1,0.0
2026-10-01,2026-10-02,2026-10-02,BANCO DE CREDITO,11.4943,1,1.0
2026-10-01,2026-10-02,2026-10-02,BANCO BISA,11.5,1,14258.0
2026-10-01,2026-10-02,2026-10-02,BANCO DE CREDITO,11.5,15,164156.0
2026-10-01,2026-10-02,2026-10-02,BANCO DE LA NACIÓN ARGENTINA,11.5,15,3714.0
2026-10-01,2026-10-02,2026-10-02,BANCO FIE,11.5,12,1122.0
2026-10-01,2026-10-02,2026-10-02,BANCO MERCANTIL SANTA CRUZ,11.5,2,5708.0
2026-10-01,2026-10-02,2026-10-02,BANCO UNION,11.5,3,62325.0
2026-10-01,2026-10-02,2026-10-02,BANCO DE CREDITO,11.5016,1,3.0
2026-10-01,2026-10-02,2026-10-02,BANCO DE CREDITO,11.5018,1,3.0
2026-10-01,2026-10-02,2026-10-02,BANCO DE CREDITO,11.5079,1,3.0
2026-10-01,2026-10-02,2026-10-02,BANCO DE CREDITO,11.5108,1,3.0
2026-10-01,2026-10-02,2026-10-02,BANCO DE CREDITO,11.5128,1,1.0
2026-10-01,2026-10-02,2026-10-02,BANCO DE CREDITO,11.5132,1,6.0
2026-10-01,2026-10-02,2026-10-02,BANCO DE CREDITO,11.5163,1,5.0
2026-10-01,2026-10-02,2026-10-02,BANCO DE CREDITO,11.5183,2,48.0
2026-10-01,2026-10-02,2026-10-02,BANCO DE CREDITO,11.5189,1,39.0
2026-10-01,2026-10-02,2026-10-02,BANCO DE CREDITO,11.5191,1,5.0
2026-10-01,2026-10-02,2026-10-02,BANCO DE CREDITO,11.5192,1,12.0
2026-10-01,2026-10-02,2026-10-02,BANCO DE CREDITO,11.5193,1,16.0
2026-10-01,2026-10-02,2026-10-02,BANCO DE CREDITO,11.5195,1,18.0
2026-10-01,2026-10-02,2026-10-02,BANCO DE CREDITO,11.5197,1,145.0
2026-10-01,2026-10-02,2026-10-02,BANCO DE CREDITO,11.5198,2,347.0
2026-10-01,2026-10-02,2026-10-02,BANCO DE CREDITO,11.5199,6,2517.0
2026-10-01,2026-10-02,2026-10-02,BANCO DE CREDITO,11.52,74,43579.0
2026-10-01,2026-10-02,2026-10-02,BANCO FIE,11.52,6,6985.0
2026-10-01,2026-10-02,2026-10-02,BANCO DE CREDITO,11.5201,2,694.0
2026-10-01,2026-10-02,2026-10-02,BANCO DE CREDITO,11.5203,2,181.0
2026-10-01,2026-10-02,2026-10-02,BANCO DE CREDITO,11.5205,2,47.0
2026-10-01,2026-10-02,2026-10-02,BANCO DE CREDITO,11.5207,15,356.0
2026-10-01,2026-10-02,2026-10-02,BANCO DE CREDITO,11.5209,1,39.0
2026-10-01,2026-10-02,2026-10-02,BANCO DE CREDITO,11.5213,1,25.0
2026-10-01,2026-10-02,2026-10-02,BANCO DE CREDITO,11.5217,1,5.0
2026-10-01,2026-10-02,2026-10-02,BANCO DE CREDITO,11.5237,1,8.0
2026-10-01,2026-10-02,2026-10-02,BANCO DE CREDITO,11.5269,1,7.0
2026-10-01,2026-10-02,2026-10-02,BANCO DE CREDITO,11.5274,1,3.0
2026-10-01,2026-10-02,2026-10-02,BANCO DE CREDITO,11.5385,3,7.0
2026-10-01,2026-10-02,2026-10-02,BANCO DE CREDITO,11.5463,1,2.0
2026-10-01,2026-10-02,2026-10-02,BANCO FORTALEZA,11.6,1,4000.0
2026-10-01,2026-10-02,2026-10-02,BANCO PYME DE LA COMUNIDAD,11.6,2,472.0
2026-10-01,2026-10-02,2026-10-02,BANCO DE CREDITO,11.65,1,45000.0
2026-10-01,2026-10-02,2026-10-02,BANCO BISA,11.7,1,3657.0
2026-10-01,2026-10-02,2026-10-02,BANCO DE CREDITO,11.7,4,75661.0
2026-10-01,2026-10-02,2026-10-02,BANCO FORTALEZA,11.7,3,480.0
2026-10-01,2026-10-02,2026-10-02,BANCO PRODEM,11.7,8,4197.0
2026-10-01,2026-10-02,2026-10-02,BANCO BISA,11.72,1,5155.0
2026-10-01,2026-10-02,2026-10-02,BANCO FORTALEZA,11.72,4,762.0
2026-10-01,2026-10-02,2026-10-02,BANCO PRODEM,11.72,2,244.0
2026-10-01,2026-10-02,2026-10-02,BANCO BISA,11.75,1,500044.0
2026-10-01,2026-10-02,2026-10-02,BANCO DE CREDITO,11.75,8,57615.0
2026-10-01,2026-10-02,2026-10-02,BANCO FIE,11.76,1,12966.0
2026-10-01,2026-10-02,2026-10-02,BANCO DE CREDITO,11.7647,3,1.0
2026-10-01,2026-10-02,2026-10-02,BANCO BISA,11.8,9,711050.0
2026-10-01,2026-10-02,2026-10-02,BANCO DE CREDITO,11.8,1,3500.0
2026-10-01,2026-10-02,2026-10-02,BANCO FORTALEZA,11.8,2,26000.0
2026-10-01,2026-10-02,2026-10-02,BANCO MERCANTIL SANTA CRUZ,11.8,1,33046.0
2026-10-01,2026-10-02,2026-10-02,BANCO SOLIDARIO,11.8,1,7975.0
2026-10-01,2026-10-02,2026-10-02,BANCO BISA,11.82,1,12945.0
2026-10-01,2026-10-02,2026-10-02,BANCO BISA,11.85,3,16457875.0
2026-10-01,2026-10-02,2026-10-02,BANCO DE CREDITO,11.85,1,119920.0
2026-10-01,2026-10-02,2026-10-02,BANCO MERCANTIL SANTA CRUZ,11.85,1,44575.0
2026-10-01,2026-10-02,2026-10-02,BANCO SOLIDARIO,11.85,3,26272.0
2026-10-01,2026-10-02,2026-10-02,BANCO BISA,11.88,1,50000.0
2026-10-01,2026-10-02,2026-10-02,BANCO GANADERO,11.88,1,197190.0
2026-10-01,2026-10-02,2026-10-02,BANCO BISA,11.89,1,499960.0
2026-10-01,2026-10-02,2026-10-02,BANCO NACIONAL DE BOLIVIA,11.89,1,499980.0
2026-10-01,2026-10-02,2026-10-02,BANCO BISA,11.9,4,82915.0
2026-10-01,2026-10-02,2026-10-02,BANCO DE LA NACIÓN ARGENTINA,11.9,1,10000.0
2026-10-01,2026-10-02,2026-10-02,BANCO FIE,11.9,2,50975.0
2026-10-01,2026-10-02,2026-10-02,BANCO GANADERO,11.9,4,2901622.0
2026-10-01,2026-10-02,2026-10-02,BANCO MERCANTIL SANTA CRUZ,11.9,2,42400.0
2026-10-01,2026-10-02,2026-10-02,BANCO NACIONAL DE BOLIVIA,11.9,4,157228.0
2026-10-01,2026-10-02,2026-10-02,BANCO SOLIDARIO,11.9,2,97803.0
2026-10-01,2026-10-02,2026-10-02,BANCO GANADERO,11.905,1,1545915.0
2026-10-01,2026-10-02,2026-10-02,BANCO DE CREDITO,11.92,378,11482.0
2026-10-01,2026-10-02,2026-10-02,BANCO NACIONAL DE BOLIVIA,11.92,1,200000.0
2026-10-01,2026-10-02,2026-10-02,BANCO MERCANTIL SANTA CRUZ,11.93,1,11165.0
2026-10-01,2026-10-02,2026-10-02,BANCO BISA,11.95,1,94.0
2026-10-01,2026-10-02,2026-10-02,BANCO DE CREDITO,11.95,2,140997.0
2026-10-01,2026-10-02,2026-10-02,BANCO DE LA NACIÓN ARGENTINA,11.95,1,100000.0
2026-10-01,2026-10-02,2026-10-02,BANCO FIE,11.95,1,255497.0
2026-10-01,2026-10-02,2026-10-02,BANCO GANADERO,11.95,19,420743.0
2026-10-01,2026-10-02,2026-10-02,BANCO MERCANTIL SANTA CRUZ,11.95,1,75802.0
2026-10-01,2026-10-02,2026-10-02,BANCO GANADERO,11.96,1,516366.0
2026-10-01,2026-10-02,2026-10-02,BANCO DE CREDITO,11.97,3,57586.0
2026-10-01,2026-10-02,2026-10-02,BANCO MERCANTIL SANTA CRUZ,11.97,1,199935.0
2026-10-01,2026-10-02,2026-10-02,BANCO NACIONAL DE BOLIVIA,11.97,1,428479.0
2026-10-01,2026-10-02,2026-10-02,BANCO DE CREDITO,11.98,7,738552.0
2026-10-01,2026-10-02,2026-10-02,BANCO GANADERO,11.98,27,88073.0
2026-10-01,2026-10-02,2026-10-02,BANCO MERCANTIL SANTA CRUZ,11.98,1,244667.0
2026-10-01,2026-10-02,2026-10-02,BANCO NACIONAL DE BOLIVIA,11.98,1,399975.0
2026-10-01,2026-10-02,2026-10-02,BANCO DE CREDITO,11.99,1,25935.0
2026-10-01,2026-10-02,2026-10-02,BANCO NACIONAL DE BOLIVIA,11.99,29,1486.0
2026-10-01,2026-10-02,2026-10-02,BANCO MERCANTIL SANTA CRUZ,11.995,1,230491.0
2026-10-01,2026-10-02,2026-10-02,BANCO BISA,12.0,3,99.0
2026-10-01,2026-10-02,2026-10-02,BANCO DE CREDITO,12.0,522,238064.0
2026-10-01,2026-10-02,2026-10-02,BANCO ECONOMICO,12.0,3,599975.0
2026-10-01,2026-10-02,2026-10-02,BANCO GANADERO,12.0,217,1505197.0
2026-10-01,2026-10-02,2026-10-02,BANCO MERCANTIL SANTA CRUZ,12.0,2,301932.0
2026-10-01,2026-10-02,2026-10-02,BANCO NACIONAL DE BOLIVIA,12.0,2,1.0
2026-10-01,2026-10-02,2026-10-02,BANCO SOLIDARIO,12.0,3,409327.0
2026-10-01,2026-10-02,2026-10-02,BANCO MERCANTIL SANTA CRUZ,12.005,2,969865.0
2026-10-01,2026-10-02,2026-10-02,BANCO MERCANTIL SANTA CRUZ,12.01,1,1481750.0
2026-10-01,2026-10-02,2026-10-02,BANCO DE CREDITO,12.02,1,500000.0
2026-10-01,2026-10-02,2026-10-02,BANCO ECONOMICO,12.02,2,2681474.0
2026-10-01,2026-10-02,2026-10-02,BANCO GANADERO,12.02,68,607796.0
2026-10-01,2026-10-02,2026-10-02,BANCO MERCANTIL SANTA CRUZ,12.02,6,1156573.0
2026-10-01,2026-10-02,2026-10-02,BANCO BISA,12.05,316,116807.0
2026-10-01,2026-10-02,2026-10-02,BANCO ECONOMICO,12.05,2,804950.0
2026-10-01,2026-10-02,2026-10-02,BANCO GANADERO,12.05,11,404229.0
2026-10-01,2026-10-02,2026-10-02,BANCO ECONOMICO,12.06,1,733068.0
2026-10-01,2026-10-02,2026-10-02,BANCO MERCANTIL SANTA CRUZ,12.08,1,4999925.0
2026-10-01,2026-10-02,2026-10-02,BANCO GANADERO,12.1,4,1202.0
2026-10-01,2026-10-02,2026-10-02,BANCO BISA,12.15,6,346.0
2026-10-01,2026-10-02,2026-10-02,BANCO NACIONAL DE BOLIVIA,12.2,6,20289.0
2026-10-01,2026-10-02,2026-10-02,BANCO GANADERO,12.22,2,849.0
2026-10-01,2026-10-02,2026-10-02,BANCO BISA,12.3,2,131.0
2026-10-01,2026-10-02,2026-10-02,BANCO GANADERO,12.3,12,12.0
2026-10-01,2026-10-02,2026-10-02,BANCO BISA,12.35,1,81.0
2026-10-01,2026-10-02,2026-10-02,BANCO GANADERO,12.42,1,483.0
2026-10-01,2026-10-02,2026-10-02,BANCO DE CREDITO,12.57,1,1535.0
2026-10-01,2026-10-02,2026-10-02,BANCO DE CREDITO,12.66,1,2272.0
2026-10-01,2026-10-02,2026-10-02,BANCO GANADERO,13.2,1,26756.0
2026-10-02,2026-10-03,2026-10-05,BANCO GANADERO,10.0,43,36424.0
2026-10-02,2026-10-03,2026-10-05,BANCO NACIONAL DE BOLIVIA,10.0,3,6078.0
2026-10-02,2026-10-03,2026-10-05,BANCO BISA,10.1,2,160.0
2026-10-02,2026-10-03,2026-10-05,BANCO GANADERO,10.5,1,19901.0
2026-10-02,2026-10-03,2026-10-05,BANCO MERCANTIL SANTA CRUZ,10.65,158,113391.0
2026-10-02,2026-10-03,2026-10-05,BANCO SOLIDARIO,10.71,29,33211.0
2026-10-02,2026-10-03,2026-10-05,BANCO MERCANTIL SANTA CRUZ,10.75,85,5806.0
2026-10-02,2026-10-03,2026-10-05,BANCO SOLIDARIO,10.8,11,70.0
2026-10-02,2026-10-03,2026-10-05,BANCO SOLIDARIO,10.81,1,4.0
2026-10-02,2026-10-03,2026-10-05,BANCO NACIONAL DE BOLIVIA,10.9,27,2506.0
2026-10-02,2026-10-03,2026-10-05,BANCO PYME ECOFUTURO,10.9,2,2.0
2026-10-02,2026-10-03,2026-10-05,BANCO UNION,10.9,49,17508.0
2026-10-02,2026-10-03,2026-10-05,BANCO FIE,11.0,1,20.0
2026-10-02,2026-10-03,2026-10-05,BANCO GANADERO,11.0,1,15532.0
2026-10-02,2026-10-03,2026-10-05,BANCO NACIONAL DE BOLIVIA,11.0,86,104701.0
2026-10-02,2026-10-03,2026-10-05,BANCO SOLIDARIO,11.0,2,15055.0
2026-10-02,2026-10-03,2026-10-05,BANCO BISA,11.2,33,45090.0
2026-10-02,2026-10-03,2026-10-05,BANCO GANADERO,11.25,2,1751.0
2026-10-02,2026-10-03,2026-10-05,BANCO BISA,11.3,2,5088.0
2026-10-02,2026-10-03,2026-10-05,BANCO ECONOMICO,11.3,30,15384.0
2026-10-02,2026-10-03,2026-10-05,BANCO BISA,11.4,1,6915.0
2026-10-02,2026-10-03,2026-10-05,BANCO DE LA NACIÓN ARGENTINA,11.4,18,9519.0
2026-10-02,2026-10-03,2026-10-05,BANCO FIE,11.4,10,14423.0
2026-10-02,2026-10-03,2026-10-05,BANCO NACIONAL DE BOLIVIA,11.4,186,210512.0
2026-10-02,2026-10-03,2026-10-05,BANCO DE CREDITO,11.4583,1,0.0
2026-10-02,2026-10-03,2026-10-05,BANCO DE CREDITO,11.4943,1,1.0
2026-10-02,2026-10-03,2026-10-05,BANCO BISA,11.5,3,10215.0
2026-10-02,2026-10-03,2026-10-05,BANCO DE CREDITO,11.5,15,164156.0
2026-10-02,2026-10-03,2026-10-05,BANCO FIE,11.5,3,81.0
2026-10-02,2026-10-03,2026-10-05,BANCO FORTALEZA,11.5,3,4331.0
2026-10-02,2026-10-03,2026-10-05,BANCO PYME DE LA COMUNIDAD,11.5,1,97.0
2026-10-02,2026-10-03,2026-10-05,BANCO SOLIDARIO,11.5,1,144575.0
2026-10-02,2026-10-03,2026-10-05,BANCO UNION,11.5,2,41629.0
2026-10-02,2026-10-03,2026-10-05,BANCO DE CREDITO,11.5016,1,3.0
2026-10-02,2026-10-03,2026-10-05,BANCO DE CREDITO,11.5018,1,3.0
2026-10-02,2026-10-03,2026-10-05,BANCO DE CREDITO,11.5079,1,3.0
2026-10-02,2026-10-03,2026-10-05,BANCO DE CREDITO,11.5108,1,3.0
2026-10-02,2026-10-03,2026-10-05,BANCO DE CREDITO,11.5128,1,1.0
2026-10-02,2026-10-03,2026-10-05,BANCO DE CREDITO,11.5132,1,6.0
2026-10-02,2026-10-03,2026-10-05,BANCO DE CREDITO,11.5163,1,5.0
2026-10-02,2026-10-03,2026-10-05,BANCO DE CREDITO,11.5183,2,48.0
2026-10-02,2026-10-03,2026-10-05,BANCO DE CREDITO,11.5189,1,39.0
2026-10-02,2026-10-03,2026-10-05,BANCO DE CREDITO,11.5191,1,5.0
2026-10-02,2026-10-03,2026-10-05,BANCO DE CREDITO,11.5192,1,12.0
2026-10-02,2026-10-03,2026-10-05,BANCO DE CREDITO,11.5193,1,16.0
2026-10-02,2026-10-03,2026-10-05,BANCO DE CREDITO,11.5195,1,18.0
2026-10-02,2026-10-03,2026-10-05,BANCO DE CREDITO,11.5197,1,145.0
2026-10-02,2026-10-03,2026-10-05,BANCO DE CREDITO,11.5198,2,347.0
2026-10-02,2026-10-03,2026-10-05,BANCO DE CREDITO,11.5199,6,2517.0
2026-10-02,2026-10-03,2026-10-05,BANCO DE CREDITO,11.52,74,43579.0
2026-10-02,2026-10-03,2026-10-05,BANCO DE CREDITO,11.5201,2,694.0
2026-10-02,2026-10-03,2026-10-05,BANCO DE CREDITO,11.5203,2,181.0
2026-10-02,2026-10-03,2026-10-05,BANCO DE CREDITO,11.5205,2,47.0
2026-10-02,2026-10-03,2026-10-05,BANCO DE CREDITO,11.5207,15,356.0
2026-10-02,2026-10-03,2026-10-05,BANCO DE CREDITO,11.5209,1,39.0
2026-10-02,2026-10-03,2026-10-05,BANCO DE CREDITO,11.5213,1,25.0
2026-10-02,2026-10-03,2026-10-05,BANCO DE CREDITO,11.5217,1,5.0
2026-10-02,2026-10-03,2026-10-05,BANCO DE CREDITO,11.5237,1,8.0
2026-10-02,2026-10-03,2026-10-05,BANCO DE CREDITO,11.5269,1,7.0
2026-10-02,2026-10-03,2026-10-05,BANCO DE CREDITO,11.5274,1,3.0
2026-10-02,2026-10-03,2026-10-05,BANCO GANADERO,11.53,2,283.0
2026-10-02,2026-10-03,2026-10-05,BANCO DE CREDITO,11.5385,3,7.0
2026-10-02,2026-10-03,2026-10-05,BANCO DE CREDITO,11.5463,1,2.0
2026-10-02,2026-10-03,2026-10-05,BANCO BISA,11.6,3,25776.0
2026-10-02,2026-10-03,2026-10-05,BANCO NACIONAL DE BOLIVIA,11.6,3,210100.0
2026-10-02,2026-10-03,2026-10-05,BANCO PRODEM,11.6,15,6171.0
2026-10-02,2026-10-03,2026-10-05,BANCO BISA,11.65,1,27000.0
2026-10-02,2026-10-03,2026-10-05,BANCO DE CREDITO,11.65,1,45000.0
2026-10-02,2026-10-03,2026-10-05,BANCO DE CREDITO,11.7,4,75661.0
2026-10-02,2026-10-03,2026-10-05,BANCO GANADERO,11.7,2,773364.0
2026-10-02,2026-10-03,2026-10-05,BANCO SOLIDARIO,11.7,1,108655.0
2026-10-02,2026-10-03,2026-10-05,BANCO DE CREDITO,11.75,8,57615.0
2026-10-02,2026-10-03,2026-10-05,BANCO FORTALEZA,11.75,1,44080.0
2026-10-02,2026-10-03,2026-10-05,BANCO DE CREDITO,11.7647,3,1.0
2026-10-02,2026-10-03,2026-10-05,BANCO BISA,11.8,3,221695.0
2026-10-02,2026-10-03,2026-10-05,BANCO DE CREDITO,11.8,1,3500.0
2026-10-02,2026-10-03,2026-10-05,BANCO FIE,11.8,1,70000.0
2026-10-02,2026-10-03,2026-10-05,BANCO FORTALEZA,11.8,3,826.0
2026-10-02,2026-10-03,2026-10-05,BANCO MERCANTIL SANTA CRUZ,11.8,4,344650.0
2026-10-02,2026-10-03,2026-10-05,BANCO NACIONAL DE BOLIVIA,11.8,3,137828.0
2026-10-02,2026-10-03,2026-10-05,BANCO SOLIDARIO,11.8,1,749905.0
2026-10-02,2026-10-03,2026-10-05,BANCO BISA,11.83,1,172975.0
2026-10-02,2026-10-03,2026-10-05,BANCO BISA,11.85,2,80240.0
2026-10-02,2026-10-03,2026-10-05,BANCO DE CREDITO,11.85,1,119920.0
2026-10-02,2026-10-03,2026-10-05,BANCO GANADERO,11.85,2,202125.0
2026-10-02,2026-10-03,2026-10-05,BANCO MERCANTIL SANTA CRUZ,11.85,1,500.0
2026-10-02,2026-10-03,2026-10-05,BANCO NACIONAL DE BOLIVIA,11.85,1,29975.0
2026-10-02,2026-10-03,2026-10-05,BANCO UNION,11.85,1,114498.0
2026-10-02,2026-10-03,2026-10-05,BANCO BISA,11.87,1,80000.0
2026-10-02,2026-10-03,2026-10-05,BANCO GANADERO,11.88,21,83088.0
2026-10-02,2026-10-03,2026-10-05,BANCO NACIONAL DE BOLIVIA,11.89,20,1703.0
2026-10-02,2026-10-03,2026-10-05,BANCO BISA,11.9,3,1058569.0
2026-10-02,2026-10-03,2026-10-05,BANCO DE LA NACIÓN ARGENTINA,11.9,2,31089.0
2026-10-02,2026-10-03,2026-10-05,BANCO GANADERO,11.9,120,1207108.0
2026-10-02,2026-10-03,2026-10-05,BANCO MERCANTIL SANTA CRUZ,11.9,6,174508.0
2026-10-02,2026-10-03,2026-10-05,BANCO NACIONAL DE BOLIVIA,11.9,2,130197.0
2026-10-02,2026-10-03,2026-10-05,BANCO GANADERO,11.92,1,46466.0
2026-10-02,2026-10-03,2026-10-05,BANCO MERCANTIL SANTA CRUZ,11.92,1,500000.0
2026-10-02,2026-10-03,2026-10-05,BANCO UNION,11.92,1,100000.0
2026-10-02,2026-10-03,2026-10-05,BANCO MERCANTIL SANTA CRUZ,11.93,1,169932.0
2026-10-02,2026-10-03,2026-10-05,BANCO MERCANTIL SANTA CRUZ,11.945,1,340000.0
2026-10-02,2026-10-03,2026-10-05,BANCO DE CREDITO,11.95,560,181087.0
2026-10-02,2026-10-03,2026-10-05,BANCO ECONOMICO,11.95,1,30000.0
2026-10-02,2026-10-03,2026-10-05,BANCO GANADERO,11.95,5,1714942.0
2026-10-02,2026-10-03,2026-10-05,BANCO SOLIDARIO,11.95,4,106644.0
2026-10-02,2026-10-03,2026-10-05,BANCO DE CREDITO,11.97,3,57586.0
2026-10-02,2026-10-03,2026-10-05,BANCO MERCANTIL SANTA CRUZ,11.97,1,349935.0
2026-10-02,2026-10-03,2026-10-05,BANCO NACIONAL DE BOLIVIA,11.97,1,309691.0
2026-10-02,2026-10-03,2026-10-05,BANCO DE CREDITO,11.98,7,738552.0
2026-10-02,2026-10-03,2026-10-05,BANCO GANADERO,11.98,1,25752.0
2026-10-02,2026-10-03,2026-10-05,BANCO DE CREDITO,11.99,1,25935.0
2026-10-02,2026-10-03,2026-10-05,BANCO NACIONAL DE BOLIVIA,11.99,7,129.0
2026-10-02,2026-10-03,2026-10-05,BANCO MERCANTIL SANTA CRUZ,11.995,1,350000.0
2026-10-02,2026-10-03,2026-10-05,BANCO NACIONAL DE BOLIVIA,11.998,1,10434.0
2026-10-02,2026-10-03,2026-10-05,BANCO BISA,12.0,2,58.0
2026-10-02,2026-10-03,2026-10-05,BANCO DE CREDITO,12.0,340,213133.0
2026-10-02,2026-10-03,2026-10-05,BANCO ECONOMICO,12.0,4,3879094.0
2026-10-02,2026-10-03,2026-10-05,BANCO GANADERO,12.0,23,559724.0
2026-10-02,2026-10-03,2026-10-05,BANCO MERCANTIL SANTA CRUZ,12.0,3,2500198.0
2026-10-02,2026-10-03,2026-10-05,BANCO NACIONAL DE BOLIVIA,12.0,42,88.0
2026-10-02,2026-10-03,2026-10-05,BANCO SOLIDARIO,12.0,1,249975.0
2026-10-02,2026-10-03,2026-10-05,BANCO UNION,12.0,1,1000000.0
2026-10-02,2026-10-03,2026-10-05,BANCO MERCANTIL SANTA CRUZ,12.005,1,129897.0
2026-10-02,2026-10-03,2026-10-05,BANCO MERCANTIL SANTA CRUZ,12.01,2,994029.0
2026-10-02,2026-10-03,2026-10-05,BANCO DE CREDITO,12.02,1,500000.0
2026-10-02,2026-10-03,2026-10-05,BANCO ECONOMICO,12.02,1,1661003.0
2026-10-02,2026-10-03,2026-10-05,BANCO GANADERO,12.02,20,14810.0
2026-10-02,2026-10-03,2026-10-05,BANCO SOLIDARIO,12.03,1,908195.0
2026-10-02,2026-10-03,2026-10-05,BANCO FORTALEZA,12.04,1,500000.0
2026-10-02,2026-10-03,2026-10-05,BANCO BISA,12.05,400,172058.0
2026-10-02,2026-10-03,2026-10-05,BANCO GANADERO,12.05,8,2436.0
2026-10-02,2026-10-03,2026-10-05,BANCO SOLIDARIO,12.057,1,2488156.0
2026-10-02,2026-10-03,2026-10-05,BANCO PYME ECOFUTURO,12.058,1,500000.0
2026-10-02,2026-10-03,2026-10-05,BANCO FORTALEZA,12.1,1,341283.0
2026-10-02,2026-10-03,2026-10-05,BANCO GANADERO,12.1,1,93.0
2026-10-02,2026-10-03,2026-10-05,BANCO NACIONAL DE BOLIVIA,12.1,2,6705.0
2026-10-02,2026-10-03,2026-10-05,BANCO FIE,12.12,5,1043178.0
2026-10-02,2026-10-03,2026-10-05,BANCO BISA,12.15,2,311.0
2026-10-02,2026-10-03,2026-10-05,BANCO GANADERO,12.1667,1,0.0
2026-10-02,2026-10-03,2026-10-05,BANCO GANADERO,12.2,3,16.0
2026-10-02,2026-10-03,2026-10-05,BANCO GANADERO,12.2002,1,235.0
2026-10-02,2026-10-03,2026-10-05,BANCO GANADERO,12.22,2,2125.0
2026-10-02,2026-10-03,2026-10-05,BANCO GANADERO,12.26,1,221.0
2026-10-02,2026-10-03,2026-10-05,BANCO DE CREDITO,12.57,1,1535.0
2026-10-02,2026-10-03,2026-10-05,BANCO DE CREDITO,12.66,1,2272.0
2026-10-05,2026-10-06,2026-10-06,BANCO GANADERO,8.1,1,5524.0
2026-10-05,2026-10-06,2026-10-06,BANCO GANADERO,8.2,1,2234.0
2026-10-05,2026-10-06,2026-10-06,BANCO DE CREDITO,10.0,2,0.0
2026-10-05,2026-10-06,2026-10-06,BANCO GANADERO,10.0,45,14213.0
2026-10-05,2026-10-06,2026-10-06,BANCO GANADERO,10.0518,1,5.0
2026-10-05,2026-10-06,2026-10-06,BANCO BISA,10.1,1,61.0
2026-10-05,2026-10-06,2026-10-06,BANCO DE CREDITO,10.6,1,0.0
2026-10-05,2026-10-06,2026-10-06,BANCO SOLIDARIO,10.71,2,204.0
2026-10-05,2026-10-06,2026-10-06,BANCO SOLIDARIO,10.8,30,7608.0
2026-10-05,2026-10-06,2026-10-06,BANCO MERCANTIL SANTA CRUZ,10.9,175,218708.0
2026-10-05,2026-10-06,2026-10-06,BANCO DE CREDITO,11.0,2,0.0
2026-10-05,2026-10-06,2026-10-06,BANCO MERCANTIL SANTA CRUZ,11.0,1,1363.0
2026-10-05,2026-10-06,2026-10-06,BANCO UNION,11.0,71,80004.0
2026-10-05,2026-10-06,2026-10-06,BANCO FIE,11.1,14,33012.0
2026-10-05,2026-10-06,2026-10-06,BANCO BISA,11.2,2,1294.0
2026-10-05,2026-10-06,2026-10-06,BANCO BISA,11.3,95,117997.0
2026-10-05,2026-10-06,2026-10-06,BANCO ECONOMICO,11.3,40,12515.0
2026-10-05,2026-10-06,2026-10-06,BANCO SOLIDARIO,11.3,1,14480.0
2026-10-05,2026-10-06,2026-10-06,BANCO DE CREDITO,11.3636,2,2.0
2026-10-05,2026-10-06,2026-10-06,BANCO DE CREDITO,11.3895,3,13.0
2026-10-05,2026-10-06,2026-10-06,BANCO DE CREDITO,11.3971,1,1.0
2026-10-05,2026-10-06,2026-10-06,BANCO DE CREDITO,11.3978,1,1.0
2026-10-05,2026-10-06,2026-10-06,BANCO DE CREDITO,11.3982,2,53.0
2026-10-05,2026-10-06,2026-10-06,BANCO DE CREDITO,11.3987,1,42.0
2026-10-05,2026-10-06,2026-10-06,BANCO DE CREDITO,11.3992,1,5.0
2026-10-05,2026-10-06,2026-10-06,BANCO DE CREDITO,11.3996,1,5.0
2026-10-05,2026-10-06,2026-10-06,BANCO DE CREDITO,11.3998,1,254.0
2026-10-05,2026-10-06,2026-10-06,BANCO DE CREDITO,11.3999,6,1918.0
2026-10-05,2026-10-06,2026-10-06,BANCO BISA,11.4,1,4736.0
2026-10-05,2026-10-06,2026-10-06,BANCO DE CREDITO,11.4,85,65903.0
2026-10-05,2026-10-06,2026-10-06,BANCO NACIONAL DE BOLIVIA,11.4,85,34044.0
2026-10-05,2026-10-06,2026-10-06,BANCO DE CREDITO,11.4002,3,71.0
2026-10-05,2026-10-06,2026-10-06,BANCO DE CREDITO,11.4003,1,123.0
2026-10-05,2026-10-06,2026-10-06,BANCO DE CREDITO,11.4007,3,92.0
2026-10-05,2026-10-06,2026-10-06,BANCO DE CREDITO,11.4013,1,37.0
2026-10-05,2026-10-06,2026-10-06,BANCO DE CREDITO,11.4025,1,9.0
2026-10-05,2026-10-06,2026-10-06,BANCO DE CREDITO,11.4035,1,2.0
2026-10-05,2026-10-06,2026-10-06,BANCO DE CREDITO,11.4043,1,12.0
2026-10-05,2026-10-06,2026-10-06,BANCO DE CREDITO,11.4068,1,3.0
2026-10-05,2026-10-06,2026-10-06,BANCO DE CREDITO,11.4074,1,0.0
2026-10-05,2026-10-06,2026-10-06,BANCO DE CREDITO,11.4167,1,0.0
2026-10-05,2026-10-06,2026-10-06,BANCO DE CREDITO,11.4286,1,0.0
2026-10-05,2026-10-06,2026-10-06,BANCO DE CREDITO,11.4583,1,1.0
2026-10-05,2026-10-06,2026-10-06,BANCO BISA,11.5,6,5451.0
2026-10-05,2026-10-06,2026-10-06,BANCO DE CREDITO,11.5,18,79120.0
2026-10-05,2026-10-06,2026-10-06,BANCO DE LA NACIÓN ARGENTINA,11.5,28,4940.0
2026-10-05,2026-10-06,2026-10-06,BANCO FIE,11.5,2,2.0
2026-10-05,2026-10-06,2026-10-06,BANCO NACIONAL DE BOLIVIA,11.5,200,148706.0
2026-10-05,2026-10-06,2026-10-06,BANCO UNION,11.5,4,106185.0
2026-10-05,2026-10-06,2026-10-06,BANCO NACIONAL DE BOLIVIA,11.556,1,0.0
2026-10-05,2026-10-06,2026-10-06,BANCO MERCANTIL SANTA CRUZ,11.6,1,35000.0
2026-10-05,2026-10-06,2026-10-06,BANCO PYME DE LA COMUNIDAD,11.6,1,1.0
2026-10-05,2026-10-06,2026-10-06,BANCO DE CREDITO,11.65,1,29965.0
2026-10-05,2026-10-06,2026-10-06,BANCO BISA,11.7,1,4513.0
2026-10-05,2026-10-06,2026-10-06,BANCO FORTALEZA,11.7,11,6686.0
2026-10-05,2026-10-06,2026-10-06,BANCO PRODEM,11.7,11,2738.0
2026-10-05,2026-10-06,2026-10-06,BANCO DE CREDITO,11.75,1,68085.0
2026-10-05,2026-10-06,2026-10-06,BANCO BISA,11.78,1,150000.0
2026-10-05,2026-10-06,2026-10-06,BANCO SOLIDARIO,11.78,1,1975.0
2026-10-05,2026-10-06,2026-10-06,BANCO BISA,11.8,2,31615.0
2026-10-05,2026-10-06,2026-10-06,BANCO DE CREDITO,11.8,4,182681.0
2026-10-05,2026-10-06,2026-10-06,BANCO GANADERO,11.8,2,408268.0
2026-10-05,2026-10-06,2026-10-06,BANCO NACIONAL DE BOLIVIA,11.8,2,44652.0
2026-10-05,2026-10-06,2026-10-06,BANCO SOLIDARIO,11.8,1,14878.0
2026-10-05,2026-10-06,2026-10-06,BANCO SOLIDARIO,11.82,2,117690.0
2026-10-05,2026-10-06,2026-10-06,BANCO GANADERO,11.85,1,4319.0
2026-10-05,2026-10-06,2026-10-06,BANCO MERCANTIL SANTA CRUZ,11.85,2,499864.0
2026-10-05,2026-10-06,2026-10-06,BANCO SOLIDARIO,11.85,5,130565.0
2026-10-05,2026-10-06,2026-10-06,BANCO BISA,11.86,1,300000.0
2026-10-05,2026-10-06,2026-10-06,BANCO GANADERO,11.88,1,36564.0
2026-10-05,2026-10-06,2026-10-06,BANCO GANADERO,11.89,2,227.0
2026-10-05,2026-10-06,2026-10-06,BANCO NACIONAL DE BOLIVIA,11.89,8,418.0
2026-10-05,2026-10-06,2026-10-06,BANCO NACIONAL DE BOLIVIA,11.898,1,4000.0
2026-10-05,2026-10-06,2026-10-06,BANCO BISA,11.9,89,44119.0
2026-10-05,2026-10-06,2026-10-06,BANCO DE CREDITO,11.9,2,473824.0
2026-10-05,2026-10-06,2026-10-06,BANCO ECONOMICO,11.9,1,200000.0
2026-10-05,2026-10-06,2026-10-06,BANCO FIE,11.9,2,221605.0
2026-10-05,2026-10-06,2026-10-06,BANCO FORTALEZA,11.9,3,7799.0
2026-10-05,2026-10-06,2026-10-06,BANCO GANADERO,11.9,23,505432.0
2026-10-05,2026-10-06,2026-10-06,BANCO MERCANTIL SANTA CRUZ,11.9,1,45896.0
2026-10-05,2026-10-06,2026-10-06,BANCO NACIONAL DE BOLIVIA,11.9,11,260649.0
2026-10-05,2026-10-06,2026-10-06,BANCO DE CREDITO,11.91,1,299940.0
2026-10-05,2026-10-06,2026-10-06,BANCO BISA,11.92,3,181396.0
2026-10-05,2026-10-06,2026-10-06,BANCO FIE,11.92,1,499905.0
2026-10-05,2026-10-06,2026-10-06,BANCO BISA,11.93,1,1593284.0
2026-10-05,2026-10-06,2026-10-06,BANCO MERCANTIL SANTA CRUZ,11.93,1,46960.0
2026-10-05,2026-10-06,2026-10-06,BANCO BISA,11.95,3,94067.0
2026-10-05,2026-10-06,2026-10-06,BANCO DE CREDITO,11.95,330,1283457.0
2026-10-05,2026-10-06,2026-10-06,BANCO DE LA NACIÓN ARGENTINA,11.95,1,20000.0
2026-10-05,2026-10-06,2026-10-06,BANCO GANADERO,11.95,2,2315262.0
2026-10-05,2026-10-06,2026-10-06,BANCO NACIONAL DE BOLIVIA,11.95,2,256895.0
2026-10-05,2026-10-06,2026-10-06,BANCO SOLIDARIO,11.95,3,2801873.0
2026-10-05,2026-10-06,2026-10-06,BANCO DE CREDITO,11.96,1,313320.0
2026-10-05,2026-10-06,2026-10-06,BANCO NACIONAL DE BOLIVIA,11.96,1,499975.0
2026-10-05,2026-10-06,2026-10-06,BANCO DE CREDITO,11.97,1,186940.0
2026-10-05,2026-10-06,2026-10-06,BANCO FIE,11.97,1,500000.0
2026-10-05,2026-10-06,2026-10-06,BANCO DE CREDITO,11.974,1,199940.0
2026-10-05,2026-10-06,2026-10-06,BANCO GANADERO,11.98,21,149852.0
2026-10-05,2026-10-06,2026-10-06,BANCO MERCANTIL SANTA CRUZ,11.98,1,441620.0
2026-10-05,2026-10-06,2026-10-06,BANCO NACIONAL DE BOLIVIA,11.98,1,1164525.0
2026-10-05,2026-10-06,2026-10-06,BANCO GANADERO,11.99,2,11470.0
2026-10-05,2026-10-06,2026-10-06,BANCO MERCANTIL SANTA CRUZ,11.99,1,309932.0
2026-10-05,2026-10-06,2026-10-06,BANCO NACIONAL DE BOLIVIA,11.99,25,1292.0
2026-10-05,2026-10-06,2026-10-06,BANCO BISA,12.0,8,1300289.0
2026-10-05,2026-10-06,2026-10-06,BANCO DE CREDITO,12.0,507,37546.0
2026-10-05,2026-10-06,2026-10-06,BANCO DE LA NACIÓN ARGENTINA,12.0,1,500.0
2026-10-05,2026-10-06,2026-10-06,BANCO ECONOMICO,12.0,1,72483.0
2026-10-05,2026-10-06,2026-10-06,BANCO GANADERO,12.0,485,1830947.0
2026-10-05,2026-10-06,2026-10-06,BANCO MERCANTIL SANTA CRUZ,12.0,3,31152.0
2026-10-05,2026-10-06,2026-10-06,BANCO SOLIDARIO,12.0,1,84000.0
2026-10-05,2026-10-06,2026-10-06,BANCO MERCANTIL SANTA CRUZ,12.01,1,500000.0
2026-10-05,2026-10-06,2026-10-06,BANCO GANADERO,12.02,8,1655.0
2026-10-05,2026-10-06,2026-10-06,BANCO BISA,12.031,3,5120000.0
2026-10-05,2026-10-06,2026-10-06,BANCO GANADERO,12.035,1,999975.0
2026-10-05,2026-10-06,2026-10-06,BANCO BISA,12.05,3,3339.0
2026-10-05,2026-10-06,2026-10-06,BANCO FORTALEZA,12.05,1,300000.0
2026-10-05,2026-10-06,2026-10-06,BANCO MERCANTIL SANTA CRUZ,12.05,1,2003027.0
2026-10-05,2026-10-06,2026-10-06,BANCO MERCANTIL SANTA CRUZ,12.06,1,1199920.0
2026-10-05,2026-10-06,2026-10-06,BANCO GANADERO,12.1,3,455.0
2026-10-05,2026-10-06,2026-10-06,BANCO BISA,12.15,1,267.0
2026-10-05,2026-10-06,2026-10-06,BANCO NACIONAL DE BOLIVIA,12.15,5,9509.0
2026-10-05,2026-10-06,2026-10-06,BANCO DE CREDITO,12.2,1,239.0
2026-10-05,2026-10-06,2026-10-06,BANCO DE CREDITO,12.22,3,7239.0
2026-10-05,2026-10-06,2026-10-06,BANCO GANADERO,12.3,5,4.0
2026-10-05,2026-10-06,2026-10-06,BANCO DE CREDITO,12.32,2,54836.0
2026-10-05,2026-10-06,2026-10-06,BANCO GANADERO,12.58,3,2997.0
2026-10-06,2026-10-07,2026-10-07,BANCO GANADERO,8.1,1,4460.0
2026-10-06,2026-10-07,2026-10-07,BANCO GANADERO,10.0,48,13951.0
2026-10-06,2026-10-07,2026-10-07,BANCO SOLIDARIO,10.77,33,10421.0
2026-10-06,2026-10-07,2026-10-07,BANCO SOLIDARIO,10.8,1,1.0
2026-10-06,2026-10-07,2026-10-07,BANCO MERCANTIL SANTA CRUZ,10.87,305,597120.0
2026-10-06,2026-10-07,2026-10-07,BANCO MERCANTIL SANTA CRUZ,10.9,92,21009.0
2026-10-06,2026-10-07,2026-10-07,BANCO PYME ECOFUTURO,10.97,1,0.0
2026-10-06,2026-10-07,2026-10-07,BANCO UNION,10.97,53,37522.0
2026-10-06,2026-10-07,2026-10-07,BANCO FIE,11.07,13,15971.0
2026-10-06,2026-10-07,2026-10-07,BANCO FIE,11.1,3,12.0
2026-10-06,2026-10-07,2026-10-07,BANCO GANADERO,11.25,1,89.0
2026-10-06,2026-10-07,2026-10-07,BANCO BISA,11.27,44,49910.0
2026-10-06,2026-10-07,2026-10-07,BANCO ECONOMICO,11.27,35,16504.0
2026-10-06,2026-10-07,2026-10-07,BANCO BISA,11.3,3,12242.0
2026-10-06,2026-10-07,2026-10-07,BANCO ECONOMICO,11.3,10,25067.0
2026-10-06,2026-10-07,2026-10-07,BANCO SOLIDARIO,11.3,1,95.0
2026-10-06,2026-10-07,2026-10-07,BANCO UNION,11.3,1,9011.0
2026-10-06,2026-10-07,2026-10-07,BANCO DE CREDITO,11.47,86,233172.0
2026-10-06,2026-10-07,2026-10-07,BANCO DE LA NACIÓN ARGENTINA,11.47,21,5660.0
2026-10-06,2026-10-07,2026-10-07,BANCO MERCANTIL SANTA CRUZ,11.47,1,14455.0
2026-10-06,2026-10-07,2026-10-07,BANCO NACIONAL DE BOLIVIA,11.47,182,424830.0
2026-10-06,2026-10-07,2026-10-07,BANCO DE CREDITO,11.4789,1,1.0
2026-10-06,2026-10-07,2026-10-07,BANCO NACIONAL DE BOLIVIA,11.48,1,1.0
2026-10-06,2026-10-07,2026-10-07,BANCO DE CREDITO,11.4865,1,1.0
2026-10-06,2026-10-07,2026-10-07,BANCO DE CREDITO,11.4943,1,2.0
2026-10-06,2026-10-07,2026-10-07,BANCO DE CREDITO,11.4944,1,10.0
2026-10-06,2026-10-07,2026-10-07,BANCO DE CREDITO,11.4973,1,7.0
2026-10-06,2026-10-07,2026-10-07,BANCO DE CREDITO,11.4987,1,26.0
2026-10-06,2026-10-07,2026-10-07,BANCO DE CREDITO,11.4991,1,48.0
2026-10-06,2026-10-07,2026-10-07,BANCO DE CREDITO,11.4992,1,70.0
2026-10-06,2026-10-07,2026-10-07,BANCO DE CREDITO,11.4995,3,217.0
2026-10-06,2026-10-07,2026-10-07,BANCO DE CREDITO,11.4996,1,139.0
2026-10-06,2026-10-07,2026-10-07,BANCO DE CREDITO,11.4999,5,2034.0
2026-10-06,2026-10-07,2026-10-07,BANCO DE CREDITO,11.5,100,104501.0
2026-10-06,2026-10-07,2026-10-07,BANCO DE LA NACIÓN ARGENTINA,11.5,1,0.0
2026-10-06,2026-10-07,2026-10-07,BANCO GANADERO,11.5,1,50870.0
2026-10-06,2026-10-07,2026-10-07,BANCO NACIONAL DE BOLIVIA,11.5,79,61120.0
2026-10-06,2026-10-07,2026-10-07,BANCO DE CREDITO,11.5001,1,217.0
2026-10-06,2026-10-07,2026-10-07,BANCO DE CREDITO,11.5002,1,33.0
2026-10-06,2026-10-07,2026-10-07,BANCO DE CREDITO,11.5003,4,419.0
2026-10-06,2026-10-07,2026-10-07,BANCO DE CREDITO,11.5004,2,76.0
2026-10-06,2026-10-07,2026-10-07,BANCO DE CREDITO,11.5009,2,52.0
2026-10-06,2026-10-07,2026-10-07,BANCO DE CREDITO,11.502,1,7.0
2026-10-06,2026-10-07,2026-10-07,BANCO DE CREDITO,11.5026,1,10.0
2026-10-06,2026-10-07,2026-10-07,BANCO DE CREDITO,11.5029,1,17.0
2026-10-06,2026-10-07,2026-10-07,BANCO DE CREDITO,11.5036,1,11.0
2026-10-06,2026-10-07,2026-10-07,BANCO DE CREDITO,11.5044,2,14.0
2026-10-06,2026-10-07,2026-10-07,BANCO DE CREDITO,11.5056,1,1.0
2026-10-06,2026-10-07,2026-10-07,BANCO DE CREDITO,11.5108,1,1.0
2026-10-06,2026-10-07,2026-10-07,BANCO DE CREDITO,11.5152,1,3.0
2026-10-06,2026-10-07,2026-10-07,BANCO PYME DE LA COMUNIDAD,11.57,1,1025.0
2026-10-06,2026-10-07,2026-10-07,BANCO BISA,11.67,3,3500.0
2026-10-06,2026-10-07,2026-10-07,BANCO FORTALEZA,11.67,4,187.0
2026-10-06,2026-10-07,2026-10-07,BANCO PRODEM,11.67,17,20933.0
2026-10-06,2026-10-07,2026-10-07,BANCO BISA,11.7,2,37852.0
2026-10-06,2026-10-07,2026-10-07,BANCO DE CREDITO,11.7,1,17400.0
2026-10-06,2026-10-07,2026-10-07,BANCO PRODEM,11.7,4,313.0
2026-10-06,2026-10-07,2026-10-07,BANCO NACIONAL DE BOLIVIA,11.77,1,100000.0
2026-10-06,2026-10-07,2026-10-07,BANCO BISA,11.8,3,142052.0
2026-10-06,2026-10-07,2026-10-07,BANCO DE CREDITO,11.8,1,249915.0
2026-10-06,2026-10-07,2026-10-07,BANCO GANADERO,11.8,1,612309.0
2026-10-06,2026-10-07,2026-10-07,BANCO MERCANTIL SANTA CRUZ,11.8,2,66200.0
2026-10-06,2026-10-07,2026-10-07,BANCO NACIONAL DE BOLIVIA,11.8,1,111247.0
2026-10-06,2026-10-07,2026-10-07,BANCO SOLIDARIO,11.8,2,175042.0
2026-10-06,2026-10-07,2026-10-07,BANCO SOLIDARIO,11.82,1,373219.0
2026-10-06,2026-10-07,2026-10-07,BANCO BISA,11.85,1,200000.0
2026-10-06,2026-10-07,2026-10-07,BANCO DE CREDITO,11.85,10,197819.0
2026-10-06,2026-10-07,2026-10-07,BANCO GANADERO,11.85,1,188152.0
2026-10-06,2026-10-07,2026-10-07,BANCO DE CREDITO,11.86,1,1935.0
2026-10-06,2026-10-07,2026-10-07,BANCO BISA,11.87,3,253126.0
2026-10-06,2026-10-07,2026-10-07,BANCO FORTALEZA,11.87,1,40244.0
2026-10-06,2026-10-07,2026-10-07,BANCO MERCANTIL SANTA CRUZ,11.87,1,72800.0
2026-10-06,2026-10-07,2026-10-07,BANCO NACIONAL DE BOLIVIA,11.87,1,40000.0
2026-10-06,2026-10-07,2026-10-07,BANCO BISA,11.88,1,100000.0
2026-10-06,2026-10-07,2026-10-07,BANCO MERCANTIL SANTA CRUZ,11.89,1,174932.0
2026-10-06,2026-10-07,2026-10-07,BANCO BISA,11.9,323,1881550.0
2026-10-06,2026-10-07,2026-10-07,BANCO DE CREDITO,11.9,5,1251035.0
2026-10-06,2026-10-07,2026-10-07,BANCO ECONOMICO,11.9,1,9875.0
2026-10-06,2026-10-07,2026-10-07,BANCO GANADERO,11.9,12,5664.0
2026-10-06,2026-10-07,2026-10-07,BANCO NACIONAL DE BOLIVIA,11.9,1,214286.0
2026-10-06,2026-10-07,2026-10-07,BANCO SOLIDARIO,11.9,2,58275.0
2026-10-06,2026-10-07,2026-10-07,BANCO BISA,11.91,3,1000000.0
2026-10-06,2026-10-07,2026-10-07,BANCO BISA,11.915,1,147000.0
2026-10-06,2026-10-07,2026-10-07,BANCO DE CREDITO,11.92,2,260466.0
2026-10-06,2026-10-07,2026-10-07,BANCO FIE,11.92,1,90000.0
2026-10-06,2026-10-07,2026-10-07,BANCO GANADERO,11.92,1,5432.0
2026-10-06,2026-10-07,2026-10-07,BANCO MERCANTIL SANTA CRUZ,11.92,1,30733.0
2026-10-06,2026-10-07,2026-10-07,BANCO ECONOMICO,11.93,1,129375.0
2026-10-06,2026-10-07,2026-10-07,BANCO DE CREDITO,11.94,4,1449775.0
2026-10-06,2026-10-07,2026-10-07,BANCO BISA,11.95,3,625000.0
2026-10-06,2026-10-07,2026-10-07,BANCO DE CREDITO,11.95,2,2630.0
2026-10-06,2026-10-07,2026-10-07,BANCO DE LA NACIÓN ARGENTINA,11.95,1,23475.0
2026-10-06,2026-10-07,2026-10-07,BANCO ECONOMICO,11.95,2,95000.0
2026-10-06,2026-10-07,2026-10-07,BANCO GANADERO,11.95,19,105877.0
2026-10-06,2026-10-07,2026-10-07,BANCO NACIONAL DE BOLIVIA,11.95,1,136576.0
2026-10-06,2026-10-07,2026-10-07,BANCO BISA,11.96,1,800000.0
2026-10-06,2026-10-07,2026-10-07,BANCO ECONOMICO,11.96,1,399990.0
2026-10-06,2026-10-07,2026-10-07,BANCO GANADERO,11.96,4,359.0
2026-10-06,2026-10-07,2026-10-07,BANCO MERCANTIL SANTA CRUZ,11.96,1,107940.0
2026-10-06,2026-10-07,2026-10-07,BANCO NACIONAL DE BOLIVIA,11.96,29,1255.0
2026-10-06,2026-10-07,2026-10-07,BANCO MERCANTIL SANTA CRUZ,11.965,2,350000.0
2026-10-06,2026-10-07,2026-10-07,BANCO BISA,11.97,7,4749991.0
2026-10-06,2026-10-07,2026-10-07,BANCO DE CREDITO,11.97,2,4120.0
2026-10-06,2026-10-07,2026-10-07,BANCO GANADERO,11.97,163,1349765.0
2026-10-06,2026-10-07,2026-10-07,BANCO MERCANTIL SANTA CRUZ,11.97,1,1837928.0
2026-10-06,2026-10-07,2026-10-07,BANCO NACIONAL DE BOLIVIA,11.97,4,132348.0
2026-10-06,2026-10-07,2026-10-07,BANCO UNION,11.97,1,863900.0
2026-10-06,2026-10-07,2026-10-07,BANCO GANADERO,11.98,1,40112.0
2026-10-06,2026-10-07,2026-10-07,BANCO MERCANTIL SANTA CRUZ,11.98,8,1682909.0
2026-10-06,2026-10-07,2026-10-07,BANCO NACIONAL DE BOLIVIA,11.99,11,564.0
2026-10-06,2026-10-07,2026-10-07,BANCO NACIONAL DE BOLIVIA,11.998,1,1300.0
2026-10-06,2026-10-07,2026-10-07,BANCO BISA,12.0,2,1051481.0
2026-10-06,2026-10-07,2026-10-07,BANCO DE CREDITO,12.0,938,61238.0
2026-10-06,2026-10-07,2026-10-07,BANCO FORTALEZA,12.0,1,49975.0
2026-10-06,2026-10-07,2026-10-07,BANCO GANADERO,12.0,63,709676.0
2026-10-06,2026-10-07,2026-10-07,BANCO MERCANTIL SANTA CRUZ,12.0,1,62720.0
2026-10-06,2026-10-07,2026-10-07,BANCO NACIONAL DE BOLIVIA,12.0,21,26.0
2026-10-06,2026-10-07,2026-10-07,BANCO BISA,12.01,3,1576758.0
2026-10-06,2026-10-07,2026-10-07,BANCO FORTALEZA,12.01,2,799982.0
2026-10-06,2026-10-07,2026-10-07,BANCO GANADERO,12.01,1,499980.0
2026-10-06,2026-10-07,2026-10-07,BANCO ECONOMICO,12.02,1,299980.0
2026-10-06,2026-10-07,2026-10-07,BANCO GANADERO,12.02,1,83.0
2026-10-06,2026-10-07,2026-10-07,BANCO BISA,12.03,2,2500000.0
2026-10-06,2026-10-07,2026-10-07,BANCO BISA,12.05,15,4837.0
2026-10-06,2026-10-07,2026-10-07,BANCO FORTALEZA,12.05,1,703348.0
2026-10-06,2026-10-07,2026-10-07,BANCO GANADERO,12.05,3,1830950.0
2026-10-06,2026-10-07,2026-10-07,BANCO MERCANTIL SANTA CRUZ,12.05,1,500000.0
2026-10-06,2026-10-07,2026-10-07,BANCO MERCANTIL SANTA CRUZ,12.052,1,844461.0
2026-10-06,2026-10-07,2026-10-07,BANCO FIE,12.06,2,1000000.0
2026-10-06,2026-10-07,2026-10-07,BANCO FIE,12.065,1,499975.0
2026-10-06,2026-10-07,2026-10-07,BANCO GANADERO,12.09,1,2116758.0
2026-10-06,2026-10-07,2026-10-07,BANCO DE CREDITO,12.125,1,0.0
2026-10-06,2026-10-07,2026-10-07,BANCO NACIONAL DE BOLIVIA,12.15,1,50.0
2026-10-06,2026-10-07,2026-10-07,BANCO DE CREDITO,12.17,1,3328.0
2026-10-06,2026-10-07,2026-10-07,BANCO FORTALEZA,12.17,1,341239.0
2026-10-06,2026-10-07,2026-10-07,BANCO DE CREDITO,12.22,2,4400.0
2026-10-06,2026-10-07,2026-10-07,BANCO DE CREDITO,12.27,1,3260.0
2026-10-06,2026-10-07,2026-10-07,BANCO GANADERO,12.27,2,23.0
2026-10-06,2026-10-07,2026-10-07,BANCO DE CREDITO,12.57,1,200.0
2026-10-06,2026-10-07,2026-10-07,BANCO GANADERO,12.58,1,954.0
2026-10-06,2026-10-07,2026-10-07,BANCO MERCANTIL SANTA CRUZ,12.6,1,401.0
2026-10-07,2026-10-08,2026-10-08,BANCO GANADERO,8.1,1,2414.0
2026-10-07,2026-10-08,2026-10-08,BANCO GANADERO,8.2,1,1154.0
2026-10-07,2026-10-08,2026-10-08,BANCO GANADERO,10.0,32,13432.0
2026-10-07,2026-10-08,2026-10-08,BANCO SOLIDARIO,10.77,30,7100.0
2026-10-07,2026-10-08,2026-10-08,BANCO MERCANTIL SANTA CRUZ,10.87,253,9601015.0
2026-10-07,2026-10-08,2026-10-08,BANCO PYME ECOFUTURO,10.97,1,7.0
2026-10-07,2026-10-08,2026-10-08,BANCO UNION,10.97,36,5865.0
2026-10-07,2026-10-08,2026-10-08,BANCO GANADERO,11.0,1,19970.0
2026-10-07,2026-10-08,2026-10-08,BANCO MERCANTIL SANTA CRUZ,11.0,1,1000.0
2026-10-07,2026-10-08,2026-10-08,BANCO UNION,11.0,2,36.0
2026-10-07,2026-10-08,2026-10-08,BANCO ECONOMICO,11.07,27,37452.0
2026-10-07,2026-10-08,2026-10-08,BANCO FIE,11.07,15,10676.0
2026-10-07,2026-10-08,2026-10-08,BANCO DE CREDITO,11.1111,1,0.0
2026-10-07,2026-10-08,2026-10-08,BANCO BISA,11.27,42,72225.0
2026-10-07,2026-10-08,2026-10-08,BANCO DE LA NACIÓN ARGENTINA,11.27,22,303772.0
2026-10-07,2026-10-08,2026-10-08,BANCO BISA,11.3,1,0.0
2026-10-07,2026-10-08,2026-10-08,BANCO BISA,11.37,1,3477.0
2026-10-07,2026-10-08,2026-10-08,BANCO DE CREDITO,11.4245,1,1.0
2026-10-07,2026-10-08,2026-10-08,BANCO DE CREDITO,11.4504,2,4.0
2026-10-07,2026-10-08,2026-10-08,BANCO DE CREDITO,11.4583,1,2.0
2026-10-07,2026-10-08,2026-10-08,BANCO DE CREDITO,11.465,1,8.0
2026-10-07,2026-10-08,2026-10-08,BANCO DE CREDITO,11.4664,1,14.0
2026-10-07,2026-10-08,2026-10-08,BANCO DE CREDITO,11.4679,3,50.0
2026-10-07,2026-10-08,2026-10-08,BANCO DE CREDITO,11.4696,1,131.0
2026-10-07,2026-10-08,2026-10-08,BANCO DE CREDITO,11.4698,1,12.0
2026-10-07,2026-10-08,2026-10-08,BANCO DE CREDITO,11.4699,1,349.0
2026-10-07,2026-10-08,2026-10-08,BANCO DE CREDITO,11.47,85,113116.0
2026-10-07,2026-10-08,2026-10-08,BANCO NACIONAL DE BOLIVIA,11.47,233,1082490.0
2026-10-07,2026-10-08,2026-10-08,BANCO DE CREDITO,11.4701,2,394.0
2026-10-07,2026-10-08,2026-10-08,BANCO DE CREDITO,11.4704,1,56.0
2026-10-07,2026-10-08,2026-10-08,BANCO DE CREDITO,11.4709,1,11.0
2026-10-07,2026-10-08,2026-10-08,BANCO DE CREDITO,11.4712,1,35.0
2026-10-07,2026-10-08,2026-10-08,BANCO DE CREDITO,11.4716,1,31.0
2026-10-07,2026-10-08,2026-10-08,BANCO DE CREDITO,11.4723,1,16.0
2026-10-07,2026-10-08,2026-10-08,BANCO DE CREDITO,11.4727,1,13.0
2026-10-07,2026-10-08,2026-10-08,BANCO DE CREDITO,11.4737,1,0.0
2026-10-07,2026-10-08,2026-10-08,BANCO DE CREDITO,11.4749,1,3.0
2026-10-07,2026-10-08,2026-10-08,BANCO DE CREDITO,11.475,2,1.0
2026-10-07,2026-10-08,2026-10-08,BANCO DE CREDITO,11.4943,2,3.0
2026-10-07,2026-10-08,2026-10-08,BANCO DE CREDITO,11.5,5,47258.0
2026-10-07,2026-10-08,2026-10-08,BANCO MERCANTIL SANTA CRUZ,11.5,1,9983.0
2026-10-07,2026-10-08,2026-10-08,BANCO DE CREDITO,11.5002,1,25.0
2026-10-07,2026-10-08,2026-10-08,BANCO MERCANTIL SANTA CRUZ,11.53,2,1000000.0
2026-10-07,2026-10-08,2026-10-08,BANCO BISA,11.57,1,4332.0
2026-10-07,2026-10-08,2026-10-08,BANCO FORTALEZA,11.57,1,1000.0
2026-10-07,2026-10-08,2026-10-08,BANCO BISA,11.6,3,50759.0
2026-10-07,2026-10-08,2026-10-08,BANCO FORTALEZA,11.6,4,36945.0
2026-10-07,2026-10-08,2026-10-08,BANCO MERCANTIL SANTA CRUZ,11.6,1,50000.0
2026-10-07,2026-10-08,2026-10-08,BANCO DE CREDITO,11.65,1,24941.0
2026-10-07,2026-10-08,2026-10-08,BANCO BISA,11.67,4,1550.0
2026-10-07,2026-10-08,2026-10-08,BANCO PRODEM,11.67,14,26275.0
2026-10-07,2026-10-08,2026-10-08,BANCO BISA,11.7,4,62285.0
2026-10-07,2026-10-08,2026-10-08,BANCO FIE,11.7,1,999975.0
2026-10-07,2026-10-08,2026-10-08,BANCO MERCANTIL SANTA CRUZ,11.7,1,110000.0
2026-10-07,2026-10-08,2026-10-08,BANCO BISA,11.73,1,300000.0
2026-10-07,2026-10-08,2026-10-08,BANCO FORTALEZA,11.73,1,44660.0
2026-10-07,2026-10-08,2026-10-08,BANCO GANADERO,11.75,1,285436.0
2026-10-07,2026-10-08,2026-10-08,BANCO MERCANTIL SANTA CRUZ,11.77,1,48440.0
2026-10-07,2026-10-08,2026-10-08,BANCO NACIONAL DE BOLIVIA,11.77,2,98745.0
2026-10-07,2026-10-08,2026-10-08,BANCO BISA,11.79,1,235417.0
2026-10-07,2026-10-08,2026-10-08,BANCO BISA,11.8,4,1669090.0
2026-10-07,2026-10-08,2026-10-08,BANCO DE CREDITO,11.8,2,135585.0
2026-10-07,2026-10-08,2026-10-08,BANCO FIE,11.8,1,23905.0
2026-10-07,2026-10-08,2026-10-08,BANCO GANADERO,11.8,1,291554.0
2026-10-07,2026-10-08,2026-10-08,BANCO MERCANTIL SANTA CRUZ,11.8,1,28000.0
2026-10-07,2026-10-08,2026-10-08,BANCO SOLIDARIO,11.8,2,80584.0
2026-10-07,2026-10-08,2026-10-08,BANCO BISA,11.82,1,150000.0
2026-10-07,2026-10-08,2026-10-08,BANCO SOLIDARIO,11.82,1,39875.0
2026-10-07,2026-10-08,2026-10-08,BANCO BISA,11.85,1,100000.0
2026-10-07,2026-10-08,2026-10-08,BANCO DE CREDITO,11.85,4,215166.0
2026-10-07,2026-10-08,2026-10-08,BANCO GANADERO,11.85,2,1321103.0
2026-10-07,2026-10-08,2026-10-08,BANCO SOLIDARIO,11.85,6,3011872.0
2026-10-07,2026-10-08,2026-10-08,BANCO DE CREDITO,11.87,1,149975.0
2026-10-07,2026-10-08,2026-10-08,BANCO FORTALEZA,11.87,6,7145.0
2026-10-07,2026-10-08,2026-10-08,BANCO NACIONAL DE BOLIVIA,11.87,1,106752.0
2026-10-07,2026-10-08,2026-10-08,BANCO BISA,11.9,232,984241.0
2026-10-07,2026-10-08,2026-10-08,BANCO DE CREDITO,11.9,5,178623.0
2026-10-07,2026-10-08,2026-10-08,BANCO ECONOMICO,11.9,3,874950.0
2026-10-07,2026-10-08,2026-10-08,BANCO GANADERO,11.9,6,2301956.0
2026-10-07,2026-10-08,2026-10-08,BANCO NACIONAL DE BOLIVIA,11.9,4,1543322.0
2026-10-07,2026-10-08,2026-10-08,BANCO SOLIDARIO,11.9,2,1085310.0
2026-10-07,2026-10-08,2026-10-08,BANCO DE CREDITO,11.92,1,2000000.0
2026-10-07,2026-10-08,2026-10-08,BANCO ECONOMICO,11.92,3,1460624.0
2026-10-07,2026-10-08,2026-10-08,BANCO GANADERO,11.92,1,28034.0
2026-10-07,2026-10-08,2026-10-08,BANCO MERCANTIL SANTA CRUZ,11.92,1,36893.0
2026-10-07,2026-10-08,2026-10-08,BANCO NACIONAL DE BOLIVIA,11.92,1,43360.0
2026-10-07,2026-10-08,2026-10-08,BANCO NACIONAL DE BOLIVIA,11.93,1,400000.0
2026-10-07,2026-10-08,2026-10-08,BANCO BISA,11.95,1,350000.0
2026-10-07,2026-10-08,2026-10-08,BANCO DE CREDITO,11.95,3,450740.0
2026-10-07,2026-10-08,2026-10-08,BANCO ECONOMICO,11.95,1,200000.0
2026-10-07,2026-10-08,2026-10-08,BANCO FIE,11.95,1,80000.0
2026-10-07,2026-10-08,2026-10-08,BANCO GANADERO,11.95,17,150283.0
2026-10-07,2026-10-08,2026-10-08,BANCO FIE,11.955,1,349905.0
2026-10-07,2026-10-08,2026-10-08,BANCO BISA,11.96,1,60000.0
2026-10-07,2026-10-08,2026-10-08,BANCO GANADERO,11.96,1,12125.0
2026-10-07,2026-10-08,2026-10-08,BANCO NACIONAL DE BOLIVIA,11.96,22,1476.0
2026-10-07,2026-10-08,2026-10-08,BANCO NACIONAL DE BOLIVIA,11.968,1,1300.0
2026-10-07,2026-10-08,2026-10-08,BANCO BISA,11.97,3,1011.0
2026-10-07,2026-10-08,2026-10-08,BANCO DE CREDITO,11.97,549,39215.0
2026-10-07,2026-10-08,2026-10-08,BANCO ECONOMICO,11.97,1,1000000.0
2026-10-07,2026-10-08,2026-10-08,BANCO GANADERO,11.97,151,1725987.0
2026-10-07,2026-10-08,2026-10-08,BANCO NACIONAL DE BOLIVIA,11.97,19,1354.0
2026-10-07,2026-10-08,2026-10-08,BANCO NACIONAL DE BOLIVIA,11.99,1,252000.0
2026-10-07,2026-10-08,2026-10-08,BANCO BISA,12.0,2,500133.0
2026-10-07,2026-10-08,2026-10-08,BANCO DE CREDITO,12.0,368,14679.0
2026-10-07,2026-10-08,2026-10-08,BANCO GANADERO,12.0,24,24589.0
2026-10-07,2026-10-08,2026-10-08,BANCO UNION,12.0,1,1000000.0
2026-10-07,2026-10-08,2026-10-08,BANCO FIE,12.0135,1,1000000.0
2026-10-07,2026-10-08,2026-10-08,BANCO GANADERO,12.02,1,50.0
2026-10-07,2026-10-08,2026-10-08,BANCO FIE,12.03,1,574062.0
2026-10-07,2026-10-08,2026-10-08,BANCO UNION,12.03,1,1007535.0
2026-10-07,2026-10-08,2026-10-08,BANCO BISA,12.05,2,1499.0
2026-10-07,2026-10-08,2026-10-08,BANCO FORTALEZA,12.05,1,870790.0
2026-10-07,2026-10-08,2026-10-08,BANCO NACIONAL DE BOLIVIA,12.15,2,791.0
2026-10-07,2026-10-08,2026-10-08,BANCO DE CREDITO,12.2,1,1360.0
2026-10-07,2026-10-08,2026-10-08,BANCO GANADERO,12.27,1,1.0
2026-10-07,2026-10-08,2026-10-08,BANCO DE CREDITO,12.32,1,28628.0
